trade_no,symbol,entry_time,exit_time,entry_price,exit_price,quantity,entry_value,exit_value,pnl_value,pnl_pct,exit_reason,entry_delay_bars,exit_delay_bars,entry_price_penalty,exit_price_penalty,pnl_pct_display
1,BIDU,2010-10-20,2010-12-09,101.91093061065673,107.80380151748658,98,9997.258471044202,10554.20777616497,556.9493051207683,0.055710203625714216,Leader rotation,0,0,0.0,0.005,+5.57%
2,BKNG,2010-12-09,2011-02-17,16.806800079345702,18.210885932922363,627,10548.401513399504,11406.80725446238,858.4057410628757,0.08137780307020481,Leader rotation,0,0,0.0,0.005,+8.14%
3,NVDA,2011-02-17,2011-03-02,0.5682840186059475,0.5375272352993489,19609,11154.624802164868,10529.831185427947,-624.7936167369207,-0.05601206923747559,Supertrend down,0,0,0.0,0.005,-5.60%
4,NFLX,2011-04-21,2011-06-23,3.4894579092264175,3.4827390929460527,3085,10775.74262761346,10733.505851636834,-42.23677597662572,-0.003919616256274683,Supertrend down,0,0,0.0,0.005,-0.39%
5,BIIB,2011-06-30,2011-08-09,109.21458366394042,86.43199864196778,98,10713.732228265226,8461.86553104593,-2251.866697219295,-0.21018508296094673,Supertrend down,0,0,0.0,0.005,-21.02%
6,DLTR,2011-09-16,2011-10-24,37.77887832069397,39.89436916923523,224,8470.931212579284,8927.402355214783,456.47114263549884,0.053886772443346276,Leader rotation,0,0,0.0,0.005,+5.39%
7,BIIB,2011-10-24,2011-12-02,108.68431225204468,116.4161675720215,82,8921.02571827233,9536.579615164856,615.5538968925248,0.06900034999694338,Leader rotation,0,0,0.0,0.005,+6.90%
8,DLTR,2011-12-02,2012-01-18,41.350666831970216,41.65463083076477,231,9561.556042223303,9612.597502184755,51.04145996145235,0.005338195973130011,Leader rotation,0,0,0.0,0.005,+0.53%
9,FAST,2012-01-18,2012-01-26,11.355675381660461,11.715209734439851,827,9400.534684173834,9678.789971931375,278.25528775754174,0.029599942674111368,Leader rotation,0,0,0.0,0.005,+2.96%
10,MNST,2012-01-26,2012-02-15,9.032013902664184,9.140283509731294,1089,9845.699003141297,9943.814973355282,98.11597021398484,0.009965363574762964,Leader rotation,0,0,0.0,0.005,+1.00%
11,STX,2012-02-15,2012-04-17,26.623305610656736,28.74104962062836,375,9993.723343600272,10767.1157141279,773.3923705276284,0.07738781072250611,Supertrend down,0,0,0.0,0.005,+7.74%
12,MNST,2012-06-20,2012-07-05,12.714687181949614,12.388155278205872,846,10767.381981285302,10469.898985996804,-297.4829952884975,-0.027628164005470413,Supertrend down,0,0,0.0,0.005,-2.76%
13,AAPL,2012-07-05,2012-07-20,21.459294536590576,21.773511920928957,487,10461.127115758929,10593.09660518691,131.9694894279819,0.012615226635491306,Leader rotation,0,0,0.0,0.005,+1.26%
14,STX,2012-07-20,2012-08-10,27.093539923667905,32.4505360622406,390,10577.047050800711,12643.05335520956,2066.0063044088492,0.19532921565782835,Leader rotation,0,0,0.0,0.005,+19.53%
15,EXPE,2012-08-10,2012-08-23,55.947958168029785,51.216750000000005,226,12656.882784520705,11563.410514500001,-1093.472270020704,-0.08639348950580583,Supertrend down,0,0,0.0,0.005,-8.64%
16,STX,2012-08-23,2012-09-13,34.767375,29.94439560699463,331,11519.509126125,9901.683350969306,-1617.825775155694,-0.14044224953011586,Supertrend down,0,0,0.0,0.005,-14.04%
17,VRTX,2012-09-13,2012-09-21,56.007989542007444,57.86995363426209,177,9923.32756308425,10232.738811471125,309.4112483868739,0.031180190961136223,Leader rotation,0,0,0.0,0.005,+3.12%
18,EXPE,2012-09-21,2012-10-18,59.009489542007444,53.90190075874329,173,10218.850332458054,9315.703802431326,-903.1465300267282,-0.08838044404643752,Supertrend down,0,0,0.0,0.005,-8.84%
19,BBBY,2012-11-26,2013-02-05,14.647320343494414,13.306410113811493,638,9354.335369528584,8481.00016295912,-873.3352065694635,-0.09336154542997488,Supertrend down,0,0,0.0,0.005,-9.34%
20,SIRI,2013-02-05,2013-02-14,31.315649236679075,31.625099241256716,267,8369.639624539504,8435.457595918127,65.81797137862304,0.007863895499830909,Leader rotation,0,0,0.0,0.005,+0.79%
21,GILD,2013-02-14,2013-05-01,41.20059030532837,50.17252575874329,207,8537.050715396175,10375.3271192278,1838.2764038316254,0.21532921205638145,Leader rotation,0,0,0.0,0.005,+21.53%
22,BBBY,2013-05-01,2013-07-10,20.810399236679075,27.328859544754028,499,10394.77360832196,13623.463811919428,3228.690203597467,0.3106070728671384,Leader rotation,0,0,0.0,0.005,+31.06%
23,NFLX,2013-07-10,2013-09-04,3.509611012816429,4.103591456651688,3849,13522.001281118764,15778.928793135694,2256.9275120169295,0.16690780196629285,Leader rotation,0,0,0.0,0.005,+16.69%
24,MU,2013-09-04,2013-10-02,14.977485267162322,17.552924620628357,1059,15877.018054822822,18569.95862607218,2692.940571249359,0.16961249032725934,Leader rotation,0,0,0.0,0.005,+16.96%
25,TSLA,2013-10-02,2013-10-16,12.57895345544815,12.258870164394379,1445,18194.7643308657,17696.353320162325,-498.4110107033739,-0.02739310065466838,Supertrend down,0,0,0.0,0.005,-2.74%
26,META,2013-10-16,2013-11-11,50.0650209159851,46.781280910491944,360,18041.43093728439,16824.41986664932,-1217.0110706350679,-0.06745646034760999,Supertrend down,0,0,0.0,0.005,-6.75%
27,NFLX,2013-11-11,2013-11-15,4.755947818994522,4.895781095266343,3541,16857.652038286662,17318.62489747978,460.9728591931198,0.027345021604798347,Leader rotation,0,0,0.0,0.005,+2.73%
28,MU,2013-11-15,2013-12-19,19.389689160346983,21.61048454475403,892,17312.898333760535,19257.275661706673,1944.3773279461384,0.11230801974702054,Leader rotation,0,0,0.0,0.005,+11.23%
29,META,2013-12-19,2014-03-03,54.35716683197021,66.59171908950806,349,18989.621875581957,23217.269452276076,4227.6475766941185,0.22262937115826897,Leader rotation,0,0,0.0,0.005,+22.26%
30,ILMN,2014-03-03,2014-03-20,166.90247080993652,155.31807396698,140,23389.712259304502,21722.785825021823,-1666.926434282679,-0.07126750495271994,Supertrend down,0,0,0.0,0.005,-7.13%
31,META,2014-03-20,2014-03-31,68.04400713729858,60.44570878601075,320,21795.85636621948,19323.284184711916,-2472.572181507563,-0.11344230481073014,Supertrend down,0,0,0.0,0.005,-11.34%
32,ILMN,2014-05-27,2014-06-26,156.55683121490478,165.81449823760988,123,19275.746729672715,20374.78809994279,1099.0413702700753,0.057016798658089396,Leader rotation,0,0,0.0,0.005,+5.70%
33,TSLA,2014-06-26,2014-07-15,15.819238368988037,15.03219827413559,1291,20443.05937109792,19387.161403937138,-1055.8979671607813,-0.05165068241466797,Supertrend down,0,0,0.0,0.005,-5.17%
34,ILMN,2014-07-15,2014-07-24,172.4694618988037,177.41377104949953,112,19335.89631239868,19850.472015186406,514.5757027877262,0.026612456669917517,Supertrend down,0,0,0.0,0.005,+2.66%
35,VRTX,2014-07-24,2014-08-07,97.91893774795531,86.46183242797852,200,19603.371337140652,17275.074119110108,-2328.297218030544,-0.11877024507612832,Supertrend down,0,0,0.0,0.005,-11.88%
36,TSLA,2014-08-19,2014-09-08,17.2666284198761,18.406205423355104,1013,17508.58568392382,18626.84060776486,1118.254923841043,0.06386894658589193,Leader rotation,0,0,0.0,0.005,+6.39%
37,AVGO,2014-09-08,2014-10-09,8.811403660297394,8.246393817901613,2120,18698.855935590305,17464.872539057465,-1233.9833965328398,-0.06599245433963408,Supertrend down,0,0,0.0,0.005,-6.60%
38,MNST,2014-10-22,2014-11-03,16.45322219467163,16.7158866147995,1060,17457.85594187828,17701.120971875782,243.265029997503,0.013934416162408203,Leader rotation,0,0,0.0,0.005,+1.39%
39,GILD,2014-11-03,2014-11-24,112.36615255737304,100.55389560699463,157,17659.127437459072,15771.174648687858,-1887.9527887712138,-0.10691087628522522,Supertrend down,0,0,0.0,0.005,-10.69%
40,VRTX,2014-11-24,2015-02-06,111.60577805328369,106.53084273147583,141,15752.15112021851,15005.827976312954,-746.3231439055562,-0.04737912544196077,Supertrend down,0,0,0.0,0.005,-4.74%
41,MNST,2015-02-13,2015-04-23,19.944966965675352,23.204998735427857,755,15073.508509143974,17502.254271202783,2428.7457620588084,0.16112677155324984,Leader rotation,0,0,0.0,0.005,+16.11%
42,EA,2015-04-23,2015-07-17,59.789878320693965,72.54877196502686,292,17476.103114112277,21163.057172374058,3686.954058261781,0.21097117785283026,Leader rotation,0,0,0.0,0.005,+21.10%
43,NFLX,2015-07-17,2015-08-28,11.73986720609665,11.571007727622986,1803,21188.14755316485,20841.664405971336,-346.483147193514,-0.01635268710132043,Supertrend down,0,0,0.0,0.005,-1.64%
44,AMZN,2015-08-28,2015-10-06,25.8879375,27.124987120628358,804,20834.715651749997,21786.681155340215,951.9655035902178,0.04569131249507885,Supertrend down,0,0,0.0,0.005,+4.57%
45,AMZN,2015-10-16,2015-11-05,28.277631963729856,32.17704704475403,770,21795.55038868406,24751.549898236146,2955.9995095520862,0.13562399007307469,Leader rotation,0,0,0.0,0.005,+13.56%
46,NFLX,2015-11-05,2015-12-11,11.380687499999999,12.078202955245972,2157,24572.691080437493,26026.631090691095,1453.940010253602,0.059168936991646603,Leader rotation,0,0,0.0,0.005,+5.92%
47,NVDA,2015-12-11,2016-01-13,0.8166581512391566,0.7560685974955559,32057,26205.789964627915,24213.05373888512,-1992.7362257427958,-0.07604183000903819,Supertrend down,0,0,0.0,0.005,-7.60%
48,NVDA,2016-03-02,2017-01-10,0.8146571173667907,2.680426159143448,29529,24080.066028742684,79071.15374929353,54991.087720550844,2.2836767829005056,Supertrend down,0,0,0.0,0.005,+228.37%
49,MU,2017-01-10,2017-01-30,22.371180610656737,23.688989696502688,3536,79183.5991339215,83680.50329926667,4496.904165345171,0.0567908533399657,Leader rotation,0,0,0.0,0.005,+5.68%
50,STX,2017-01-30,2017-02-03,44.42220152664184,45.060796365737914,1882,83686.18585641307,84719.61434155844,1033.4284851453704,0.012348853930546078,Leader rotation,0,0,0.0,0.005,+1.23%
51,NVDA,2017-02-03,2017-02-21,2.887693144083023,2.690868363618851,29314,84734.48666247538,78801.23509591188,-5933.2515665635,-0.07002168538764553,Supertrend down,0,0,0.0,0.005,-7.00%
52,MU,2017-02-21,2017-03-21,23.631810839653014,26.155349241256715,3331,78796.27946879106,87036.34485430349,8240.065385512426,0.10457429514519245,Leader rotation,0,0,0.0,0.005,+10.46%
53,INCY,2017-03-21,2017-04-07,148.43418061065674,138.7128557510376,585,86920.82965289142,81065.87359374264,-5854.9560591487825,-0.06735964305138242,Supertrend down,0,0,0.0,0.005,-6.74%
54,WDC,2017-04-07,2017-04-25,63.56918325805664,65.39795792770386,1245,79222.77678943679,81339.03716237131,2116.2603729345283,0.026712777040866165,Leader rotation,0,0,0.0,0.005,+2.67%
55,CSX,2017-04-25,2017-05-12,16.738364542007446,17.26120489883423,4933,82652.92263800844,85064.3742421833,2411.4516041748575,0.029175636229298085,Leader rotation,0,0,0.0,0.005,+2.92%
56,NVDA,2017-05-12,2017-07-11,3.167332901716232,3.8250956819057467,27034,85711.3033426616,103304.22902797532,17592.92568531372,0.20525794147569676,Supertrend down,0,0,0.0,0.005,+20.53%
57,NVDA,2017-07-18,2017-07-20,4.046522124052047,4.125434727430344,25120,101750.28439194361,103527.28943269719,1777.0050407535746,0.017464374191904275,Leader rotation,0,0,0.0,0.005,+1.75%
58,VRTX,2017-07-20,2017-11-01,160.01997244262694,146.5395810699463,656,105078.07502428563,96033.8352167029,-9044.239807582737,-0.08607161680010256,Supertrend down,0,0,0.0,0.005,-8.61%
59,NVDA,2017-11-01,2017-12-06,5.236366741418839,4.616966174125672,18322,96036.65214771223,84507.46218808823,-11529.189959623996,-0.12004989451205728,Supertrend down,0,0,0.0,0.005,-12.00%
60,DLTR,2017-12-19,2018-01-08,109.57475664138794,110.15082212448121,770,84456.93517648257,84731.31690281468,274.3817263321107,0.0032487767376208065,Leader rotation,0,0,0.0,0.005,+0.32%
61,TTWO,2018-01-08,2018-01-22,116.55824999999999,117.12226166152955,726,84705.91078949998,84945.73120430419,239.82041480421321,0.002831212279863049,Leader rotation,0,0,0.0,0.005,+0.28%
62,ALGN,2018-01-22,2018-02-12,269.7748346557617,231.967125,314,84794.00737999108,72764.83957275,-12029.167807241072,-0.1418634191132664,Supertrend down,0,0,0.0,0.005,-14.19%
63,NVDA,2018-02-16,2018-03-13,6.138067728996276,6.252670166730881,11827,72667.52195786979,73876.3797318642,1208.8577739944158,0.016635461639868065,Leader rotation,0,0,0.0,0.005,+1.66%
64,MU,2018-03-13,2018-04-02,62.20108316802978,51.256530910491946,1191,74155.57154317659,60985.48178608152,-13170.08975709507,-0.17760081249494342,Supertrend down,0,0,0.0,0.005,-17.76%
65,NFLX,2018-05-11,2018-07-24,32.981482652664184,36.49218324279785,1848,61010.729722065524,67370.11707805774,6359.387355992214,0.10423391729557108,Supertrend down,0,0,0.0,0.005,+10.42%
66,ALGN,2018-07-24,2018-08-30,379.14947145080566,380.9730466461182,177,67176.56590323937,67364.79702710656,188.23112386718276,0.0028020355214095627,Leader rotation,0,0,0.0,0.005,+0.28%
67,AMZN,2018-08-30,2018-09-05,99.92093769836426,101.3450220565796,675,67514.07957934226,68339.48199830305,825.402418960788,0.012225633884126008,Leader rotation,0,0,0.0,0.005,+1.22%
68,ILMN,2018-09-05,2018-10-11,343.45957731628414,294.8286117095947,198,68073.00130493288,58317.689053381255,-9755.31225155163,-0.14330662765775126,Supertrend down,0,0,0.0,0.005,-14.33%
69,ILMN,2018-12-04,2018-12-24,340.57877362060543,267.0735698547363,171,58297.209259412644,45623.91086471475,-12673.298394697893,-0.2173911677024517,Supertrend down,0,0,0.0,0.005,-21.74%
70,REGN,2019-01-10,2019-01-25,399.5996938934326,408.59033106994633,114,45599.91946895516,46532.718444231905,932.7989752767462,0.020456154005092042,Leader rotation,0,0,0.0,0.005,+2.05%
71,WDAY,2019-01-25,2019-03-05,173.19655561065673,179.3381868209839,270,46809.83308489219,48372.889131223994,1563.0560463318034,0.033391617600881274,Leader rotation,0,0,0.0,0.005,+3.34%
72,SBUX,2019-03-05,2019-03-22,71.22559744262695,71.65372803497314,679,48410.54284420724,48604.22845441102,193.68561020378547,0.004000897300967976,Leader rotation,0,0,0.0,0.005,+0.40%
73,WDAY,2019-03-22,2019-04-26,196.34812499999998,198.85027196502688,247,48546.48486187499,49066.90115818628,520.4162963112904,0.010719958361392834,Leader rotation,0,0,0.0,0.005,+1.07%
74,MELI,2019-04-26,2019-09-04,491.43559744262694,582.777,99,48700.77627096688,57637.228077,8936.451806033117,0.18349711216740117,Supertrend down,0,0,0.0,0.005,+18.35%
75,QCOM,2019-09-06,2019-10-15,78.9994790840149,76.45715726852417,734,58043.603265314596,56063.433881661644,-1980.169383652952,-0.03411520429911441,Supertrend down,0,0,0.0,0.005,-3.41%
76,ASML,2019-10-16,2019-10-25,260.3901397705078,261.0065371398926,209,54475.96075124816,54495.81589597532,19.855144727160223,0.0003644753475358087,Leader rotation,0,0,0.0,0.005,+0.04%
77,LRCX,2019-10-25,2019-11-08,26.51325,26.980784165382385,2116,56158.13903699999,57034.24795465518,876.1089176551832,0.015600746974146595,Leader rotation,0,0,0.0,0.005,+1.56%
78,QCOM,2019-11-08,2019-12-04,90.02499335861205,80.47493817901612,632,56952.69159844545,50809.300768209054,-6143.3908302364,-0.10786831417119691,Supertrend down,0,0,0.0,0.005,-10.79%
79,AMD,2019-12-04,2019-12-17,39.39969106864929,42.27619333076477,1290,50876.427080036134,54481.753107289864,3605.32602725373,0.07086437146189573,Leader rotation,0,0,0.0,0.005,+7.09%
80,TSLA,2019-12-17,2020-02-12,25.278633748054503,51.57278269958496,2142,54200.98032182107,110358.43164196848,56157.451320147404,1.0360965980081853,Supertrend down,0,0,0.0,0.005,+103.61%
81,LRCX,2020-02-12,2020-02-20,32.816399236679075,33.012427196502685,3368,110636.15826176426,111074.66894302322,438.51068125896563,0.0039635385767955444,Leader rotation,0,0,0.0,0.005,+0.40%
82,NVDA,2020-02-20,2020-03-02,7.823159731864929,6.884426382780076,14187,111098.1542830837,97571.68773540843,-13526.46654767527,-0.12175239665286564,Supertrend down,0,0,0.0,0.005,-12.18%
83,REGN,2020-04-15,2020-04-20,525.5626377868653,563.5931168518067,185,97326.31707856063,104160.46189096666,6834.144812406026,0.07021887828026596,Leader rotation,0,0,0.0,0.005,+7.02%
84,TSLA,2020-04-20,2020-07-02,48.8710915775299,80.98412321090699,2092,102340.56190377274,169249.3669714602,66908.80506768746,0.6537857895542871,Leader rotation,0,0,0.0,0.005,+65.38%
85,ZM,2020-07-02,2020-07-09,261.1305,267.5304547119141,608,158926.11134399998,162495.85794837892,3569.7466043789464,0.022461674637291873,Leader rotation,0,0,0.0,0.005,+2.25%
86,TSLA,2020-07-09,2020-07-29,93.17923387527465,99.51629898834229,1874,174792.50216654694,186307.05075984928,11514.548593302345,0.0658755292737383,Leader rotation,0,0,0.0,0.005,+6.59%
87,ZM,2020-07-29,2020-08-18,255.67777805328367,270.2255412139893,728,186319.5558452133,196527.46980978042,10207.913964567124,0.05478713127164947,Supertrend down,0,0,0.0,0.005,+5.48%
88,TSLA,2020-08-18,2020-08-26,126.66263438415527,136.57799494171144,1550,196523.4103787361,211484.19626749307,14960.785888756975,0.076127245400051,Leader rotation,0,0,0.0,0.005,+7.61%
89,ZM,2020-08-26,2020-09-15,293.1465,407.745,718,210689.666187,292468.14908999996,81778.48290299997,0.38814662523797705,Supertrend down,0,0,0.0,0.005,+38.81%
90,ZM,2020-10-13,2020-10-26,494.24699999999996,517.6263240966797,592,292886.81822399993,306128.3490813692,13241.530857369245,0.04521040222179651,Leader rotation,0,0,0.0,0.005,+4.52%
91,ALGN,2020-10-26,2020-11-09,462.9613759918213,498.2445,643,297981.8489275038,320050.84228650003,22068.99335899623,0.07406153575604346,Leader rotation,0,0,0.0,0.005,+7.41%
92,PDD,2020-11-09,2020-11-19,112.63629183197021,133.70058242797853,2749,309946.8034123322,367175.3581934184,57228.55478108622,0.1846399257905984,Leader rotation,0,0,0.0,0.005,+18.46%
93,TSLA,2020-11-19,2021-02-16,164.082,271.16698988342284,2349,385814.0466179999,636334.2879769242,250520.2413589243,0.6493289799968534,Leader rotation,0,0,0.0,0.005,+64.93%
94,MRNA,2021-02-16,2021-03-03,182.50120866394042,145.28650135803224,3467,633364.4221283192,503204.59190808947,-130159.83022022969,-0.20550543363779183,Supertrend down,0,0,0.0,0.005,-20.55%
95,AMAT,2021-04-06,2021-05-17,143.9519448852539,121.32900000000001,3513,506208.88556427887,425802.548223,-80406.33734127885,-0.15884023302287287,Supertrend down,0,0,0.0,0.005,-15.88%
96,MRNA,2021-06-11,2021-07-08,212.0059438934326,214.47387364196777,1959,415734.9637313216,419734.16414615023,3999.200414828607,0.009619591238934522,Leader rotation,0,0,0.0,0.005,+0.96%
97,AMAT,2021-07-08,2021-07-22,131.70581938934325,136.2465,3260,429790.3321804682,443719.42640999996,13929.094229531765,0.03240904503101527,Leader rotation,0,0,0.0,0.005,+3.24%
98,MRNA,2021-07-22,2021-09-07,319.1595,407.24775,1389,443755.8580454999,565101.45762525,121345.5995797501,0.2734512623995784,Supertrend down,0,0,0.0,0.005,+27.35%
99,NVDA,2021-09-07,2021-10-05,22.84441668319702,19.84027575874329,24712,565095.7563002399,489802.6016555141,-75293.15464472584,-0.1332396391324553,Supertrend down,0,0,0.0,0.005,-13.32%
100,TEAM,2021-10-19,2021-11-05,415.2075,444.91941485595703,1178,489603.54943499994,523590.9556296171,33987.40619461716,0.06941821854404129,Leader rotation,0,0,0.0,0.005,+6.94%
101,NVDA,2021-11-05,2021-12-20,30.202093774795532,27.154822803497314,17326,523804.7582188494,470013.9754335011,-53790.7827853483,-0.102692428698546,Supertrend down,0,0,0.0,0.005,-10.27%
102,PANW,2022-03-23,2022-03-30,98.1640553627014,101.71248901748658,4713,463109.8401173361,478891.58977867477,15781.74966133869,0.03407776793803419,Leader rotation,0,0,0.0,0.005,+3.41%
103,TSLA,2022-03-30,2022-04-05,363.9051893005371,376.6834459533692,1333,485570.7029549535,501616.9144223853,16046.2114674318,0.03304608653236718,Leader rotation,0,0,0.0,0.005,+3.30%
104,DLTR,2022-04-05,2022-05-06,156.24808316802978,160.09460575103762,3208,501745.09465384256,513069.91175407934,11324.817100236774,0.022570857634492292,Supertrend down,0,0,0.0,0.005,+2.26%
105,VRTX,2022-07-21,2022-08-23,285.9329035491943,290.58295742797856,1792,512904.1549233163,520203.93505122664,7299.780127910315,0.014232249939565511,Leader rotation,0,0,0.0,0.005,+1.42%
106,TMUS,2022-08-23,2022-08-26,144.65229183197022,146.28100135803223,3594,520400.21718094504,525208.184961887,4807.967780941923,0.009238981119160883,Leader rotation,0,0,0.0,0.005,+0.92%
107,CEG,2022-08-26,2022-10-21,82.78136786270142,84.23414696502687,6339,525275.841972546,533426.297353694,8150.455381148029,0.015516524328514691,Supertrend down,0,0,0.0,0.005,+1.55%
108,PDD,2022-11-14,2023-01-17,67.62379133605957,93.9901971244812,7880,533408.3512038775,739902.1105875709,206493.75938369345,0.387121346933633,Leader rotation,0,0,0.0,0.005,+38.71%
109,NFLX,2023-01-17,2023-03-02,33.124555709838866,30.924972667694092,22315,739913.6351257192,689400.674314514,-50512.96081120521,-0.06826872544742668,Supertrend down,0,0,0.0,0.005,-6.83%
110,MELI,2023-03-02,2023-03-22,1195.5974999999999,1217.4668514404298,576,689352.8241599998,700559.6455232578,11206.821363257943,0.016257018134238965,Leader rotation,0,0,0.0,0.005,+1.63%
111,NVDA,2023-03-22,2023-06-13,26.438211736679076,39.96497781944275,26473,700598.6780844103,1056934.864956294,356336.1868718837,0.5086166988584457,Leader rotation,0,0,0.0,0.005,+50.86%
112,META,2023-06-13,2023-06-20,275.0174448852539,277.1969959259033,3839,1056847.762885404,1063095.1080921832,6247.345206779195,0.005911300970844469,Leader rotation,0,0,0.0,0.005,+0.59%
113,NVDA,2023-06-20,2023-08-16,43.019500099182125,44.275140455245975,24689,1063170.5463866561,1092015.8337568683,28845.287370212143,0.027131383077011684,Supertrend down,0,0,0.0,0.005,+2.71%
114,NVDA,2023-08-30,2023-09-27,49.06852071762085,42.097186820983886,22233,1092031.361535979,935010.8078363438,-157020.5536996352,-0.1437875863553777,Supertrend down,0,0,0.0,0.005,-14.38%
115,NVDA,2023-10-12,2023-10-25,46.800388927459714,43.15930981636048,19946,934414.0381046584,859994.7380035289,-74419.30010112945,-0.0796427462199516,Supertrend down,0,0,0.0,0.005,-7.96%
116,META,2023-10-25,2023-11-01,310.155,300.1898310699463,2771,860298.9445049998,830994.1958729264,-29304.748632073402,-0.034063448315555966,Supertrend down,0,0,0.0,0.005,-3.41%
117,CEG,2023-11-06,2023-11-09,119.04949286270141,120.92125135803224,6975,831200.5829300595,842582.3024940526,11381.719563993043,0.013693108255376174,Leader rotation,0,0,0.0,0.005,+1.37%
118,NVDA,2023-11-09,2023-11-22,47.490732553482054,49.57781518363953,17726,842662.5459682659,877937.5355932491,35274.98962498328,0.041861347456057185,Leader rotation,0,0,0.0,0.005,+4.19%
119,ZS,2023-11-22,2023-12-01,193.1265137786865,196.8016043930054,4541,877864.4865680843,892782.4094630888,14917.922895004507,0.016993423385111006,Leader rotation,0,0,0.0,0.005,+1.70%
120,PDD,2023-12-01,2024-02-05,143.39166732788084,121.13010303497315,6066,870683.6678649359,734040.4298051369,-136643.23805979907,-0.15693786745175942,Supertrend down,0,0,0.0,0.005,-15.69%
121,CRWD,2024-02-05,2024-02-28,76.288125,79.27656385803223,9902,756160.4187637499,784211.5387869129,28051.120023163036,0.03709678439533226,Supertrend down,0,0,0.0,0.005,+3.71%
122,NVDA,2024-02-28,2024-03-14,77.65881274795532,89.0843299598694,10074,783117.2145025247,896538.1044757086,113420.88997318386,0.144832584283356,Leader rotation,0,0,0.0,0.005,+14.48%
123,CRWD,2024-03-14,2024-04-26,83.291625,74.67203158950807,10767,897697.7273013748,803189.7703601092,-94507.95694126561,-0.10527815106023708,Supertrend down,0,0,0.0,0.005,-10.53%
124,NVDA,2024-05-07,2024-07-01,91.14354857254028,122.79091621398926,8704,794106.760222166,1067703.362591836,273596.60236966994,0.344533778169986,Supertrend down,0,0,0.0,0.005,+34.45%
125,CRWD,2024-07-01,2024-07-02,96.36815969467163,95.04187601852418,11162,1076737.0599104366,1059796.562698648,-16940.497211788548,-0.015733179290028043,Leader rotation,0,0,0.0,0.005,-1.57%
126,ARM,2024-07-02,2024-08-01,156.9284311065674,128.00210167694092,6746,1059697.8354411484,862638.6757347309,-197059.15970641747,-0.18595787696818544,Supertrend down,0,0,0.0,0.005,-18.60%
127,AVGO,2024-08-16,2024-08-20,164.55223622131348,166.13122803497316,5185,854056.5481523178,860529.0269439745,6472.4787916567875,0.007578513162459277,Leader rotation,0,0,0.0,0.005,+0.76%
128,NVDA,2024-08-20,2024-09-10,128.46419389343262,107.21704257202148,6736,866200.1448762282,721491.7847663716,-144708.36010985659,-0.16706111279920655,Supertrend down,0,0,0.0,0.005,-16.71%
129,CEG,2024-09-20,2024-10-28,235.27758366394042,265.4221195678711,3076,724437.561197631,815622.0013509808,91184.44015334989,0.12586928817247545,Leader rotation,0,0,0.0,0.005,+12.59%
130,TSLA,2024-10-28,2025-01-08,270.135,390.7887871398926,3012,814460.2666199999,1175878.771038491,361418.50441849115,0.44375216229807446,Supertrend down,0,0,0.0,0.005,+44.38%
131,MRVL,2025-01-23,2025-01-24,123.42168061065674,125.98326030349732,9387,1159717.8752081268,1181422.2596044603,21704.38439633348,0.018715227953555846,Leader rotation,0,0,0.0,0.005,+1.87%
132,PLTR,2025-01-24,2025-02-05,79.08952805328369,101.22020878601074,15143,1198850.3760341855,1531244.844024914,332394.46799072856,0.27726101157868777,Leader rotation,0,0,0.0,0.005,+27.73%
133,APP,2025-02-05,2025-03-04,377.5586801147461,322.218,4051,1531019.703357981,1303999.812882,-227019.89047598094,-0.1482801886729863,Supertrend down,0,0,0.0,0.005,-14.83%
134,PLTR,2025-04-28,2025-08-26,113.83688877868651,154.53535439300538,11445,1304166.055264139,1766888.4738969186,462722.4186327795,0.3548032988322658,Supertrend down,0,0,0.0,0.005,+35.48%
135,IDXX,2025-08-26,2025-09-10,641.6706505737304,649.3189682922364,2750,1766358.8833668365,1783841.5356408465,17482.652274010004,0.009897565233564887,Leader rotation,0,0,0.0,0.005,+0.99%
136,AVGO,2025-09-10,2025-09-15,351.69574900817867,357.890710144043,5068,1784176.4500294228,1811976.3288909998,27799.878861577017,0.015581350634416458,Leader rotation,0,0,0.0,0.005,+1.56%
137,WBD,2025-09-15,2025-10-01,18.779385457992554,19.42258568286896,96376,1811691.9349523897,1869999.2466544067,58307.311702016974,0.03218389979947078,Leader rotation,0,0,0.0,0.005,+3.22%
138,PLTR,2025-10-01,2025-10-09,181.41066732788084,182.5703118209839,10290,1868582.4825706976,1876769.8601292865,8187.377558588982,0.004381598155263289,Leader rotation,0,0,0.0,0.005,+0.44%
139,AMD,2025-10-09,2025-10-29,236.41815305328367,262.73695742797855,7938,1878563.9862359026,2083520.3620952305,204956.37585932785,0.10910268554120472,Leader rotation,0,0,0.0,0.005,+10.91%
140,MU,2025-10-29,2025-11-28,229.17452755737304,234.32408514404298,9083,2083673.8260374228,2126237.2996979794,42563.4736605566,0.020427128818669704,Supertrend down,0,0,0.0,0.005,+2.04%
141,WDC,2026-01-28,2026-05-11,263.5817372131348,486.3403337860108,8058,2126065.580101903,3915011.4792380272,1788945.8991361242,0.8414349566067381,Leader rotation,0,0,0.0,0.005,+84.14%
142,MU,2026-05-11,2026-06-05,793.3764704589844,939.2058242797852,4929,3914463.175515226,4624716.1623671865,710252.9868519604,0.18144326693237467,Leader rotation,0,0,0.0,0.005,+18.14%
143,WDC,2026-06-05,2026-07-06,545.522625,563.8815000000001,8470,4625197.210383749,4771300.2286950005,146103.0183112519,0.03158849486098547,Supertrend down,0,0,0.0,0.005,+3.16%
