param_entry,param_market_filter,param_asset_filter,param_rs_period,param_st_period,param_st_multiplier,param_sell_confirm_bars,param_max_positions,start,end,total_return,qqq_return,alpha,mdd,cagr,calmar,sharpe,sortino,win_rate,payoff_ratio,trade_count,score
single,none,none,50,10.0,3.0,1,3,2010-03-18 00:00:00,2026-07-16 00:00:00,3.340343026480107,13.743779643059835,-10.403436616579729,-0.7303066900111255,0.09406604089111936,0.12880347691965735,0.4417485961474769,0.6285642253427884,0.6164383561643836,0.7910458563701319,803,2.7693501323556307
single,none,none,50,10.0,3.0,1,4,2010-03-18 00:00:00,2026-07-16 00:00:00,5.057927283714892,13.743779643059835,-8.685852359344942,-0.6060031592286086,0.11663553801840298,0.1924668811411318,0.5192709985846804,0.7363825312165844,0.6234855545200373,0.7878721664949543,1073,4.588702886289545
single,none,none,50,10.0,3.0,1,5,2010-03-18 00:00:00,2026-07-16 00:00:00,6.440092831219264,13.743779643059835,-7.303686811840571,-0.5015875140739889,0.1307786443712542,0.2607294653510117,0.5753789618484755,0.8132622216992398,0.625,0.8208368082965241,1312,6.056084188815527
single,none,none,50,10.0,3.0,1,6,2010-03-18 00:00:00,2026-07-16 00:00:00,5.356381764196355,13.743779643059835,-8.38739787886348,-0.476128397834243,0.11992915416112915,0.251884060490088,0.5548355941838177,0.7881778659792353,0.6227154046997389,0.810747563567052,1532,4.992124113754475
single,none,none,50,10.0,3.0,1,7,2010-03-18 00:00:00,2026-07-16 00:00:00,3.5000999358645117,13.743779643059835,-10.243679707195323,-0.48129631825881636,0.09649063928493762,0.20048073426784438,0.48477755918683446,0.6803606754847348,0.6112692088787707,0.8178333762070827,1757,3.1296062080330636
single,none,none,50,10.0,3.0,1,8,2010-03-18 00:00:00,2026-07-16 00:00:00,2.1553579496857687,13.743779643059835,-11.588421693374066,-0.5050902440006289,0.07290918528749879,0.14434882905282964,0.40830625544687044,0.5713468143383479,0.5941443715295306,0.848607614725186,1981,1.7635349421486717
single,none,none,50,10.0,3.0,1,9,2010-03-18 00:00:00,2026-07-16 00:00:00,4.069723303236876,13.743779643059835,-9.674056339822958,-0.45492675086685186,0.10452351531630044,0.22975899992061014,0.531787284700473,0.7487856702784171,0.5986175115207373,0.8770106860854847,2170,3.7217355210844087
single,none,none,50,10.0,3.0,1,10,2010-03-18 00:00:00,2026-07-16 00:00:00,3.2926474451403704,13.743779643059835,-10.451132197919463,-0.4198981941263401,0.09332592370425785,0.2222584545723902,0.49953809256189174,0.698945043797448,0.5843170320404721,0.9187368241584348,2372,2.971715032616155
single,none,none,100,10.0,3.0,1,3,2010-05-28 00:00:00,2026-07-16 00:00:00,12.973556674204735,14.464803309684998,-1.4912466354802625,-0.5695091428138489,0.17756933284834187,0.3117936473697361,0.6604367501554258,0.9641920340071751,0.5937090432503277,0.9548044260400181,763,12.53776246245832
single,none,none,100,10.0,3.0,1,4,2010-05-28 00:00:00,2026-07-16 00:00:00,8.791335447487024,14.464803309684998,-5.673467862197974,-0.5824429986052811,0.151894475854492,0.2607885685263944,0.6176968474004411,0.8895599585540653,0.5745526838966203,1.0553455793484925,1006,8.343911954024811
single,none,none,100,10.0,3.0,1,5,2010-05-28 00:00:00,2026-07-16 00:00:00,5.525920869356256,14.464803309684998,-8.938882440328742,-0.515276618121772,0.12328964687063926,0.23926885586239238,0.5531331036150237,0.7825377730298004,0.5906148867313916,0.9685430918178938,1236,5.130293567967289
single,none,none,100,10.0,3.0,1,6,2010-05-28 00:00:00,2026-07-16 00:00:00,4.7930695587563985,14.464803309684998,-9.671733750928599,-0.5155466503986232,0.1150268482512673,0.2231162750496545,0.5378693926522642,0.7570128263729763,0.5833910034602076,0.9704898654752618,1445,4.396768320217068
single,none,none,100,10.0,3.0,1,7,2010-05-28 00:00:00,2026-07-16 00:00:00,6.720440292487107,14.464803309684998,-7.74436301719789,-0.4933513243845946,0.135053508839154,0.27374712940645185,0.612570473624148,0.8670131453974507,0.5748175182481752,1.0185502612826824,1644,6.344136347188156
single,none,none,100,10.0,3.0,1,8,2010-05-28 00:00:00,2026-07-16 00:00:00,6.471938386655971,14.464803309684998,-7.9928649230290265,-0.43922801938097444,0.13275417230380793,0.30224431604091395,0.6184675043679331,0.8743149557628946,0.5821621621621622,0.9890948043661549,1850,6.139109996282229
single,none,none,100,10.0,3.0,1,9,2010-05-28 00:00:00,2026-07-16 00:00:00,5.296971555085655,14.464803309684998,-9.167831754599343,-0.40590500128658047,0.12080597356943179,0.2976212985465024,0.5886081032793878,0.8266782748116376,0.5738498789346247,1.0212673629947413,2065,4.989905797154772
single,none,none,100,10.0,3.0,1,10,2010-05-28 00:00:00,2026-07-16 00:00:00,6.725101142129595,14.464803309684998,-7.739702167555403,-0.3789387196695986,0.1350959678826964,0.3565113852722368,0.6515151163589897,0.9183965876823715,0.5764600980829246,1.0315579586301966,2243,6.4414956198846856
single,none,ichimoku_cloud,50,10.0,3.0,1,3,2010-04-27 00:00:00,2026-07-16 00:00:00,4.751944154509128,13.292561920213759,-8.540617765704631,-0.6930963771633487,0.11390233481948342,0.16433837857536363,0.49724373931651905,0.7112275235393608,0.6195244055068836,0.795924459170865,799,4.212384364957944
single,none,ichimoku_cloud,50,10.0,3.0,1,4,2010-04-27 00:00:00,2026-07-16 00:00:00,4.013265576094315,13.292561920213759,-9.279296344119444,-0.6473850628476582,0.10450230257631121,0.16142217139925355,0.4840235610242796,0.6849959575036481,0.6188212927756654,0.786011637379377,1052,3.5098782326469165
single,none,ichimoku_cloud,50,10.0,3.0,1,5,2010-04-27 00:00:00,2026-07-16 00:00:00,4.797240180256609,13.292561920213759,-8.495321739957149,-0.509010132398221,0.11444118535789571,0.22483085910039083,0.5266758832232991,0.7419697209059792,0.62578125,0.7958020172260427,1280,4.405832350834731
single,none,ichimoku_cloud,50,10.0,3.0,1,6,2010-04-27 00:00:00,2026-07-16 00:00:00,4.28332003186594,13.292561920213759,-9.00924188834782,-0.44438926899771103,0.10808105917895827,0.24321257671844226,0.5181799681784269,0.7340382688701764,0.6193373901284652,0.8172404884683016,1479,3.9433540157131235
single,none,ichimoku_cloud,50,10.0,3.0,1,7,2010-04-27 00:00:00,2026-07-16 00:00:00,3.1424996390377125,13.292561920213759,-10.150062281176046,-0.4708246558956949,0.0915859079373631,0.19452232755978008,0.468876171298126,0.6554876007062476,0.6018901358535145,0.835338082514283,1693,2.7799061994601
single,none,ichimoku_cloud,50,10.0,3.0,1,8,2010-04-27 00:00:00,2026-07-16 00:00:00,2.0446826777865432,13.292561920213759,-11.247879242427215,-0.47070366219021,0.07105865756614804,0.15096261889169973,0.4035892397900263,0.5641055640993045,0.5909568874868559,0.8693927108624872,1902,1.680227425228076
single,none,ichimoku_cloud,50,10.0,3.0,1,9,2010-04-27 00:00:00,2026-07-16 00:00:00,3.0288178806948363,13.292561920213759,-10.263744039518922,-0.4656437483641531,0.08971472042584061,0.19266815186720793,0.4789265510723818,0.6730754589625064,0.5899662325132659,0.880737566148989,2073,2.6706706785356853
single,none,ichimoku_cloud,50,10.0,3.0,1,10,2010-04-27 00:00:00,2026-07-16 00:00:00,2.5103710096032033,13.292561920213759,-10.782190910610556,-0.454196395405438,0.08049875921770977,0.17723337312233098,0.45405493739006997,0.6329937445625274,0.5808888888888889,0.9119978200198195,2250,2.160635541400555
single,none,ichimoku_cloud,100,10.0,3.0,1,3,2010-05-28 00:00:00,2026-07-16 00:00:00,9.06519696837513,14.464803309684998,-5.399606341309868,-0.4851633350748479,0.1538656407057366,0.3171419387699592,0.6050432589962447,0.8783022369613932,0.5938748335552596,0.9717723944503949,751,8.695217598085138
single,none,ichimoku_cloud,100,10.0,3.0,1,4,2010-05-28 00:00:00,2026-07-16 00:00:00,9.070309803024426,14.464803309684998,-5.394493506660572,-0.4742666729816941,0.15390196063952555,0.32450511369890395,0.6255937046505023,0.8979367198191291,0.5792682926829268,1.0674788228245948,984,8.709664275778586
single,none,ichimoku_cloud,100,10.0,3.0,1,5,2010-05-28 00:00:00,2026-07-16 00:00:00,7.242403654099178,14.464803309684998,-7.22239965558582,-0.3799421185763684,0.13966525616657677,0.36759613988019607,0.6081513447221732,0.8598168772307944,0.5911371237458194,0.9982584083273932,1196,6.956694499579748
single,none,ichimoku_cloud,100,10.0,3.0,1,6,2010-05-28 00:00:00,2026-07-16 00:00:00,7.996241507703656,14.464803309684998,-6.468561801981341,-0.38404546097524195,0.14586382375020013,0.3798087429019333,0.6410745683745848,0.9049512726626717,0.5917496443812233,0.9759253717821808,1406,7.708237375974701
single,none,ichimoku_cloud,100,10.0,3.0,1,7,2010-05-28 00:00:00,2026-07-16 00:00:00,8.560616058583213,14.464803309684998,-5.904187251101785,-0.37018333672081216,0.15019327542966265,0.40572673194886844,0.6672148827625142,0.9446376313655537,0.5790784557907845,1.0355542243031808,1606,8.284485835689438
single,none,ichimoku_cloud,100,10.0,3.0,1,8,2010-05-28 00:00:00,2026-07-16 00:00:00,7.220095305765012,14.464803309684998,-7.244708003919985,-0.3837170050605637,0.1394738321015705,0.36348097754895364,0.6476240480597709,0.9147861139192105,0.581148912437256,0.998415484489559,1793,6.932550423158354
single,none,ichimoku_cloud,100,10.0,3.0,1,9,2010-05-28 00:00:00,2026-07-16 00:00:00,4.5548126408484215,14.464803309684998,-9.909990668836576,-0.39143753304594187,0.1121281799924092,0.2864522957721815,0.5641105513498542,0.7858303940533126,0.5785750378979283,1.0026652193932701,1979,4.258585930952163
single,none,ichimoku_cloud,100,10.0,3.0,1,10,2010-05-28 00:00:00,2026-07-16 00:00:00,4.996989825756114,14.464803309684998,-9.467813483928882,-0.3823328546721382,0.11742028806676053,0.3071153489214311,0.5952213824887473,0.8324737873952099,0.570957095709571,1.0355222554889394,2121,4.7089801834930665
single,none,ema_trend,50,10.0,3.0,1,3,2010-10-19 00:00:00,2026-07-16 00:00:00,4.560799927261127,12.876328444685914,-8.315528517424788,-0.6511527134348329,0.1151688978789025,0.17686925893525982,0.5039581847678468,0.7211784823740727,0.6277278562259306,0.7803194502047573,779,4.054996502056296
single,none,ema_trend,50,10.0,3.0,1,4,2010-10-19 00:00:00,2026-07-16 00:00:00,4.004691318307922,12.876328444685914,-8.871637126377992,-0.6313312852469727,0.10772865347747529,0.17063728029149156,0.49633831724847927,0.7033391169438137,0.6159769008662175,0.7926391224223318,1039,3.5145164396277977
single,none,ema_trend,50,10.0,3.0,1,5,2010-10-19 00:00:00,2026-07-16 00:00:00,4.436022039031458,12.876328444685914,-8.440306405654455,-0.46705260959508976,0.11356216166389643,0.24314640220584335,0.5293908246233138,0.745809681164208,0.6266129032258064,0.7991928565671186,1240,4.078261676094086
single,none,ema_trend,50,10.0,3.0,1,6,2010-10-19 00:00:00,2026-07-16 00:00:00,6.054992780198905,12.876328444685914,-6.821335664487009,-0.43241411709252164,0.13215881725967416,0.3056302096432174,0.5996162162112328,0.8550556592377003,0.6227586206896552,0.8191945187942431,1450,5.727049973011225
single,none,ema_trend,50,10.0,3.0,1,7,2010-10-19 00:00:00,2026-07-16 00:00:00,3.5082956914104573,12.876328444685914,-9.368032753275457,-0.4524940599544779,0.10040164491074877,0.2218850009232153,0.505091677883442,0.7081694529665549,0.6116098144823459,0.814449649056407,1671,3.161453193783378
single,none,ema_trend,50,10.0,3.0,1,8,2010-10-19 00:00:00,2026-07-16 00:00:00,2.424537859031924,12.876328444685914,-10.45179058565399,-0.44766536670927337,0.08134618877958699,0.18171204392591647,0.44217596232276235,0.6184192811039567,0.6063492063492063,0.8121254265260479,1890,2.0796708445341885
single,none,ema_trend,50,10.0,3.0,1,9,2010-10-19 00:00:00,2026-07-16 00:00:00,2.584265770077882,12.876328444685914,-10.292062674608031,-0.4488513989742191,0.084482606207543,0.18821954526735354,0.46236182055943054,0.6458814370262721,0.5959400676655389,0.8580195598790215,2069,2.2390555055152896
single,none,ema_trend,50,10.0,3.0,1,10,2010-10-19 00:00:00,2026-07-16 00:00:00,2.9968781483476086,12.876328444685914,-9.879450296338305,-0.4003993770102452,0.09201601376706225,0.2298105817599906,0.5030415499216961,0.7021550268863871,0.594059405940594,0.885799058646368,2222,2.691649893237063
single,none,ema_trend,100,10.0,3.0,1,3,2010-10-19 00:00:00,2026-07-16 00:00:00,9.004206147906766,12.876328444685914,-3.872122296779148,-0.5596092349336477,0.15756234638269095,0.281557802385754,0.6106083146543925,0.8879899856832651,0.5949197860962567,0.9332677992780765,748,8.57483700939948
single,none,ema_trend,100,10.0,3.0,1,4,2010-10-19 00:00:00,2026-07-16 00:00:00,8.756579869414027,12.876328444685914,-4.1197485752718865,-0.5638164060035691,0.15572054913176414,0.2761901701930582,0.6288812299267965,0.9075445149717813,0.572605561277034,1.0671394785961519,971,8.324393181508976
single,none,ema_trend,100,10.0,3.0,1,5,2010-10-19 00:00:00,2026-07-16 00:00:00,4.167093503544948,12.876328444685914,-8.709234941140966,-0.5022314932268047,0.10997839982462687,0.21897949711998901,0.5111088350353005,0.7204953086202325,0.5853040540540541,0.9755945547353718,1184,3.7806415740145636
single,none,ema_trend,100,10.0,3.0,1,6,2010-10-19 00:00:00,2026-07-16 00:00:00,3.5314063410213663,12.876328444685914,-9.344922103664548,-0.4780567773286283,0.10075917176625215,0.21076821110934227,0.49263469020704725,0.6920035001810114,0.5765379113018598,0.9806896500416353,1398,3.1637399598646754
single,none,ema_trend,100,10.0,3.0,1,7,2010-10-19 00:00:00,2026-07-16 00:00:00,4.52052577226296,12.876328444685914,-8.355802672422953,-0.44987925491328773,0.11465401919479246,0.2548550926556761,0.5481765398994509,0.7702454465838316,0.5691823899371069,1.025750071776443,1590,4.177067664529313
single,none,ema_trend,100,10.0,3.0,1,8,2010-10-19 00:00:00,2026-07-16 00:00:00,4.944689767335006,12.876328444685914,-7.931638677350908,-0.4531683949217836,0.1199086170031114,0.26460057309117396,0.5740155240270832,0.8099126942381278,0.5777653003930376,0.979213617272821,1781,4.599375517118391
single,none,ema_trend,100,10.0,3.0,1,9,2010-10-19 00:00:00,2026-07-16 00:00:00,3.883866857607825,12.876328444685914,-8.99246158707809,-0.43967917619885155,0.10601008160548808,0.24110780620081818,0.5377512780143645,0.7545203817936897,0.5737373737373738,0.9955461343869858,1980,3.5482560549891744
single,none,ema_trend,100,10.0,3.0,1,10,2010-10-19 00:00:00,2026-07-16 00:00:00,4.822255638356453,12.876328444685914,-8.054072806329462,-0.4174353014839215,0.11842890274692541,0.28370600743618946,0.5960737546614199,0.8343230186474422,0.5714959886739028,1.0227218796115758,2119,4.506189609809159
single,none,ichimoku_cloud+ema_trend,50,10.0,3.0,1,3,2010-10-19 00:00:00,2026-07-16 00:00:00,4.814129025739948,12.876328444685914,-8.062199418945966,-0.6635980515762712,0.11832965775900317,0.17831525797571282,0.5115192077633842,0.7313947250261966,0.6283870967741936,0.7828696811781499,775,4.298596160711833
single,none,ichimoku_cloud+ema_trend,50,10.0,3.0,1,4,2010-10-19 00:00:00,2026-07-16 00:00:00,4.14533504088945,12.876328444685914,-8.730993403796464,-0.633935048353564,0.10968085519057458,0.1730159193365854,0.5032713007527185,0.7127658611621449,0.6133464180569186,0.8122653650643846,1019,3.6532851412291807
single,none,ichimoku_cloud+ema_trend,50,10.0,3.0,1,5,2010-10-19 00:00:00,2026-07-16 00:00:00,4.458544480828479,12.876328444685914,-8.417783963857435,-0.5148467533195618,0.11385471533785996,0.22114292185735343,0.5308086432244565,0.7473332200131577,0.6276595744680851,0.7946439325818769,1222,4.062591337469563
single,none,ichimoku_cloud+ema_trend,50,10.0,3.0,1,6,2010-10-19 00:00:00,2026-07-16 00:00:00,4.956542848562785,12.876328444685914,-7.919785596123129,-0.4718234912661444,0.12005035211108761,0.2544391161807797,0.5616696345674747,0.798672294553003,0.6219426974143956,0.8190073679185774,1431,4.595934144586894
single,none,ichimoku_cloud+ema_trend,50,10.0,3.0,1,7,2010-10-19 00:00:00,2026-07-16 00:00:00,3.5139646480644666,12.876328444685914,-9.362363796621448,-0.4243611502049681,0.10048950351878094,0.23680184548053967,0.5072105936798802,0.7110816517137839,0.6077717061323619,0.831084584100158,1647,3.1896920457108884
single,none,ichimoku_cloud+ema_trend,50,10.0,3.0,1,8,2010-10-19 00:00:00,2026-07-16 00:00:00,1.7323365079017612,12.876328444685914,-11.143991936784152,-0.44902803484760256,0.06594361856092967,0.1468585777351531,0.3854167179461555,0.5363760669892481,0.6017269293038316,0.8148502288777255,1853,1.3846765815620639
single,none,ichimoku_cloud+ema_trend,50,10.0,3.0,1,9,2010-10-19 00:00:00,2026-07-16 00:00:00,2.1372055165582555,12.876328444685914,-10.739122928127658,-0.4608592470761469,0.07534237358556561,0.1634823952509668,0.4283672432510562,0.5963550905807917,0.591044776119403,0.858928636491695,2010,1.7813691361948696
single,none,ichimoku_cloud+ema_trend,50,10.0,3.0,1,10,2010-10-19 00:00:00,2026-07-16 00:00:00,2.4584152556855043,12.876328444685914,-10.417913189000409,-0.428465543254952,0.08202268784991174,0.19143356832571568,0.4650561406552684,0.6468342843918822,0.5896248263084761,0.8971181486253065,2159,2.1295945053012004
single,none,ichimoku_cloud+ema_trend,100,10.0,3.0,1,3,2010-10-19 00:00:00,2026-07-16 00:00:00,9.450249807465207,12.876328444685914,-3.426078637220707,-0.46579350038071576,0.16077476783833444,0.3451631843444045,0.6221463356424299,0.9064168667149866,0.5956580732700135,0.9775711844033163,737,9.096279397229907
single,none,ichimoku_cloud+ema_trend,100,10.0,3.0,1,4,2010-10-19 00:00:00,2026-07-16 00:00:00,7.727963011730866,12.876328444685914,-5.148365432955048,-0.4998146167842955,0.14756903183013637,0.29524753153392186,0.6071563812469254,0.8708688715039075,0.5739769150052466,1.0870741407281972,953,7.346326009740838
single,none,ichimoku_cloud+ema_trend,100,10.0,3.0,1,5,2010-10-19 00:00:00,2026-07-16 00:00:00,5.249792032557682,12.876328444685914,-7.626536412128232,-0.38894590221360215,0.12347537705999367,0.31746157076668,0.5566971333277214,0.7852950048029991,0.58656330749354,1.0021585339697983,1161,4.955336224786632
single,none,ichimoku_cloud+ema_trend,100,10.0,3.0,1,6,2010-10-19 00:00:00,2026-07-16 00:00:00,4.62741972657007,12.876328444685914,-8.248908718115844,-0.44232926880782486,0.116012971515973,0.26227740214581236,0.5456822493014958,0.7660359186479498,0.5841874084919473,0.9737887013518567,1366,4.289926779002855
single,none,ichimoku_cloud+ema_trend,100,10.0,3.0,1,7,2010-10-19 00:00:00,2026-07-16 00:00:00,5.798301249280738,12.876328444685914,-7.078027195405176,-0.4259233621976707,0.1294960558997844,0.3040360482496506,0.5999673924482931,0.8457066604324012,0.5747931253978358,1.0287386647531718,1571,5.475561581296049
single,none,ichimoku_cloud+ema_trend,100,10.0,3.0,1,8,2010-10-19 00:00:00,2026-07-16 00:00:00,5.4844317815823915,12.876328444685914,-7.391896663103522,-0.415904533899208,0.12610914979468113,0.3032165786036921,0.6017895896849601,0.8485091862970975,0.5788561525129983,0.9993312479588158,1731,5.169761842153574
single,none,ichimoku_cloud+ema_trend,100,10.0,3.0,1,9,2010-10-19 00:00:00,2026-07-16 00:00:00,3.481674673469194,12.876328444685914,-9.39465377121672,-0.43606474039384435,0.09998767849675816,0.22929549040459318,0.5196567668044321,0.7235025177391082,0.5762623633524206,0.9961631203584508,1921,3.1484125841582515
single,none,ichimoku_cloud+ema_trend,100,10.0,3.0,1,10,2010-10-19 00:00:00,2026-07-16 00:00:00,4.337985837492379,12.876328444685914,-8.538342607193535,-0.40814708078624296,0.11227535737384997,0.2750855332777731,0.5767187629461715,0.8057778920160328,0.570869990224829,1.0278051828483556,2046,4.02876973575177
single,1d,none,50,10.0,3.0,1,3,2010-03-18 00:00:00,2026-07-16 00:00:00,3.66232883410858,13.743779643059835,-10.081450808951255,-0.4820223393248295,0.09887143193620207,0.20511794551823398,0.47345237781193655,0.6767012393360464,0.6182795698924731,0.8453065124584522,558,3.2909145339830745
single,1d,none,50,10.0,3.0,1,4,2010-03-18 00:00:00,2026-07-16 00:00:00,2.6282743163279148,13.743779643059835,-11.11550532673192,-0.45544017932904624,0.08212494618187693,0.1803199408160766,0.4377569219188705,0.6214228514676343,0.6056527590847914,0.8368904627357335,743,2.2770548805222437
single,1d,none,50,10.0,3.0,1,5,2010-03-18 00:00:00,2026-07-16 00:00:00,2.9444507849904955,13.743779643059835,-10.79932885806934,-0.4221745749372473,0.08767633319692658,0.20767790957084264,0.4697844823907242,0.6642579879800952,0.6067039106145251,0.8538116743096019,895,2.6208046595124195
single,1d,none,50,10.0,3.0,1,6,2010-03-18 00:00:00,2026-07-16 00:00:00,2.0923959758004704,13.743779643059835,-11.651383667259363,-0.4136039327218103,0.0715856160832744,0.17307769684922905,0.41781759636423466,0.5928723786157081,0.6011288805268109,0.8504898611747925,1063,1.7740473575139493
single,1d,none,50,10.0,3.0,1,7,2010-03-18 00:00:00,2026-07-16 00:00:00,2.0953426535591384,13.743779643059835,-11.648436989500697,-0.3911281922790899,0.07164812224683903,0.18318322141226384,0.42823928155805446,0.6046170168294406,0.5937241948802643,0.8857585926908865,1211,1.7952872781826081
single,1d,none,50,10.0,3.0,1,8,2010-03-18 00:00:00,2026-07-16 00:00:00,1.7819159061550258,13.743779643059835,-11.961863736904808,-0.34955778064073173,0.06466436246537977,0.1849890520155249,0.40537119398291954,0.5672461608571291,0.5947712418300654,0.8578336015273704,1377,1.5144308174619279
single,1d,none,50,10.0,3.0,1,9,2010-03-18 00:00:00,2026-07-16 00:00:00,2.5539403586553746,13.743779643059835,-11.18983928440446,-0.34102737288035856,0.08075397249060057,0.2367961604036143,0.48555375203563206,0.6824392815120184,0.5972762645914397,0.8853806034893724,1542,2.2956850729121565
single,1d,none,50,10.0,3.0,1,10,2010-03-18 00:00:00,2026-07-16 00:00:00,2.670037031482899,13.743779643059835,-11.073742611576936,-0.34164516071190565,0.08288366923647139,0.24260161936367525,0.5055628895765942,0.711375644839766,0.5748938750758035,0.9777593050839168,1649,2.4118877896006725
single,1d,none,100,10.0,3.0,1,3,2010-05-28 00:00:00,2026-07-16 00:00:00,6.233963731736517,14.464803309684998,-8.23083957794848,-0.47685842958315905,0.1304839894293257,0.2736325528383486,0.5800270895091483,0.8366838282023152,0.6007905138339921,0.993171702045346,506,5.869877800755264
single,1d,none,100,10.0,3.0,1,4,2010-05-28 00:00:00,2026-07-16 00:00:00,6.397750211252646,14.464803309684998,-8.067053098432352,-0.4599881422903985,0.13205381191178134,0.2870809044212567,0.6045959067702207,0.8718695781817843,0.5800604229607251,1.0737086662885544,662,6.047897574623434
single,1d,none,100,10.0,3.0,1,5,2010-05-28 00:00:00,2026-07-16 00:00:00,7.0227676421818614,14.464803309684998,-7.442035667503136,-0.4326450235034013,0.1377590540774225,0.31841127620491283,0.655109288574468,0.9421634287401828,0.5935162094763092,1.0765227618682456,802,6.696304902036374
single,1d,none,100,10.0,3.0,1,6,2010-05-28 00:00:00,2026-07-16 00:00:00,5.512425132383353,14.464803309684998,-8.952378177301645,-0.4011173707790965,0.12314552764092324,0.3070062196551991,0.6199470596110477,0.8814519102216632,0.5794979079497908,1.0878947492770874,956,5.210129647548407
single,1d,none,100,10.0,3.0,1,7,2010-05-28 00:00:00,2026-07-16 00:00:00,4.905878612250665,14.464803309684998,-9.558924697434332,-0.40649027008110916,0.11636049034784346,0.2862565205426084,0.6096124186054581,0.8706735123747491,0.5697247706422018,1.11137319586698,1090,4.5989747687439415
single,1d,none,100,10.0,3.0,1,8,2010-05-28 00:00:00,2026-07-16 00:00:00,4.546617584065838,14.464803309684998,-9.91818572561916,-0.3910845010142868,0.11202641653200951,0.2864506679284563,0.6017355360587607,0.8580125739501813,0.5755336617405583,1.0612654317499248,1218,4.251802049336171
single,1d,none,100,10.0,3.0,1,9,2010-05-28 00:00:00,2026-07-16 00:00:00,4.607477554442759,14.464803309684998,-9.85732575524224,-0.3543966373093511,0.11277881424348446,0.31822766462944846,0.6258491263764103,0.8834113975456728,0.5649546827794562,1.1525869564473912,1324,4.34273571838657
single,1d,none,100,10.0,3.0,1,10,2010-05-28 00:00:00,2026-07-16 00:00:00,4.421336435169441,14.464803309684998,-10.043466874515556,-0.3521578802619364,0.11045290317162526,0.31364597915420767,0.6253727368613656,0.8859781954007788,0.5656292286874154,1.1347747717396353,1478,4.158371313065733
single,1d,ichimoku_cloud,50,10.0,3.0,1,3,2010-04-27 00:00:00,2026-07-16 00:00:00,4.476680408548772,13.292561920213759,-8.815881511664987,-0.4462631668762125,0.1105395012558481,0.24770025729349585,0.5093074487859788,0.7291753712411748,0.6265709156193896,0.8344972907522158,557,4.134949098511381
single,1d,ichimoku_cloud,50,10.0,3.0,1,4,2010-04-27 00:00:00,2026-07-16 00:00:00,2.8114397936408095,13.292561920213759,-10.481122126572949,-0.4200621897771428,0.08599446854255133,0.2047184217845798,0.45207400621318233,0.6419132170363588,0.6078167115902965,0.8404733914571824,742,2.488952262005491
single,1d,ichimoku_cloud,50,10.0,3.0,1,5,2010-04-27 00:00:00,2026-07-16 00:00:00,2.3783877807626195,13.292561920213759,-10.91417413945114,-0.42042261625107846,0.07794871696620986,0.1854056227071726,0.43317366093901655,0.6115407018329397,0.6040268456375839,0.8396088366162067,894,2.055044897589927
single,1d,ichimoku_cloud,50,10.0,3.0,1,6,2010-04-27 00:00:00,2026-07-16 00:00:00,2.3927079982057227,13.292561920213759,-10.899853922008036,-0.3882653424222766,0.0782298754580728,0.20148559995084533,0.4450935418805843,0.6314883293001428,0.6039510818438382,0.8497599260277183,1063,2.095448530524319
single,1d,ichimoku_cloud,50,10.0,3.0,1,7,2010-04-27 00:00:00,2026-07-16 00:00:00,2.2095923354588742,13.292561920213759,-11.082969584754885,-0.3787115614770995,0.07454760650747794,0.19684534112641763,0.4410476257729264,0.622894790353894,0.5932062966031483,0.8927611103389648,1207,1.9198545150503825
single,1d,ichimoku_cloud,50,10.0,3.0,1,8,2010-04-27 00:00:00,2026-07-16 00:00:00,1.9856010083751374,13.292561920213759,-11.30696091183862,-0.36686124246208174,0.06976540005339427,0.19016835789243972,0.42846729465995226,0.6013993939882714,0.5942982456140351,0.8697070324143328,1368,1.7049660332452705
single,1d,ichimoku_cloud,50,10.0,3.0,1,9,2010-04-27 00:00:00,2026-07-16 00:00:00,2.5456287929448163,13.292561920213759,-10.746933127268942,-0.34087641809204605,0.08116474247342875,0.23810606473666954,0.4874759203991963,0.6858850690445741,0.5932203389830508,0.8958005913985432,1534,2.2875519360831555
single,1d,ichimoku_cloud,50,10.0,3.0,1,10,2010-04-27 00:00:00,2026-07-16 00:00:00,2.7485137672761106,13.292561920213759,-10.544048152937648,-0.3421874240649002,0.08488035070415667,0.24805222148683648,0.5156470352934921,0.7266794893083734,0.5783059110298598,0.9832136769073263,1641,2.490233239082995
single,1d,ichimoku_cloud,100,10.0,3.0,1,3,2010-05-28 00:00:00,2026-07-16 00:00:00,9.352139923251944,14.464803309684998,-5.112663386433054,-0.45959234757543455,0.1558777078317397,0.3391651507125126,0.6590968650670678,0.9585683383749886,0.5972222222222222,1.0539574776272556,504,9.004238951143607
single,1d,ichimoku_cloud,100,10.0,3.0,1,4,2010-05-28 00:00:00,2026-07-16 00:00:00,9.066435973182982,14.464803309684998,-5.398367336502016,-0.44059581440612283,0.1538744437860884,0.3492417284841779,0.6807304077266877,0.9846861404843024,0.5957767722473605,1.0649623881684969,663,8.734381233889884
single,1d,ichimoku_cloud,100,10.0,3.0,1,5,2010-05-28 00:00:00,2026-07-16 00:00:00,6.698187733935425,14.464803309684998,-7.766615575749572,-0.4256482385252579,0.13485046220733454,0.3168119822944658,0.6450408304618234,0.9261120894838669,0.5965559655596556,1.0534077415497476,813,6.377020368029074
single,1d,ichimoku_cloud,100,10.0,3.0,1,6,2010-05-28 00:00:00,2026-07-16 00:00:00,5.510696900531342,14.464803309684998,-8.954106409153656,-0.39621381692326296,0.12312705184584538,0.3107591067923109,0.6216488333272299,0.8806891838092029,0.5849056603773585,1.057254980125943,954,5.212375311992549
single,1d,ichimoku_cloud,100,10.0,3.0,1,7,2010-05-28 00:00:00,2026-07-16 00:00:00,4.995183157005835,14.464803309684998,-9.469620152679163,-0.3925883160360917,0.11739942025417371,0.2990395166100177,0.6144871030265545,0.8763919725346409,0.5663881151346333,1.1304888311524306,1077,4.699547117267758
single,1d,ichimoku_cloud,100,10.0,3.0,1,8,2010-05-28 00:00:00,2026-07-16 00:00:00,4.648650754284558,14.464803309684998,-9.81615255540044,-0.370814805306116,0.11328349717270614,0.3054988515876222,0.6099041502942876,0.8688934199937812,0.584092792046396,1.019284196325577,1207,4.3702960345484945
single,1d,ichimoku_cloud,100,10.0,3.0,1,9,2010-05-28 00:00:00,2026-07-16 00:00:00,3.9927986009673626,14.464803309684998,-10.472004708717634,-0.3610682829121695,0.10479979377757953,0.29024923743599007,0.5938982375461345,0.8361124760924271,0.5759878419452887,1.0893712235289397,1316,3.7217609217640106
single,1d,ichimoku_cloud,100,10.0,3.0,1,10,2010-05-28 00:00:00,2026-07-16 00:00:00,4.25406929681948,14.464803309684998,-10.210734012865517,-0.3378186555245807,0.10829801876501,0.32058033798293273,0.6190420767093869,0.8754855999236077,0.5723140495867769,1.0854072378251294,1452,4.002385634701097
single,1d,ema_trend,50,10.0,3.0,1,3,2010-10-19 00:00:00,2026-07-16 00:00:00,3.092012911617126,12.876328444685914,-9.784315533068789,-0.5391828640184992,0.0936492603888166,0.17368738259011793,0.4601913909911927,0.6546838354528167,0.6074074074074074,0.8626844401250484,540,2.6744723621320627
single,1d,ema_trend,50,10.0,3.0,1,4,2010-10-19 00:00:00,2026-07-16 00:00:00,2.6985120144439914,12.876328444685914,-10.177816430241922,-0.43212073642823556,0.08664663956953444,0.2005148845337217,0.4544368626979362,0.6422765922281305,0.6072423398328691,0.8324345393839826,718,2.366448531182341
single,1d,ema_trend,50,10.0,3.0,1,5,2010-10-19 00:00:00,2026-07-16 00:00:00,3.01424950869304,12.876328444685914,-9.862078935992873,-0.3590442333162642,0.09231693830912513,0.257118565744538,0.4897744833527555,0.6931406980052048,0.6069364161849711,0.8608559011082042,865,2.7417073565406116
single,1d,ema_trend,50,10.0,3.0,1,6,2010-10-19 00:00:00,2026-07-16 00:00:00,3.219734215881765,12.876328444685914,-9.656594228804149,-0.3710553959399957,0.0957869038673671,0.2581471794116074,0.5181893462922661,0.7386671555576267,0.6027531956735497,0.8960807470505122,1017,2.938435579518536
single,1d,ema_trend,50,10.0,3.0,1,7,2010-10-19 00:00:00,2026-07-16 00:00:00,1.961782695119676,12.876328444685914,-10.914545749566237,-0.3616373488862493,0.07141837194160217,0.19748616165214272,0.43157413243269754,0.6038541250306305,0.5971162001696353,0.8762960298018179,1179,1.6854200399836574
single,1d,ema_trend,50,10.0,3.0,1,8,2010-10-19 00:00:00,2026-07-16 00:00:00,1.6698409250767097,12.876328444685914,-11.206487519609205,-0.34975912103826856,0.06437779499807683,0.18406323416804618,0.40855643734870184,0.5716660357537101,0.5903614457831325,0.8887300735797797,1328,1.4022903213665558
single,1d,ema_trend,50,10.0,3.0,1,9,2010-10-19 00:00:00,2026-07-16 00:00:00,2.428737464598882,12.876328444685914,-10.447590980087032,-0.33588930679240403,0.08143039030342791,0.24243221995083,0.49359899702858806,0.6919696516822201,0.6014884979702301,0.8902566986543462,1478,2.1748339890758164
single,1d,ema_trend,50,10.0,3.0,1,10,2010-10-19 00:00:00,2026-07-16 00:00:00,2.8267109294711803,12.876328444685914,-10.049617515214734,-0.3453722468114422,0.08900165325107157,0.2576977567617426,0.5379087837918386,0.7561059195353024,0.582810539523212,0.9717289871151574,1594,2.566550395535782
single,1d,ema_trend,100,10.0,3.0,1,3,2010-10-19 00:00:00,2026-07-16 00:00:00,6.312746503534282,12.876328444685914,-6.563581941151632,-0.4371962362758637,0.13474282321531872,0.3081975827676115,0.5919317140408061,0.8555176286647199,0.6032388663967612,0.9843759553300466,494,5.980747465934814
single,1d,ema_trend,100,10.0,3.0,1,4,2010-10-19 00:00:00,2026-07-16 00:00:00,6.047775891489537,12.876328444685914,-6.828552553196377,-0.440797992089651,0.13208520217618536,0.29965019021529804,0.6024672499745616,0.8655583328349304,0.5857805255023184,1.062319912880205,647,5.713211515317053
single,1d,ema_trend,100,10.0,3.0,1,5,2010-10-19 00:00:00,2026-07-16 00:00:00,7.004104159531829,12.876328444685914,-5.8722242851540845,-0.4000185454966978,0.14127413949054146,0.3531689744912282,0.6654451559845528,0.9577792587274506,0.5936708860759494,1.0792022398355043,790,6.704052677814008
single,1d,ema_trend,100,10.0,3.0,1,6,2010-10-19 00:00:00,2026-07-16 00:00:00,4.827045619522227,12.876328444685914,-8.049282825163687,-0.38178483016260356,0.11848733889654883,0.3103510918600004,0.6005362439671532,0.8521616734622696,0.5800636267232238,1.0667058334539004,943,4.539633842711159
single,1d,ema_trend,100,10.0,3.0,1,7,2010-10-19 00:00:00,2026-07-16 00:00:00,4.380591767566964,12.876328444685914,-8.49573667711895,-0.38908497900674066,0.11283729108928409,0.2900068035968288,0.5931066814390399,0.8478600130166495,0.5684995340167754,1.0994239502050327,1073,4.087116984804743
single,1d,ema_trend,100,10.0,3.0,1,8,2010-10-19 00:00:00,2026-07-16 00:00:00,4.257315125771488,12.876328444685914,-8.619013318914426,-0.37913238442706165,0.11119978127419183,0.29330066710664937,0.5970904294831463,0.8505543831911665,0.5751252086811353,1.0500247047985374,1198,3.971921931114333
single,1d,ema_trend,100,10.0,3.0,1,9,2010-10-19 00:00:00,2026-07-16 00:00:00,4.363868265943822,12.876328444685914,-8.512460178742092,-0.3487912712368675,0.1126172217147623,0.3228785551754329,0.6189910003970687,0.8806602634071914,0.5654169854628921,1.1311262116299667,1307,4.103404978966239
single,1d,ema_trend,100,10.0,3.0,1,10,2010-10-19 00:00:00,2026-07-16 00:00:00,4.18697823294327,12.876328444685914,-8.689350211742644,-0.35149576376050706,0.11024929700172925,0.3136575411954268,0.623724979418646,0.882848172082708,0.5679779158040028,1.1183359345548796,1449,3.9244933713174235
single,1d,ichimoku_cloud+ema_trend,50,10.0,3.0,1,3,2010-10-19 00:00:00,2026-07-16 00:00:00,3.8172010711581086,12.876328444685914,-9.059127373527804,-0.5166895431222107,0.10504472517477548,0.20330336964053794,0.4967855131122684,0.7078081809117368,0.609981515711645,0.8689044203341639,541,3.418753002053708
single,1d,ichimoku_cloud+ema_trend,50,10.0,3.0,1,4,2010-10-19 00:00:00,2026-07-16 00:00:00,3.3200552524657407,12.876328444685914,-9.556273192220173,-0.42167696142189826,0.09742388258977375,0.2310391401542536,0.49296044901396274,0.6982933140875832,0.6097222222222223,0.8426756661780712,720,2.997502496798641
single,1d,ichimoku_cloud+ema_trend,50,10.0,3.0,1,5,2010-10-19 00:00:00,2026-07-16 00:00:00,3.159072092843319,12.876328444685914,-9.717256351842595,-0.3590442333162642,0.09477928264076496,0.26397661860587135,0.5000991328725342,0.7068882205065574,0.6121979286536249,0.8520158499766937,869,2.8868396801764837
single,1d,ichimoku_cloud+ema_trend,50,10.0,3.0,1,6,2010-10-19 00:00:00,2026-07-16 00:00:00,3.1050669909940236,12.876328444685914,-9.77126145369189,-0.3601559133105602,0.09387058890106714,0.26063875513859225,0.5118155405642766,0.7289838603328197,0.6029411764705882,0.886965781629666,1020,2.832296726562504
single,1d,ichimoku_cloud+ema_trend,50,10.0,3.0,1,7,2010-10-19 00:00:00,2026-07-16 00:00:00,2.0336382779883615,12.876328444685914,-10.842690166697553,-0.3616373488862493,0.07305134635294808,0.20200166431351066,0.4392687583324579,0.6142070209083791,0.596252129471891,0.883948602389225,1174,1.7575064616293359
single,1d,ichimoku_cloud+ema_trend,50,10.0,3.0,1,8,2010-10-19 00:00:00,2026-07-16 00:00:00,1.9052443412601336,12.876328444685914,-10.971084103425781,-0.35719419747973835,0.07010720001941673,0.196271945384537,0.4344306186518795,0.6090804032256023,0.5972850678733032,0.8739352728472785,1326,1.6325219018358994
single,1d,ichimoku_cloud+ema_trend,50,10.0,3.0,1,9,2010-10-19 00:00:00,2026-07-16 00:00:00,2.443922893283604,12.876328444685914,-10.43240555140231,-0.33588930679240403,0.0817340522208847,0.24333627349262515,0.4958525795245107,0.6951871012478903,0.6004070556309362,0.8900826620588725,1474,2.190087025235416
single,1d,ichimoku_cloud+ema_trend,50,10.0,3.0,1,10,2010-10-19 00:00:00,2026-07-16 00:00:00,2.8356481012796446,12.876328444685914,-10.040680343406269,-0.3448618249568046,0.08916306176530653,0.25854720735319014,0.5380684921593051,0.7564278417422172,0.5845864661654135,0.9591461151863292,1596,2.57590069607898
single,1d,ichimoku_cloud+ema_trend,100,10.0,3.0,1,3,2010-10-19 00:00:00,2026-07-16 00:00:00,8.87488909865403,12.876328444685914,-4.001439346031884,-0.4183711119564927,0.1566059055246174,0.3743229421177225,0.6593802314142065,0.9598585895097206,0.5995934959349594,1.046711824969684,492,8.559973616031263
single,1d,ichimoku_cloud+ema_trend,100,10.0,3.0,1,4,2010-10-19 00:00:00,2026-07-16 00:00:00,9.630604221846587,12.876328444685914,-3.2457242228393266,-0.41203929917439175,0.16203735430197486,0.3932570379249045,0.7045804833349941,1.0188448846929976,0.598159509202454,1.0710610121795874,652,9.322110197007124
single,1d,ichimoku_cloud+ema_trend,100,10.0,3.0,1,5,2010-10-19 00:00:00,2026-07-16 00:00:00,6.8223171366402635,12.876328444685914,-6.05401130804565,-0.4057488917136588,0.13960957648213745,0.3440787623411708,0.6606682062471809,0.9482534827069634,0.5972568578553616,1.0543983827223466,802,6.517538069456752
single,1d,ichimoku_cloud+ema_trend,100,10.0,3.0,1,6,2010-10-19 00:00:00,2026-07-16 00:00:00,4.965057438203776,12.876328444685914,-7.911271006482138,-0.37672985001389236,0.1201520037545869,0.31893412149357464,0.6076446967901581,0.8601426452561971,0.5841269841269842,1.045847489445725,945,4.681902899096367
single,1d,ichimoku_cloud+ema_trend,100,10.0,3.0,1,7,2010-10-19 00:00:00,2026-07-16 00:00:00,4.112855422284617,12.876328444685914,-8.763473022401296,-0.3802213708075446,0.10923450033911974,0.28729184818601533,0.5795089130194113,0.8274156859320325,0.5641509433962264,1.120816104866385,1060,3.8260635930291635
single,1d,ichimoku_cloud+ema_trend,100,10.0,3.0,1,8,2010-10-19 00:00:00,2026-07-16 00:00:00,4.130702611604142,12.876328444685914,-8.745625833081771,-0.37203259471807704,0.10948009492708022,0.2942755459640391,0.59213453732871,0.8435045460619238,0.5839662447257384,1.0124965237274552,1185,3.8508405719495418
single,1d,ichimoku_cloud+ema_trend,100,10.0,3.0,1,9,2010-10-19 00:00:00,2026-07-16 00:00:00,3.726572086029887,12.876328444685914,-9.149756358656028,-0.3534910013035488,0.10371210669155806,0.2933939090644593,0.5867899052411533,0.8261849989189237,0.5701078582434514,1.0877529758635425,1298,3.4613829821442827
single,1d,ichimoku_cloud+ema_trend,100,10.0,3.0,1,10,2010-10-19 00:00:00,2026-07-16 00:00:00,3.4678525104200544,12.876328444685914,-9.408475934265859,-0.332721460967937,0.09977182982346355,0.29986592849530125,0.5816987681083003,0.819658953587632,0.5705263157894737,1.0790271216608558,1425,3.2191263046889538
triple,none,none,50,,,1,3,2010-03-18 00:00:00,2026-07-16 00:00:00,0.46120700943333315,13.743779643059835,-13.2825726336265,-0.6334393394646561,0.023498832733760633,0.03709721084519379,0.22838829524346405,0.3239829514195248,0.5571923743500866,0.8813597613697611,1154,-0.03869281328108788
triple,none,none,50,,,1,4,2010-03-18 00:00:00,2026-07-16 00:00:00,0.052322196380233166,13.743779643059835,-13.691457446679602,-0.6270018386064666,0.0031282072936302807,0.004989151707406202,0.14919316768642618,0.20844545952186924,0.543046357615894,0.8949693577184612,1510,-0.4448034794743474
triple,none,none,50,,,1,5,2010-03-18 00:00:00,2026-07-16 00:00:00,0.3974839873803715,13.743779643059835,-13.346295655679462,-0.5704000327772072,0.020707714767076224,0.03630384568221871,0.20930970875175894,0.2946422704761081,0.5411954765751211,0.9337327658754899,1857,-0.052556747578841496
triple,none,none,50,,,1,6,2010-03-18 00:00:00,2026-07-16 00:00:00,0.9866299292832457,13.743779643059835,-12.757149713776588,-0.4657707879718763,0.04293541552707203,0.09218142622045354,0.29391929742750683,0.4130895461495859,0.5369595536959554,0.9585829666702359,2151,0.6228308778285697
triple,none,none,50,,,1,7,2010-03-18 00:00:00,2026-07-16 00:00:00,0.6351476217230714,13.743779643059835,-13.108632021336764,-0.5466058848174797,0.030572982676967175,0.05593240674160684,0.24617393017780204,0.34302228368149584,0.5282258064516129,0.9678902360193274,2480,0.2052481317744216
triple,none,none,50,,,1,8,2010-03-18 00:00:00,2026-07-16 00:00:00,0.7131058118972211,13.743779643059835,-13.030673831162613,-0.5373150703485188,0.03351674532292681,0.062378197025419066,0.25905953728347325,0.36251281193492185,0.5235882773409578,0.9867689387036819,2798,0.29102554173691025
triple,none,none,50,,,1,9,2010-03-18 00:00:00,2026-07-16 00:00:00,0.7259835696692896,13.743779643059835,-13.017796073390546,-0.48519754818092875,0.033990876506631684,0.07005574664189479,0.2623880561543366,0.3667402588626484,0.5259549461312438,0.9839273063188366,3063,0.34569717280917667
triple,none,none,50,,,1,10,2010-03-18 00:00:00,2026-07-16 00:00:00,0.379479824426886,13.743779643059835,-13.364299818632949,-0.40709347357045667,0.019897462320360937,0.04887688850879412,0.1994149121745547,0.2757802301222053,0.5239512049985123,0.9867469428195063,3361,0.05978749293575727
triple,none,none,100,,,1,3,2010-05-28 00:00:00,2026-07-16 00:00:00,2.717594341476618,14.464803309684998,-11.74720896820838,-0.5342834859461616,0.08478836543097557,0.15869546347820204,0.41758955313510304,0.6075157156911741,0.5602049530315969,0.9481360889585261,1171,2.302695239313742
triple,none,none,100,,,1,4,2010-05-28 00:00:00,2026-07-16 00:00:00,2.4574763977808334,14.464803309684998,-12.007326911904164,-0.5328624119665728,0.07992219424572289,0.1499865489681725,0.41156943036524263,0.5950430817987916,0.5581699346405229,0.9352138979384286,1530,2.043533551118532
triple,none,none,100,,,1,5,2010-05-28 00:00:00,2026-07-16 00:00:00,1.658197374102143,14.464803309684998,-12.806605935582855,-0.5143805189088195,0.06246846873063605,0.12144407969250752,0.3621102788310781,0.5093773365044313,0.5562162162162162,0.9376893723642478,1850,1.2575562673400196
triple,none,none,100,,,1,6,2010-05-28 00:00:00,2026-07-16 00:00:00,2.0364231936334196,14.464803309684998,-12.428380116051578,-0.458820848551019,0.0712651272397411,0.1553223386966835,0.3994594883614401,0.5623917290456971,0.5369158878504673,1.019764933066005,2140,1.6813502994434477
triple,none,none,100,,,1,7,2010-05-28 00:00:00,2026-07-16 00:00:00,1.5953124065747684,14.464803309684998,-12.86949090311023,-0.44737211705410107,0.06089305115585342,0.1361127545382753,0.36666007750283025,0.5113586216507479,0.5321326238231683,1.0184924022273816,2443,1.2484145152565724
triple,none,none,100,,,1,8,2010-05-28 00:00:00,2026-07-16 00:00:00,1.5212105077662308,14.464803309684998,-12.943592801918767,-0.4536730119996536,0.05899000049220615,0.13002757257302136,0.3651265454093675,0.5085448053945973,0.5368536853685368,0.9989285398310835,2727,1.169225894528789
triple,none,none,100,,,1,9,2010-05-28 00:00:00,2026-07-16 00:00:00,1.663370845457488,14.464803309684998,-12.80143246422751,-0.44627115683488383,0.06259651547768064,0.14026565355833823,0.3856068763514434,0.5385281528594869,0.536,1.006371046562465,3000,1.3179221262801244
triple,none,none,100,,,1,10,2010-05-28 00:00:00,2026-07-16 00:00:00,1.2985842888139798,14.464803309684998,-13.166219020871019,-0.43327847655014484,0.05293953310424393,0.12218362085686721,0.3483183809485019,0.4820272247429664,0.5335169880624426,1.0042621490997083,3267,0.9624110590023189
triple,none,ichimoku_cloud,50,,,1,3,2010-04-27 00:00:00,2026-07-16 00:00:00,0.3737489155723033,13.292561920213759,-12.918813004641455,-0.6163897362010353,0.01977136524925238,0.03207607798778135,0.21507143908436224,0.30422972353654315,0.5563442768411713,0.8812782799047288,1127,-0.11291073021599415
triple,none,ichimoku_cloud,50,,,1,4,2010-04-27 00:00:00,2026-07-16 00:00:00,-0.12148975856688071,13.292561920213759,-13.41405167878064,-0.6481291150776697,-0.007954352924318675,-0.012272790620377316,0.10705538927842752,0.14917738881370263,0.5393028024606972,0.8966668645444533,1463,-0.6367813889506636
triple,none,ichimoku_cloud,50,,,1,5,2010-04-27 00:00:00,2026-07-16 00:00:00,0.1943714958097973,13.292561920213759,-13.098190424403962,-0.6043578729078187,0.011011526131931015,0.01822020796874864,0.1707109074423193,0.23940567859445458,0.532058492688414,0.9560470705451606,1778,-0.28399347529318814
triple,none,ichimoku_cloud,50,,,1,6,2010-04-27 00:00:00,2026-07-16 00:00:00,0.5091015926625404,13.292561920213759,-12.783460327551218,-0.5029155362206812,0.02569694526676658,0.05109594636879674,0.22631452932771126,0.31749909032542534,0.5353390639923591,0.9458365904488609,2094,0.11355859956582677
triple,none,ichimoku_cloud,50,,,1,7,2010-04-27 00:00:00,2026-07-16 00:00:00,0.2460485270402024,13.292561920213759,-13.046513393173557,-0.5374585902771964,0.013655312746821302,0.025407190421458364,0.17432141423973932,0.2424595878558166,0.5243445692883895,0.9713145426447848,2403,-0.17868870275436258
triple,none,ichimoku_cloud,50,,,1,8,2010-04-27 00:00:00,2026-07-16 00:00:00,0.2630649364760218,13.292561920213759,-13.029496983737737,-0.5236134021558874,0.014503382096211936,0.027698645673500288,0.1762726938308853,0.24628558347118454,0.5223880597014925,0.9703506305059283,2680,-0.15053760443376157
triple,none,ichimoku_cloud,50,,,1,9,2010-04-27 00:00:00,2026-07-16 00:00:00,0.5132553984600183,13.292561920213759,-12.77930652175374,-0.4645885374750046,0.025870790078958095,0.055685381777956525,0.22681758634377905,0.31597719465147517,0.5174537987679672,1.0023493181553615,2922,0.14838909607032796
triple,none,ichimoku_cloud,50,,,1,10,2010-04-27 00:00:00,2026-07-16 00:00:00,0.1406485857648372,13.292561920213759,-13.15191333444892,-0.4604329560705205,0.008146749246079166,0.017693671008274653,0.14273524989638858,0.19637092546808757,0.5196384039900249,0.9815335162650217,3208,-0.2234157215946876
triple,none,ichimoku_cloud,100,,,1,3,2010-05-28 00:00:00,2026-07-16 00:00:00,2.35783864206714,14.464803309684998,-12.106964667617858,-0.554230859646285,0.07796672183116748,0.14067553344273634,0.39877435158421426,0.5748045973473174,0.5559410234171726,0.957038958565637,1153,1.9264171848976384
triple,none,ichimoku_cloud,100,,,1,4,2010-05-28 00:00:00,2026-07-16 00:00:00,2.491061607225851,14.464803309684998,-11.973741702459147,-0.5411888270940179,0.0805694327772255,0.14887490048501795,0.4156572238973012,0.6024786286240185,0.5589022757697456,0.9342288056597685,1494,2.0705802622675558
triple,none,ichimoku_cloud,100,,,1,5,2010-05-28 00:00:00,2026-07-16 00:00:00,2.250391242619648,14.464803309684998,-12.21441206706535,-0.4961903088246721,0.07579601817061032,0.15275594227172362,0.41168962767166656,0.5822204622286198,0.5530600786075238,0.9495003465838376,1781,1.86578968439006
triple,none,ichimoku_cloud,100,,,1,6,2010-05-28 00:00:00,2026-07-16 00:00:00,2.1798457055609646,14.464803309684998,-12.284957604124033,-0.4500953893764681,0.07433391366974607,0.16515146660960753,0.4133807821758957,0.5857923508803722,0.5385728061716489,1.0126060601136202,2074,1.832170817525067
triple,none,ichimoku_cloud,100,,,1,7,2010-05-28 00:00:00,2026-07-16 00:00:00,1.4603254883198935,14.464803309684998,-13.004477821365104,-0.4537201073861732,0.05738669797506102,0.12648039405980674,0.355797773982515,0.4992580609285581,0.5290377278507842,1.0289227672294938,2359,1.1080233356304303
triple,none,ichimoku_cloud,100,,,1,8,2010-05-28 00:00:00,2026-07-16 00:00:00,1.2584404752502039,14.464803309684998,-13.206362834434794,-0.44561023718476445,0.05179032527696226,0.11622337405028761,0.33787054900708013,0.4725298777068423,0.5332068311195446,0.9984584338932733,2635,0.9120884019726047
triple,none,ichimoku_cloud,100,,,1,9,2010-05-28 00:00:00,2026-07-16 00:00:00,1.5986794821677255,14.464803309684998,-12.866123827517272,-0.4066392603323882,0.060978307065852055,0.14995676269922437,0.3814003772779967,0.5325994864762839,0.5327329407689643,1.0078434052760048,2887,1.284810085220155
triple,none,ichimoku_cloud,100,,,1,10,2010-05-28 00:00:00,2026-07-16 00:00:00,1.0694883366174692,14.464803309684998,-13.395314973067528,-0.4369672671529352,0.04610984043186761,0.10552241299971221,0.3208293970352854,0.4443190156403483,0.5260300223570744,1.0169402506868745,3131,0.7295394048061796
triple,none,ema_trend,50,,,1,3,2010-10-19 00:00:00,2026-07-16 00:00:00,0.36081516814215164,12.876328444685914,-12.515513276543762,-0.7011075346341702,0.019766245284205564,0.02819288669393542,0.21553389535400763,0.3062440450634056,0.5571687840290381,0.8740493271842901,1102,-0.19360484270456432
triple,none,ema_trend,50,,,1,4,2010-10-19 00:00:00,2026-07-16 00:00:00,0.4492825238182139,12.876328444685914,-12.4270459208677,-0.6919296957428103,0.023855111839455878,0.0344762076063907,0.223277376048035,0.31242895958883143,0.5481171548117155,0.9047093917669872,1434,-0.09756291149459334
triple,none,ema_trend,50,,,1,5,2010-10-19 00:00:00,2026-07-16 00:00:00,0.5813466744441276,12.876328444685914,-12.294981770241787,-0.5920052747824568,0.02954360647418275,0.04990429601330679,0.24210561040570844,0.3421289553549034,0.5418803418803418,0.9492679089728849,1755,0.11500562293033337
triple,none,ema_trend,50,,,1,6,2010-10-19 00:00:00,2026-07-16 00:00:00,1.1217552228546772,12.876328444685914,-11.754573221831237,-0.49438459402645385,0.04895259587710643,0.09901723570796998,0.31897826646599586,0.4504590070075688,0.5464268351968887,0.942689083874208,2057,0.7358168956274941
triple,none,ema_trend,50,,,1,7,2010-10-19 00:00:00,2026-07-16 00:00:00,1.1591388652699433,12.876328444685914,-11.71718957941597,-0.5204500957654817,0.05011721233779176,0.09629590376783197,0.32830598383962845,0.46229987692549074,0.5378755818874312,0.9764164515472016,2363,0.7526279681727467
triple,none,ema_trend,50,,,1,8,2010-10-19 00:00:00,2026-07-16 00:00:00,1.1021324396859216,12.876328444685914,-11.774196004999993,-0.4357820684650142,0.04833357261996518,0.11091225664748877,0.32489200890896036,0.4562645433470149,0.5352649637819291,0.9773503169342661,2623,0.7632535451811789
triple,none,ema_trend,50,,,1,9,2010-10-19 00:00:00,2026-07-16 00:00:00,1.2517737466836283,12.876328444685914,-11.624554698002285,-0.43762684099129356,0.05292364952729245,0.12093328052596607,0.3491158867635686,0.48947088438123215,0.5330535152151101,1.0004207157002183,2859,0.9121457504935004
triple,none,ema_trend,50,,,1,10,2010-10-19 00:00:00,2026-07-16 00:00:00,0.4765914006031913,12.876328444685914,-12.399737044082723,-0.4377387132435191,0.02507013573815664,0.0572719181093079,0.2240536784288306,0.3095715579930127,0.52288,1.004477693504805,3125,0.1331220403612409
triple,none,ema_trend,100,,,1,3,2010-10-19 00:00:00,2026-07-16 00:00:00,1.31794424808862,12.876328444685914,-11.558384196597293,-0.5370293995661711,0.05486288166880904,0.10215992218140936,0.3280746663143157,0.46988647827549435,0.5535872453498671,0.9354501356822768,1129,0.8981629684251126
triple,none,ema_trend,100,,,1,4,2010-10-19 00:00:00,2026-07-16 00:00:00,2.2341344836414283,12.876328444685914,-10.642193961044486,-0.5383987118835987,0.07742327184299835,0.14380285489935793,0.40607341287633253,0.5831326218515563,0.5562330623306233,0.9390843604533603,1476,1.8155977165208395
triple,none,ema_trend,100,,,1,5,2010-10-19 00:00:00,2026-07-16 00:00:00,1.6157821262464465,12.876328444685914,-11.260546318439467,-0.4941564299752418,0.06299541676046072,0.12748071853201812,0.3643773571636301,0.515241746776813,0.554122265844083,0.9333149680646365,1783,1.2313883029811619
triple,none,ema_trend,100,,,1,6,2010-10-19 00:00:00,2026-07-16 00:00:00,2.251291622220147,12.876328444685914,-10.625036822465766,-0.4854694393993386,0.0777855103513363,0.16022740885106734,0.4244131006023736,0.602663901877492,0.5329428989751098,1.0358406308329866,2049,1.8756484637187474
triple,none,ema_trend,100,,,1,7,2010-10-19 00:00:00,2026-07-16 00:00:00,1.548999302689801,12.876328444685914,-11.327329141996113,-0.4943072095308938,0.06125023931024054,0.1239112805341603,0.3697295399785733,0.5182604515508323,0.5296901893287436,1.0230804473385826,2324,1.1646454212644433
triple,none,ema_trend,100,,,1,8,2010-10-19 00:00:00,2026-07-16 00:00:00,0.9257573373754155,12.876328444685914,-11.950571107310498,-0.4570272443496014,0.04251312355102055,0.09302098305216194,0.2980554730211704,0.4140708455180356,0.5312380222307398,1.0078927946386733,2609,0.5690772060863695
triple,none,ema_trend,100,,,1,9,2010-10-19 00:00:00,2026-07-16 00:00:00,1.0803043094952,12.876328444685914,-11.796024135190713,-0.43262438591660035,0.047638589099186834,0.11011535791782763,0.32343143239185174,0.44945148074406005,0.5325174825174825,1.0006709268306593,2860,0.7439077437336753
triple,none,ema_trend,100,,,1,10,2010-10-19 00:00:00,2026-07-16 00:00:00,0.7858800877032965,12.876328444685914,-12.090448356982618,-0.4237896278590211,0.03753051465614754,0.0885593044024016,0.2810394592488545,0.38805663732498596,0.5296379365587952,0.9992690711689126,3121,0.4552795691935453
triple,none,ichimoku_cloud+ema_trend,50,,,1,3,2010-10-19 00:00:00,2026-07-16 00:00:00,0.24358664402532337,12.876328444685914,-12.63274180066059,-0.7069376811473502,0.013946483548981092,0.01972802401245063,0.195238239710432,0.2767486421512569,0.5539170506912442,0.8789969559025458,1085,-0.3161063537012439
triple,none,ichimoku_cloud+ema_trend,50,,,1,4,2010-10-19 00:00:00,2026-07-16 00:00:00,0.13633304296275117,12.876328444685914,-12.739995401723164,-0.7144270989509729,0.008152955864115352,0.011411879359121068,0.16539175537981732,0.2310499614402858,0.5454545454545454,0.8933458649497846,1419,-0.43024688353663265
triple,none,ichimoku_cloud+ema_trend,50,,,1,5,2010-10-19 00:00:00,2026-07-16 00:00:00,0.228106384308584,12.876328444685914,-12.64822206037733,-0.6388712335526032,0.013139881104171414,0.020567338790797984,0.17852956032529743,0.2506396742956763,0.5386852821407795,0.9432622784510818,1719,-0.2776347157237397
triple,none,ichimoku_cloud+ema_trend,50,,,1,6,2010-10-19 00:00:00,2026-07-16 00:00:00,0.6914460842924997,12.876328444685914,-12.184882360393415,-0.5255198361299627,0.03395557038193697,0.0646132991515465,0.2597614403932852,0.3649018155133592,0.5437469105289174,0.9370420375553661,2023,0.2788230586003281
triple,none,ichimoku_cloud+ema_trend,50,,,1,7,2010-10-19 00:00:00,2026-07-16 00:00:00,0.46473689265566054,12.876328444685914,-12.411591552030254,-0.5847980991484348,0.02454531296049889,0.041972285813242256,0.22079444917459637,0.30802375124181613,0.5358686257562663,0.9571178350910778,2314,0.0035222468121505384
triple,none,ichimoku_cloud+ema_trend,50,,,1,8,2010-10-19 00:00:00,2026-07-16 00:00:00,0.6015700734988878,12.876328444685914,-12.274758371187026,-0.4832016342325117,0.030375145621729827,0.06286225763697151,0.24675319777604096,0.34531072529799456,0.5334630350194552,0.9615494356981232,2570,0.22241136204615963
triple,none,ichimoku_cloud+ema_trend,50,,,1,9,2010-10-19 00:00:00,2026-07-16 00:00:00,1.1019938257960313,12.876328444685914,-11.774334618889883,-0.43959247141853985,0.04832918066886127,0.10994087435780181,0.3290058416216072,0.4622490762128767,0.5273703041144902,1.0170764960593317,2795,0.7601900239098477
triple,none,ichimoku_cloud+ema_trend,50,,,1,10,2010-10-19 00:00:00,2026-07-16 00:00:00,0.3703695212810725,12.876328444685914,-12.505958923404842,-0.47787664471490776,0.02021964063567383,0.042311422538208555,0.20062881517183798,0.27712934799539096,0.5200783545543585,0.9942789383436137,3063,-0.005912930035698603
triple,none,ichimoku_cloud+ema_trend,100,,,1,3,2010-10-19 00:00:00,2026-07-16 00:00:00,1.9734621304284108,12.876328444685914,-10.902866314257503,-0.5578501498136941,0.07168630423753708,0.12850458902176193,0.38014820454311854,0.5458492508836595,0.5581188997338066,0.9282389670841166,1127,1.5385864567137493
triple,none,ichimoku_cloud+ema_trend,100,,,1,4,2010-10-19 00:00:00,2026-07-16 00:00:00,2.614146987926909,12.876328444685914,-10.262181456759006,-0.5504287159563367,0.08505478148302092,0.1545246078508883,0.43234351951530514,0.6235051926254034,0.5587828492392808,0.9427283101142291,1446,2.1867743207472987
triple,none,ichimoku_cloud+ema_trend,100,,,1,5,2010-10-19 00:00:00,2026-07-16 00:00:00,1.9456697929737676,12.876328444685914,-10.930658651712147,-0.5000385286920808,0.07104710493767086,0.14208326131089197,0.3943358465635015,0.5594372645937771,0.5526011560693641,0.9531642691913137,1730,1.557469045417008
triple,none,ichimoku_cloud+ema_trend,100,,,1,6,2010-10-19 00:00:00,2026-07-16 00:00:00,2.063734556734887,12.876328444685914,-10.812593887951028,-0.47633490718954274,0.07372456818586715,0.1547746492501561,0.4110346733120131,0.5825764494500124,0.5372471632955106,1.0143520486903859,2027,1.694997671182613
triple,none,ichimoku_cloud+ema_trend,100,,,1,7,2010-10-19 00:00:00,2026-07-16 00:00:00,1.4603076031518976,12.876328444685914,-11.416020841534017,-0.4738690364185708,0.058865131847839036,0.12422236382594785,0.3614186695779583,0.5073938208571985,0.5293602103418055,1.0270616996924402,2282,1.0920549341043797
triple,none,ichimoku_cloud+ema_trend,100,,,1,8,2010-10-19 00:00:00,2026-07-16 00:00:00,1.192904811602034,12.876328444685914,-11.68342363308388,-0.4505203943843853,0.051153008223535634,0.11354204795419703,0.3356980952199499,0.46832164011885985,0.5313479623824452,1.0036061933207836,2552,0.8425594389511243
triple,none,ichimoku_cloud+ema_trend,100,,,1,9,2010-10-19 00:00:00,2026-07-16 00:00:00,1.3685714414524353,12.876328444685914,-11.507757003233479,-0.4113512462368979,0.05631189609041898,0.13689492035229878,0.36239974706004346,0.5058660065143984,0.5341926244181884,1.0032690470843677,2793,1.0503624368747182
triple,none,ichimoku_cloud+ema_trend,100,,,1,10,2010-10-19 00:00:00,2026-07-16 00:00:00,1.0401314489915845,12.876328444685914,-11.83619699569433,-0.40945079623782177,0.0463414881523756,0.1131796264122027,0.32318059391831294,0.44733776654584695,0.52354297003622,1.025550994903181,3037,0.7222662298188763
triple,1d,none,50,,,1,3,2010-03-18 00:00:00,2026-07-16 00:00:00,1.756045193925722,13.743779643059835,-11.987734449134113,-0.45617841269050696,0.06405534085749687,0.14041729962560734,0.36910872243788,0.5308679106763401,0.5485122897800776,1.0143957804663772,773,1.4021757254464529
triple,1d,none,50,,,1,4,2010-03-18 00:00:00,2026-07-16 00:00:00,2.014697111018242,13.743779643059835,-11.729082532041593,-0.4309480564121674,0.06991692991829179,0.16223980797217435,0.4057149312355551,0.5738467483280707,0.5493096646942801,1.0122825053959148,1014,1.682110113825575
triple,1d,none,50,,,1,5,2010-03-18 00:00:00,2026-07-16 00:00:00,2.1205342459500383,13.743779643059835,-11.623245397109796,-0.3762261880228057,0.07218022828129578,0.19185328023183867,0.426298742744235,0.612817385506698,0.5431596091205212,1.054730369407352,1228,1.8323422578141206
triple,1d,none,50,,,1,6,2010-03-18 00:00:00,2026-07-16 00:00:00,1.303187695633678,13.743779643059835,-12.440591947426157,-0.3891337425799639,0.052422047556686335,0.13471473126212902,0.3500255905269717,0.49292937685624094,0.5289256198347108,1.0647905135731504,1452,1.002381469285516
triple,1d,none,50,,,1,7,2010-03-18 00:00:00,2026-07-16 00:00:00,1.4041069182247097,13.743779643059835,-12.339672724835125,-0.42924774540857746,0.055189702977821664,0.12857307596406733,0.3706517174926234,0.5225236206292309,0.5291319857312723,1.0734274881468688,1682,1.0718282734226263
triple,1d,none,50,,,1,8,2010-03-18 00:00:00,2026-07-16 00:00:00,1.7406174133107761,13.743779643059835,-12.003162229749059,-0.4266174934521323,0.06368959647358086,0.14928969733100506,0.41998733755842593,0.5935545795284225,0.5271966527196653,1.0940805702153642,1912,1.4119230386758232
triple,1d,none,50,,,1,9,2010-03-18 00:00:00,2026-07-16 00:00:00,1.5106491249310756,13.743779643059835,-12.233130518128759,-0.35509866360785525,0.057995638522090776,0.16332260429494852,0.39710495929248735,0.5605503191100916,0.5183946488294314,1.1151574869653438,2093,1.2384833428235662
triple,1d,none,50,,,1,10,2010-03-18 00:00:00,2026-07-16 00:00:00,1.0698687668397184,13.743779643059835,-12.673910876220116,-0.3314525125192004,0.045560368918890815,0.13745670102968852,0.3408982429459339,0.4755316795893859,0.5145922746781116,1.09279148506701,2330,0.8149337041127361
triple,1d,none,100,,,1,3,2010-05-28 00:00:00,2026-07-16 00:00:00,4.4182716418097066,14.464803309684998,-10.046531667875291,-0.4551849589802286,0.11041398396826851,0.24256949134618583,0.5310521704485769,0.7890741620733034,0.532608695652174,1.1818619099593015,736,4.0700552397389815
triple,1d,none,100,,,1,4,2010-05-28 00:00:00,2026-07-16 00:00:00,3.7280994153646967,14.464803309684998,-10.7367038943203,-0.4152027796648038,0.10107597949675662,0.24343762722002002,0.5241055600691353,0.7621561677243152,0.5351239669421488,1.1494503622146275,968,3.4116603584349274
triple,1d,none,100,,,1,5,2010-05-28 00:00:00,2026-07-16 00:00:00,4.483554070631693,14.464803309684998,-9.981249239053305,-0.3819671603001932,0.1112385627643322,0.2912254620970774,0.5887003227228129,0.8521002298653148,0.5375323554788611,1.1674554025177069,1159,4.195641352073223
triple,1d,none,100,,,1,6,2010-05-28 00:00:00,2026-07-16 00:00:00,3.617376540885182,14.464803309684998,-10.847426768799815,-0.3826675765137757,0.09945999039847897,0.2599122489148189,0.5554589200033817,0.7970788405859708,0.5140591204037491,1.2327072687310907,1387,3.3279062472742633
triple,1d,none,100,,,1,7,2010-05-28 00:00:00,2026-07-16 00:00:00,2.574653578265418,14.464803309684998,-11.89014973141958,-0.36659943774276904,0.08215536150608882,0.22410116614454434,0.4947964478518284,0.696675312152015,0.5128526645768025,1.214461201919704,1595,2.2962179215067575
triple,1d,none,100,,,1,8,2010-05-28 00:00:00,2026-07-16 00:00:00,1.9149319814583965,14.464803309684998,-12.549871328226601,-0.3638855376593828,0.06855730206269683,0.1884034812256548,0.44205107843548963,0.6163227440609859,0.5056625141562854,1.2191268276604945,1766,1.637085083683955
triple,1d,none,100,,,1,9,2010-05-28 00:00:00,2026-07-16 00:00:00,2.5762775270291027,14.464803309684998,-11.888525782655895,-0.34173759544461,0.08218582566864341,0.24049395432105555,0.5171779908053089,0.7251248099844082,0.5155310621242485,1.1907500800800312,1996,2.318402790397574
triple,1d,none,100,,,1,10,2010-05-28 00:00:00,2026-07-16 00:00:00,2.1749419892192323,14.464803309684998,-12.289861320465764,-0.32075294271222277,0.07423115305965844,0.2314278161627284,0.4868495447044199,0.678328160733073,0.5127157129881925,1.1750941079058461,2202,1.9329451213905868
triple,1d,ichimoku_cloud,50,,,1,3,2010-04-27 00:00:00,2026-07-16 00:00:00,1.7575813730893874,13.292561920213759,-11.534980547124372,-0.4902867005365811,0.06453808750314449,0.13163336356566988,0.3709895811706693,0.5342241245176721,0.5473411154345007,1.0184267447373192,771,1.3764817000952427
triple,1d,ichimoku_cloud,50,,,1,4,2010-04-27 00:00:00,2026-07-16 00:00:00,2.1350550614099695,13.292561920213759,-11.157506858803789,-0.3912642065735048,0.07299199096037645,0.1865542253394544,0.41759801424665954,0.5927664590078938,0.5506958250497018,1.0066548910175097,1006,1.8345716365785654
triple,1d,ichimoku_cloud,50,,,1,5,2010-04-27 00:00:00,2026-07-16 00:00:00,2.15337136904496,13.292561920213759,-11.139190551168799,-0.3874604579373163,0.07337744874341023,0.18938048319573633,0.4324943442715888,0.6219947678892691,0.5391591096455071,1.0807605036306065,1213,1.8563778330232543
triple,1d,ichimoku_cloud,50,,,1,6,2010-04-27 00:00:00,2026-07-16 00:00:00,1.5633939612262822,13.292561920213759,-11.729167958987476,-0.3871306305861122,0.059756062523733444,0.15435632781953554,0.3840543376342361,0.5442990887601358,0.5288394718554552,1.0795503609993697,1439,1.2652110868864195
triple,1d,ichimoku_cloud,50,,,1,7,2010-04-27 00:00:00,2026-07-16 00:00:00,1.5936391137584267,13.292561920213759,-11.698922806455332,-0.42995136703529147,0.060522768723289655,0.14076654562263968,0.39690552618357394,0.5609122531960632,0.5284601557819053,1.0846732190421835,1669,1.2615851859157008
triple,1d,ichimoku_cloud,50,,,1,8,2010-04-27 00:00:00,2026-07-16 00:00:00,1.6667109600069518,13.292561920213759,-11.625850960206806,-0.4262794225294685,0.06234104793264672,0.14624456316170673,0.41501114270107653,0.5851109360312645,0.5219925808161102,1.1111648719812517,1887,1.3381377562644092
triple,1d,ichimoku_cloud,50,,,1,9,2010-04-27 00:00:00,2026-07-16 00:00:00,1.6429103116679182,13.292561920213759,-11.64965160854584,-0.3511757699967586,0.06175399500128931,0.17584924780505018,0.41995415002822933,0.5911488600843299,0.5218023255813954,1.11553556894726,2064,1.3745683201713583
triple,1d,ichimoku_cloud,50,,,1,10,2010-04-27 00:00:00,2026-07-16 00:00:00,1.0528482990501953,13.292561920213759,-12.239713621163563,-0.3299914133827111,0.045342642325369775,0.1374055217393889,0.34084390532338543,0.4739016360295463,0.5175131348511384,1.0945998442055467,2284,0.7990804855037279
triple,1d,ichimoku_cloud,100,,,1,3,2010-05-28 00:00:00,2026-07-16 00:00:00,4.875171701075686,14.464803309684998,-9.589631608609311,-0.4543728867488792,0.11599985259850487,0.25529659885409306,0.5504116928769188,0.8179605548574909,0.5422818791946309,1.1530224922102725,745,4.52818574246289
triple,1d,ichimoku_cloud,100,,,1,4,2010-05-28 00:00:00,2026-07-16 00:00:00,4.343705936342178,14.464803309684998,-10.12109737334282,-0.38986812730146103,0.10946066944979171,0.28076331914445657,0.5533803785629842,0.8083571848787334,0.5424769703172978,1.1128242450600625,977,4.048412845857898
triple,1d,ichimoku_cloud,100,,,1,5,2010-05-28 00:00:00,2026-07-16 00:00:00,4.130322797683216,14.464803309684998,-10.334480512001782,-0.36574197938978525,0.10666198600709165,0.2916317842022118,0.5693810735570511,0.824083660443504,0.5385281385281385,1.1515910721063805,1155,3.854810646378099
triple,1d,ichimoku_cloud,100,,,1,6,2010-05-28 00:00:00,2026-07-16 00:00:00,3.780598548350188,14.464803309684998,-10.68420476133481,-0.3721649243413454,0.1018298299257816,0.2736147961982157,0.5671927768262961,0.8136113589583287,0.5209840810419681,1.2166892401418572,1382,3.4998823921819002
triple,1d,ichimoku_cloud,100,,,1,7,2010-05-28 00:00:00,2026-07-16 00:00:00,2.5254333466146623,14.464803309684998,-11.939369963070336,-0.36581768504652357,0.08122580938319501,0.22203904486702158,0.49219220039543515,0.6945445820391614,0.5107323232323232,1.2184465888374452,1584,2.2475449645893066
triple,1d,ichimoku_cloud,100,,,1,8,2010-05-28 00:00:00,2026-07-16 00:00:00,2.0406960174695854,14.464803309684998,-12.424107292215412,-0.3388999869532596,0.07135849930745564,0.21055916805714497,0.45710549183071353,0.6399456620954838,0.5152198421645998,1.1810115158433225,1774,1.783289192661899
triple,1d,ichimoku_cloud,100,,,1,9,2010-05-28 00:00:00,2026-07-16 00:00:00,2.583768376908581,14.464803309684998,-11.881034932776416,-0.33084705508485257,0.08232618110141066,0.2488345591599611,0.5199268936825149,0.7325103280251034,0.518406454866364,1.1752061388848178,1983,2.3346885396511743
triple,1d,ichimoku_cloud,100,,,1,10,2010-05-28 00:00:00,2026-07-16 00:00:00,1.8164569740581045,14.464803309684998,-12.648346335626893,-0.30882441093824375,0.0662836289741282,0.21463209068464176,0.44673726157674926,0.6227923707565381,0.5135011441647597,1.1511330474686632,2185,1.582799563154812
triple,1d,ema_trend,50,,,1,3,2010-10-19 00:00:00,2026-07-16 00:00:00,1.1075514248676024,12.876328444685914,-11.768777019818312,-0.5580143603967517,0.04850505979457287,0.08692439341540506,0.31317709761621637,0.44596740275047964,0.5465587044534413,0.9890628458049671,741,0.6705352494786876
triple,1d,ema_trend,50,,,1,4,2010-10-19 00:00:00,2026-07-16 00:00:00,2.5526441932082684,12.876328444685914,-10.323684251477646,-0.4133021231458691,0.08387222043428166,0.20293198543449087,0.4615151644778357,0.6518395703819603,0.5504115226337448,1.0494994868281418,972,2.235847949625908
triple,1d,ema_trend,50,,,1,5,2010-10-19 00:00:00,2026-07-16 00:00:00,3.1047560524270414,12.876328444685914,-9.771572392258872,-0.36994020764430235,0.09386532468618358,0.2537310699042347,0.5201640661457235,0.7505725909146421,0.5477815699658704,1.0757206598966766,1172,2.824408808295971
triple,1d,ema_trend,50,,,1,6,2010-10-19 00:00:00,2026-07-16 00:00:00,2.22332277494972,12.876328444685914,-10.653005669736194,-0.3878941482968169,0.07719407888573948,0.19900810369191368,0.4647940659039107,0.6624423113928128,0.5367435158501441,1.0917220289416336,1388,1.9269512782893838
triple,1d,ema_trend,50,,,1,7,2010-10-19 00:00:00,2026-07-16 00:00:00,1.9686189799844191,12.876328444685914,-10.907709464701494,-0.40046549497713047,0.07157531967266384,0.17873030403468673,0.4524198083009227,0.6407897755001423,0.53428927680798,1.0905594557946745,1604,1.6618191782517424
triple,1d,ema_trend,50,,,1,8,2010-10-19 00:00:00,2026-07-16 00:00:00,1.7324261666092866,12.876328444685914,-11.143902278076627,-0.38575090023482117,0.06594584076411758,0.17095447016189425,0.43601117184418176,0.6142397804232419,0.5328227571115973,1.0884509838103742,1828,1.4369057815767552
triple,1d,ema_trend,50,,,1,9,2010-10-19 00:00:00,2026-07-16 00:00:00,1.536476593103326,12.876328444685914,-11.339851851582587,-0.34464073037834386,0.06091823374975225,0.176758660193404,0.41932026867424727,0.587107576023881,0.5261044176706827,1.1115319960225116,1992,1.2733436168608783
triple,1d,ema_trend,50,,,1,10,2010-10-19 00:00:00,2026-07-16 00:00:00,1.2150240152437632,12.876328444685914,-11.66130442944215,-0.3142220983032987,0.05182346513824054,0.16492622707973462,0.3782708120806687,0.5270732078201908,0.5193868349864743,1.1133272084714352,2218,0.9749944609635444
triple,1d,ema_trend,100,,,1,3,2010-10-19 00:00:00,2026-07-16 00:00:00,4.525900719541761,12.876328444685914,-8.350427725144153,-0.45660984149181505,0.11472293738427508,0.2512493751984352,0.5464440048899859,0.8109150827476082,0.5349162011173184,1.1863060564482577,716,4.177006166495008
triple,1d,ema_trend,100,,,1,4,2010-10-19 00:00:00,2026-07-16 00:00:00,3.5834047703369336,12.876328444685914,-9.29292367434898,-0.40400277791072514,0.10155739599628255,0.25137796458103634,0.5254396708570267,0.7632692637809035,0.5348101265822784,1.149163242769893,948,3.2759657381340643
triple,1d,ema_trend,100,,,1,5,2010-10-19 00:00:00,2026-07-16 00:00:00,4.419256746256324,12.876328444685914,-8.45707169842959,-0.3483740206367226,0.11334365219095943,0.3253504724141066,0.596232509004831,0.8631404108308954,0.5385964912280702,1.1645376989748197,1140,4.158444505017091
triple,1d,ema_trend,100,,,1,6,2010-10-19 00:00:00,2026-07-16 00:00:00,3.5608926391421054,12.876328444685914,-9.315435805543808,-0.36436106696347215,0.10121286027034682,0.27778176497790746,0.5607719074777805,0.8075944805293783,0.5150403521643434,1.2297953770614174,1363,3.286226942795661
triple,1d,ema_trend,100,,,1,7,2010-10-19 00:00:00,2026-07-16 00:00:00,2.5141123080332908,12.876328444685914,-10.362216136652624,-0.3588843679123994,0.08312153153819524,0.23161090025098136,0.4993130464013155,0.7032879835426135,0.51252408477842,1.216898731435738,1557,2.241984205095411
triple,1d,ema_trend,100,,,1,8,2010-10-19 00:00:00,2026-07-16 00:00:00,1.8868940192240613,12.876328444685914,-10.989434425461852,-0.35393119983710164,0.06967650088308863,0.19686453444951318,0.44707213322856765,0.625214305285452,0.5100748416810593,1.1903396535853181,1737,1.617161223351237
triple,1d,ema_trend,100,,,1,9,2010-10-19 00:00:00,2026-07-16 00:00:00,2.3170656599766284,12.876328444685914,-10.559262784709286,-0.3255643793816456,0.07915780965379593,0.24314026554177326,0.5015159554121171,0.7026980055883197,0.5160796324655437,1.1755548193010465,1959,2.071659635133676
triple,1d,ema_trend,100,,,1,10,2010-10-19 00:00:00,2026-07-16 00:00:00,1.917197630764215,12.876328444685914,-10.9591308139217,-0.30999997634490295,0.07038638671837005,0.2270528777075094,0.46682704373715583,0.6510175157615128,0.5159648310967145,1.151320702614463,2161,1.6832024610004073
triple,1d,ichimoku_cloud+ema_trend,50,,,1,3,2010-10-19 00:00:00,2026-07-16 00:00:00,1.4616184775838335,12.876328444685914,-11.41470996710208,-0.574235376270652,0.058900966395248666,0.10257286267832987,0.35088797840725333,0.5010971500160836,0.5518169582772544,0.986993091161476,743,1.0127568159195295
triple,1d,ichimoku_cloud+ema_trend,50,,,1,4,2010-10-19 00:00:00,2026-07-16 00:00:00,2.68736883279017,12.876328444685914,-10.188959611895744,-0.3922121009900754,0.08643834311970555,0.22038673182572915,0.471895734163336,0.66849106839155,0.5526859504132231,1.0465516440484557,968,2.38775602402301
triple,1d,ichimoku_cloud+ema_trend,50,,,1,5,2010-10-19 00:00:00,2026-07-16 00:00:00,3.1653630477158554,12.876328444685914,-9.710965396970058,-0.37091676100666615,0.09488441519419899,0.25581053532518505,0.5244743766281709,0.7572628409231376,0.5449871465295629,1.0950933374911078,1167,2.8843638702093677
triple,1d,ichimoku_cloud+ema_trend,50,,,1,6,2010-10-19 00:00:00,2026-07-16 00:00:00,2.2209775422135216,12.876328444685914,-10.655350902472392,-0.3883601636659232,0.07714426825702203,0.19864104373841854,0.465519000507098,0.6632254969914827,0.5354558610709117,1.0967123554578961,1382,1.9242549812959961
triple,1d,ichimoku_cloud+ema_trend,50,,,1,7,2010-10-19 00:00:00,2026-07-16 00:00:00,2.103798774228775,12.876328444685914,-10.77252967045714,-0.38623119215665447,0.07461121635636547,0.19317760416953414,0.4674812569452989,0.6622840675125161,0.532792004996877,1.1044781291087191,1601,1.8088382582118105
triple,1d,ichimoku_cloud+ema_trend,50,,,1,8,2010-10-19 00:00:00,2026-07-16 00:00:00,1.6874512707915783,12.876328444685914,-11.188877173894335,-0.3802060471566998,0.0648224657166605,0.17049298979178068,0.43043829783685855,0.6053460632749156,0.531129476584022,1.0946834138766552,1815,1.3961995820013242
triple,1d,ichimoku_cloud+ema_trend,50,,,1,9,2010-10-19 00:00:00,2026-07-16 00:00:00,1.6712494535582736,12.876328444685914,-11.20507899112764,-0.31923857747698303,0.06441346200862164,0.20177217464661149,0.43767572465708793,0.6146126889604158,0.5241206030150753,1.118424698938615,1990,1.4289888633163998
triple,1d,ichimoku_cloud+ema_trend,50,,,1,10,2010-10-19 00:00:00,2026-07-16 00:00:00,1.2981027630042576,12.876328444685914,-11.578225681681657,-0.31168598159249783,0.05428689563499711,0.17417175888895922,0.39251929857223533,0.5470056940984971,0.5179790623577606,1.1216271835414369,2197,1.0605295566874264
triple,1d,ichimoku_cloud+ema_trend,100,,,1,3,2010-10-19 00:00:00,2026-07-16 00:00:00,5.2886840630713765,12.876328444685914,-7.587644381614537,-0.45338590131099155,0.12391826546726703,0.27331742144815313,0.5769999182024964,0.8589600983604598,0.5448275862068965,1.1565503493145226,725,4.943285339568658
triple,1d,ichimoku_cloud+ema_trend,100,,,1,4,2010-10-19 00:00:00,2026-07-16 00:00:00,4.355636308299149,12.876328444685914,-8.520692136386764,-0.3896098655521265,0.1125086589239026,0.2887726129944466,0.5654090622647684,0.8248081327318196,0.5424973767051416,1.1265981709707815,953,4.060910687725391
triple,1d,ichimoku_cloud+ema_trend,100,,,1,5,2010-10-19 00:00:00,2026-07-16 00:00:00,4.353208632764187,12.876328444685914,-8.523119811921728,-0.3569367193468397,0.11247661297946188,0.31511639706131495,0.5918457994922176,0.8583717171038966,0.5396825396825397,1.1602820682094104,1134,4.085414631271482
triple,1d,ichimoku_cloud+ema_trend,100,,,1,6,2010-10-19 00:00:00,2026-07-16 00:00:00,4.2376254291996505,12.876328444685914,-8.638703015486264,-0.35138345294839124,0.1109349142792524,0.3157089878547745,0.6044501973778481,0.8681470555516626,0.5225424981522543,1.2270331362963398,1353,3.974652172762273
triple,1d,ichimoku_cloud+ema_trend,100,,,1,7,2010-10-19 00:00:00,2026-07-16 00:00:00,2.419209070800522,12.876328444685914,-10.457119373885392,-0.369249680692713,0.08123920799239737,0.2200115863065676,0.4918519903971262,0.6940630327949115,0.5107073329007138,1.2265108817181298,1541,2.138564885958265
triple,1d,ichimoku_cloud+ema_trend,100,,,1,8,2010-10-19 00:00:00,2026-07-16 00:00:00,1.915752469744731,12.876328444685914,-10.960575974941182,-0.3360500107963794,0.07035268984242515,0.20935184520810357,0.4519524302973058,0.6326972514862501,0.5152386428982174,1.1758484427737084,1739,1.6604710340165467
triple,1d,ichimoku_cloud+ema_trend,100,,,1,9,2010-10-19 00:00:00,2026-07-16 00:00:00,2.213559106340048,12.876328444685914,-10.662769338345866,-0.312266292840224,0.07698648343062153,0.24654112594218708,0.49330091297314477,0.6932544296586961,0.517188301693176,1.1623266704793378,1949,1.978545099457063
triple,1d,ichimoku_cloud+ema_trend,100,,,1,10,2010-10-19 00:00:00,2026-07-16 00:00:00,1.734280567902538,12.876328444685914,-11.142047876783376,-0.2966016913526093,0.06599178704596631,0.22249295594040705,0.4465317079985686,0.6220161854104164,0.5156177156177156,1.1408052429320543,2145,1.5103951660604076
