,equity
2015-10-19,10000.0
2015-10-20,9869.441245410004
2015-10-21,9806.91124541
2015-10-22,10003.27124541
2015-10-23,10406.331245410001
2015-10-26,10508.851245410002
2015-10-27,10535.13124541
2015-10-28,10645.101245410002
2015-10-29,10712.95124541
2015-10-30,10686.02124541
2015-11-02,10695.191245410002
2015-11-03,10790.551245410003
2015-11-04,11081.451245410002
2015-11-05,11279.71124541
2015-11-06,11098.23234541
2015-11-09,10955.91234541
2015-11-10,10978.642345410004
2015-11-11,11199.95234541
2015-11-12,11160.901245410001
2015-11-13,10857.871245410002
2015-11-16,10958.97124541
2015-11-17,11031.042345410002
2015-11-18,11336.15244541
2015-11-19,11326.28354541
2015-11-20,11458.882445410001
2015-11-23,11555.36244541
2015-11-24,11417.582445410002
2015-11-25,11503.992445410002
2015-11-27,11483.712445410001
2015-11-30,11436.31244541
2015-12-01,11693.992445410002
2015-12-02,11639.183545410002
2015-12-03,11452.36244541
2015-12-04,11662.652445410002
2015-12-07,11607.10244541
2015-12-08,11761.982445410002
2015-12-09,11538.86244541
2015-12-10,11491.472445410001
2015-12-11,11124.02354541
2015-12-14,11396.823545410001
2015-12-15,11485.25354541
2015-12-16,11726.882445410001
2015-12-17,11632.202445410001
2015-12-18,11515.812445410002
2015-12-21,11552.492445410002
2015-12-22,11586.622445410001
2015-12-23,11554.942445410003
2015-12-24,11553.94244541
2015-12-28,11701.713545410003
2015-12-29,11968.622445410001
2015-12-30,11897.38354541
2015-12-31,11674.942445410003
2016-01-04,11130.14244541
2016-01-05,11181.242813140003
2016-01-06,11136.682813140003
2016-01-07,11077.586245360002
2016-01-08,11125.928918440002
2016-01-11,11125.928918440002
2016-01-12,11125.928918440002
2016-01-13,11125.928918440002
2016-01-14,11125.928918440002
2016-01-15,11125.928918440002
2016-01-19,11125.928918440002
2016-01-20,11125.928918440002
2016-01-21,11125.928918440002
2016-01-22,11125.928918440002
2016-01-25,11125.928918440002
2016-01-26,11125.928918440002
2016-01-27,11125.928918440002
2016-01-28,11125.928918440002
2016-01-29,11125.928918440002
2016-02-01,11125.928918440002
2016-02-02,11125.928918440002
2016-02-03,11125.928918440002
2016-02-04,11125.928918440002
2016-02-05,11125.928918440002
2016-02-08,11125.928918440002
2016-02-09,11125.928918440002
2016-02-10,11125.928918440002
2016-02-11,11125.928918440002
2016-02-12,11125.928918440002
2016-02-16,11125.928918440002
2016-02-17,11125.928918440002
2016-02-18,11125.928918440002
2016-02-19,11125.928918440002
2016-02-22,11125.928918440002
2016-02-23,11125.928918440002
2016-02-24,11125.928918440002
2016-02-25,11125.928918440002
2016-02-26,11125.928918440002
2016-02-29,11125.928918440002
2016-03-01,11125.928918440002
2016-03-02,11235.433810255003
2016-03-03,11136.543810255003
2016-03-04,11102.443810255003
2016-03-07,11030.833810255004
2016-03-08,10829.643810255004
2016-03-09,10822.823810255004
2016-03-10,10805.773810255003
2016-03-11,10989.913810255004
2016-03-14,11017.193810255003
2016-03-15,10962.633810255003
2016-03-16,11289.993810255004
2016-03-17,11194.513810255005
2016-03-18,11532.103810255005
2016-03-21,11566.203810255003
2016-03-22,11545.743810255004
2016-03-23,11743.523810255003
2016-03-24,11760.573810255002
2016-03-28,11879.923810255003
2016-03-29,12070.883810255003
2016-03-30,12197.053810255004
2016-03-31,12152.723810255005
2016-04-01,12330.043810255003
2016-04-04,12210.693810255003
2016-04-05,12193.643810255004
2016-04-06,12210.693810255003
2016-04-07,12084.523810255003
2016-04-08,12162.953810255003
2016-04-11,12237.973810255005
2016-04-12,12224.333810255004
2016-04-13,12531.233810255004
2016-04-14,12565.333810255004
2016-04-15,12664.223810255005
2016-04-18,12609.663810255004
2016-04-19,12384.603810255005
2016-04-20,12432.343810255004
2016-04-21,12418.703810255003
2016-04-22,12370.963810255005
2016-04-25,12432.343810255004
2016-04-26,12442.573810255002
2016-04-27,12725.603810255005
2016-04-28,12347.093810255004
2016-04-29,12118.623810255003
2016-05-02,12278.893810255004
2016-05-03,12132.263810255005
2016-05-04,11856.053810255004
2016-05-05,11927.663810255004
2016-05-06,12050.423810255003
2016-05-09,12033.373810255003
2016-05-10,12265.253810255004
2016-05-11,12299.353810255005
2016-05-12,12132.263810255005
2016-05-13,13977.073810255002
2016-05-16,14389.683810255003
2016-05-17,14420.373810255003
2016-05-18,14788.653810255004
2016-05-19,14853.443810255003
2016-05-20,15119.423810255003
2016-05-23,15143.293810255003
2016-05-24,15509.937010255004
2016-05-25,15445.147010255005
2016-05-26,15608.827010255003
2016-05-27,15694.077010255003
2016-05-31,15973.697010255004
2016-06-01,16004.387010255004
2016-06-02,16116.917010255003
2016-06-03,15891.857010255002
2016-06-06,15810.017010255004
2016-06-07,15840.707010255002
2016-06-08,15789.557010255003
2016-06-09,16198.757010255005
2016-06-10,15796.377010255004
2016-06-13,15997.567010255003
2016-06-14,16028.257010255005
2016-06-15,16191.937010255004
2016-06-16,16256.727010255003
2016-06-17,15973.697010255004
2016-06-20,16260.137010255004
2016-06-21,16161.247010255005
2016-06-22,16147.607010255002
2016-06-23,16577.267010255004
2016-06-24,15636.107010255002
2016-06-27,15469.017010255004
2016-06-28,15694.077010255003
2016-06-29,15949.827010255003
2016-06-30,16072.587010255003
2016-07-01,15953.237010255003
2016-07-05,16188.456415060004
2016-07-06,16290.786415060002
2016-07-07,16713.686415060005
2016-07-08,17382.306415060008
2016-07-11,17781.376415060004
2016-07-12,18047.576415060004
2016-07-13,18040.836415060003
2016-07-14,18224.816415060002
2016-07-15,18013.396415060004
2016-07-18,18105.326415060004
2016-07-19,18292.766415060003
2016-07-20,18531.476415060006
2016-07-21,18190.056415060004
2016-07-22,18684.716415060007
2016-07-25,19028.986415060004
2016-07-26,19352.956415060005
2016-07-27,19158.506415060005
2016-07-28,19199.586415060006
2016-07-29,19513.286415060007
2016-08-01,19387.236415060004
2016-08-02,19152.076415060004
2016-08-03,19203.446415060007
2016-08-04,19558.216415060004
2016-08-05,19889.841415060004
2016-08-08,20073.876415060004
2016-08-09,20124.906415060006
2016-08-10,19995.396415060004
2016-08-11,20401.566415060006
2016-08-12,21540.936415060005
2016-08-15,21520.816415060006
2016-08-16,21391.336415060006
2016-08-17,20896.82641506
2016-08-18,21221.041415060008
2016-08-19,21276.211415060006
2016-08-22,21364.891415060007
2016-08-23,21537.29461506
2016-08-24,21206.414615060003
2016-08-25,21066.574615060003
2016-08-26,21237.064615060004
2016-08-29,21223.834615060005
2016-08-30,21100.924615060005
2016-08-31,21002.184615060007
2016-09-01,21619.414615060003
2016-09-02,21408.12461506
2016-09-06,21609.844615060003
2016-09-07,21292.824615060003
2016-09-08,21446.548836470007
2016-09-09,20381.528836470006
2016-09-12,20801.658836470004
2016-09-13,20501.01883647
2016-09-14,20681.818836470004
2016-09-15,21463.518836470004
2016-09-16,21515.038836470005
2016-09-19,21797.168836470006
2016-09-20,21599.228836470003
2016-09-21,22203.908836470004
2016-09-22,22258.398836470005
2016-09-23,22234.378836470005
2016-09-26,22026.168836470006
2016-09-27,22777.208836470007
2016-09-28,22859.222385820005
2016-09-29,23070.062385820005
2016-09-30,23453.212385820003
2016-10-03,23428.892385820007
2016-10-04,23377.262385820006
2016-10-05,23354.192385820006
2016-10-06,23050.512385820006
2016-10-07,22883.052385820003
2016-10-10,22967.602385820002
2016-10-11,22635.162385820004
2016-10-12,22737.296434480002
2016-10-13,22368.35643448
2016-10-14,22586.26763263
2016-10-17,22456.29763263
2016-10-18,22798.367632630005
2016-10-19,22750.277632630005
2016-10-20,23180.087632630006
2016-10-21,23114.827632630007
2016-10-24,24196.157632630002
2016-10-25,24592.63763263001
2016-10-26,24691.72763263
2016-10-27,24186.627632630007
2016-10-28,24145.007632630004
2016-10-31,24349.70763263
2016-11-01,23628.987632630004
2016-11-02,23529.49793920001
2016-11-03,23256.577939200004
2016-11-04,23123.707939200005
2016-11-07,24386.807939200004
2016-11-08,24349.357939200003
2016-11-09,23939.737939200004
2016-11-10,23192.527939200005
2016-11-11,30082.406807245054
2016-11-14,28606.156607245055
2016-11-15,29476.236707245054
2016-11-16,31330.89670724505
2016-11-17,31592.026707245055
2016-11-18,31922.89660724505
2016-11-21,31794.486807245055
2016-11-22,32023.866607245054
2016-11-23,32180.976607245055
2016-11-25,32246.46670724505
2016-11-28,32228.79680724505
2016-11-29,31934.52670724505
2016-11-30,31577.706807245053
2016-12-01,30021.456807245053
2016-12-02,30298.146707245054
2016-12-05,31467.46680724505
2016-12-06,31982.796807245053
2016-12-07,32559.51680724505
2016-12-08,32017.85680724505
2016-12-09,31451.52660724505
2016-12-12,30689.886707245056
2016-12-13,31228.90680724505
2016-12-14,33028.60670724506
2016-12-15,33799.996607245055
2016-12-16,34379.026607245054
2016-12-19,34795.39680724505
2016-12-20,36003.526807245056
2016-12-21,36228.32680724505
2016-12-22,36670.216707245054
2016-12-23,37580.78680724505
2016-12-27,40152.216807245044
2016-12-28,37398.96660724505
2016-12-29,38141.03680724506
2016-12-30,36540.74680724504
2017-01-03,34929.036607245056
2017-01-04,35366.77154593505
2017-01-05,35366.82154593505
2017-01-06,35363.981645935055
2017-01-09,35392.16964593505
2017-01-10,35373.50144593505
2017-01-11,35386.32964593505
2017-01-12,35372.40954593505
2017-01-13,35377.32144593505
2017-01-17,35387.50974593506
2017-01-18,35418.24144593505
2017-01-19,35395.821545935054
2017-01-20,35413.383545935045
2017-01-23,35415.281545935046
2017-01-24,35481.74334593504
2017-01-25,35560.449645935056
2017-01-26,35531.731645935055
2017-01-27,35552.04164593505
2017-01-30,35546.19154593505
2017-01-31,35554.63954593505
2017-02-01,35545.79164593505
2017-02-02,35546.42164593506
2017-02-03,35544.62164593505
2017-02-06,35540.96144593505
2017-02-07,35543.99144593505
2017-02-08,35506.06164593504
2017-02-09,35524.76164593505
2017-02-10,35510.871445935045
2017-02-13,35531.80154593506
2017-02-14,35491.19164593505
2017-02-15,35482.733445935046
2017-02-16,35481.86164593505
2017-02-17,35463.69164593505
2017-02-21,35464.71344593506
2017-02-22,35455.98164593505
2017-02-23,35457.23964593506
2017-02-24,35458.65164593505
2017-02-27,35487.47174593505
2017-02-28,35501.503645935045
2017-03-01,35531.73154593505
2017-03-02,35492.61984593505
2017-03-03,35519.221545935055
2017-03-06,35505.75174593505
2017-03-07,35504.261745935044
2017-03-08,35496.30144593505
2017-03-09,35454.16154593506
2017-03-10,35468.49954593505
2017-03-13,35483.11984593505
2017-03-14,35043.958362365054
2017-03-15,35321.94026236506
2017-03-16,35451.63046236506
2017-03-17,35187.300462365056
2017-03-20,35063.87236236506
2017-03-21,33874.550462365056
2017-03-22,33830.31268414501
2017-03-23,33832.36268414501
2017-03-24,34515.57268414501
2017-03-27,34641.93268414501
2017-03-28,34590.582684145
2017-03-29,34567.67268414501
2017-03-30,34728.876589020016
2017-03-31,34455.91658902001
2017-04-03,34328.85915487501
2017-04-04,34135.53915487502
2017-04-05,33789.499154875026
2017-04-06,33907.25915487502
2017-04-07,33844.09915487502
2017-04-10,33619.55915487502
2017-04-11,33543.04915487502
2017-04-12,33306.69915487502
2017-04-13,33184.699154875016
2017-04-17,33903.379154875016
2017-04-18,33458.459154875025
2017-04-19,33129.21915487502
2017-04-20,33570.61165540002
2017-04-21,33221.240155400024
2017-04-24,33383.37165540003
2017-04-25,33920.49847611113
2017-04-26,32446.848476111125
2017-04-27,32748.645773611126
2017-04-28,32791.191373611124
2017-05-01,33110.87577361112
2017-05-02,33068.785773611125
2017-05-03,33275.327273611125
2017-05-04,33368.445073611125
2017-05-05,33782.74357361113
2017-05-08,33403.433573611124
2017-05-09,33374.945073611125
2017-05-10,33340.043573611125
2017-05-11,33542.27357361113
2017-05-12,33525.79207361113
2017-05-15,33239.08577361113
2017-05-16,33203.753573611124
2017-05-17,32045.263573611126
2017-05-18,32019.58203461112
2017-05-19,32172.513534611124
2017-05-22,32305.632034611124
2017-05-23,32331.202034611124
2017-05-24,32450.61053461112
2017-05-25,32455.872034611126
2017-05-26,33064.99886330112
2017-05-30,33651.56886330113
2017-05-31,33407.63886330112
2017-06-01,33591.09886330113
2017-06-02,33582.968863301125
2017-06-05,34072.04886330113
2017-06-06,34055.997363301125
2017-06-07,34346.54886330113
2017-06-08,35998.54886330112
2017-06-09,33892.34036330112
2017-06-12,33861.40886330112
2017-06-13,34421.397484831126
2017-06-14,34273.027484831124
2017-06-15,34318.468984831125
2017-06-16,34201.81898483112
2017-06-19,35094.818984831116
2017-06-20,35029.148984831125
2017-06-21,35586.06898483112
2017-06-22,35372.37748483112
2017-06-23,35026.66748483112
2017-06-26,34743.747484831125
2017-06-27,33928.508984831125
2017-06-28,34818.497484831125
2017-06-29,33967.41748483113
2017-06-30,33424.08748483112
2017-07-03,32441.917484831127
2017-07-05,32852.98509213113
2017-07-06,32828.33509213113
2017-07-07,32898.035092131126
2017-07-10,33096.08509213113
2017-07-11,33306.89359213113
2017-07-12,33509.18509213113
2017-07-13,33396.135092131124
2017-07-14,33535.535092131126
2017-07-17,33546.58509213113
2017-07-18,34139.30144015614
2017-07-19,34019.37004015614
2017-07-20,34441.15214609614
2017-07-21,34519.18514609613
2017-07-24,34196.368899521134
2017-07-25,33997.73889952114
2017-07-26,34231.86039952114
2017-07-27,33274.41039952114
2017-07-28,33101.47039952114
2017-07-31,32834.26806238114
2017-08-01,33153.32806238114
2017-08-02,33098.568062381135
2017-08-03,33525.00806238114
2017-08-04,33098.24806238114
2017-08-07,34015.40374499114
2017-08-08,33556.11374499114
2017-08-09,33810.73374499114
2017-08-10,32478.173744991138
2017-08-11,31324.843744991143
2017-08-14,31898.603994086137
2017-08-15,31822.293994086136
2017-08-16,31764.597311321137
2017-08-17,31642.907311321134
2017-08-18,31625.277311321137
2017-08-21,31663.117311321137
2017-08-22,31941.327311321136
2017-08-23,31845.437311321137
2017-08-24,31967.127311321135
2017-08-25,31846.297311321137
2017-08-28,31851.887311321138
2017-08-29,31829.957311321137
2017-08-30,31976.157311321134
2017-08-31,32158.907311321134
2017-09-01,32062.908954099392
2017-09-05,31720.885454099393
2017-09-06,31258.351954099395
2017-09-07,31925.165454099395
2017-09-08,31482.278954099394
2017-09-11,32354.00545409939
2017-09-12,32266.398954099393
2017-09-13,32242.378954099393
2017-09-14,32425.865454099392
2017-09-15,32473.381954099394
2017-09-18,32467.021954099393
2017-09-19,32153.721954099394
2017-09-20,32240.37895409939
2017-09-21,31788.82545409939
2017-09-22,31204.55545409939
2017-09-25,30340.044051191144
2017-09-26,30587.999454886147
2017-09-27,30881.549454886146
2017-09-28,30993.39945488614
2017-09-29,31300.539454886148
2017-10-02,31081.009454886145
2017-10-03,31105.089454886143
2017-10-04,30940.84945488614
2017-10-05,31023.799454886142
2017-10-06,31170.159454886147
2017-10-09,30774.369454886146
2017-10-10,30971.664615186142
2017-10-11,30739.984615186146
2017-10-12,30144.084615186144
2017-10-13,29998.254615186146
2017-10-16,30707.66461518615
2017-10-17,30092.69461518615
2017-10-18,30798.804615186145
2017-10-19,30597.844615186146
2017-10-20,30705.634615186147
2017-10-23,30587.084615186148
2017-10-24,30612.414615186146
2017-10-25,30115.404615186148
2017-10-26,29766.623381256148
2017-10-27,30894.04338125615
2017-10-30,31336.663381256145
2017-10-31,32973.043381256146
2017-11-01,32900.30338125615
2017-11-02,32830.02338125615
2017-11-03,32706.143381256144
2017-11-06,32540.123381256148
2017-11-07,33000.92338125615
2017-11-08,33270.60338125615
2017-11-09,32881.152925126145
2017-11-10,34196.972925126145
2017-11-13,33899.27292512615
2017-11-14,34093.792925126145
2017-11-15,33433.53292512614
2017-11-16,33807.45292512615
2017-11-17,33744.21292512615
2017-11-20,34134.012925126146
2017-11-21,34405.17292512615
2017-11-22,34220.06869410614
2017-11-24,34482.36869410615
2017-11-27,34358.34869410615
2017-11-28,33993.46869410615
2017-11-29,32049.148694106145
2017-11-30,32426.653530685544
2017-12-01,32213.993230685544
2017-12-04,31299.203230685547
2017-12-05,31261.31765372115
2017-12-06,31259.83765372115
2017-12-07,31266.99765372115
2017-12-08,31272.43765372115
2017-12-11,31266.03765372115
2017-12-12,31262.63765372115
2017-12-13,31260.11765372115
2017-12-14,31256.35765372115
2017-12-15,31262.91765372115
2017-12-18,31274.15765372115
2017-12-19,31278.249330811155
2017-12-20,31057.059330811157
2017-12-21,31153.179330811156
2017-12-22,30995.009330811157
2017-12-26,31103.519330811163
2017-12-27,31460.93933081116
2017-12-28,31284.06933081116
2017-12-29,31191.78933081116
2018-01-02,31017.87933081116
2018-01-03,31347.35933081116
2018-01-04,31230.879330811156
2018-01-05,31340.67933081116
2018-01-08,31332.314167471162
2018-01-09,31509.53416747116
2018-01-10,31506.13416747116
2018-01-11,31699.354167471163
2018-01-12,31857.514167471163
2018-01-16,31858.26416747116
2018-01-17,32598.984167471164
2018-01-18,32624.53416747116
2018-01-19,33377.754167471154
2018-01-22,34440.40416747116
2018-01-23,35116.76608070117
2018-01-24,34849.04568138117
2018-01-25,35027.94568138117
2018-01-26,35989.37568138117
2018-01-29,35861.85568138117
2018-01-30,35265.066378381176
2018-01-31,34683.626378381174
2018-02-01,33938.01637838117
2018-02-02,33800.80637838117
2018-02-05,31672.70637838117
2018-02-06,31389.368482426176
2018-02-07,31333.688482426176
2018-02-08,30639.608482426174
2018-02-09,30801.337374826173
2018-02-12,30801.337374826173
2018-02-13,30801.337374826173
2018-02-14,30801.337374826173
2018-02-15,30801.337374826173
2018-02-16,30560.683680381182
2018-02-20,31215.41368038118
2018-02-21,30268.41368038118
2018-02-22,30366.79368038118
2018-02-23,30840.35368038118
2018-02-26,30922.96368038118
2018-02-27,30857.64368038118
2018-02-28,30349.88368038118
2018-03-01,29125.15368038118
2018-03-02,29666.66368038118
2018-03-05,29555.87368038118
2018-03-06,30369.39368038118
2018-03-07,30329.30368038118
2018-03-08,30246.94368038118
2018-03-09,30766.72368038118
2018-03-12,31320.65368038118
2018-03-13,31064.01368038118
2018-03-14,31192.88368038118
2018-03-15,31267.933680381182
2018-03-16,31410.11368038118
2018-03-19,30224.37368038118
2018-03-20,31296.97368038118
2018-03-21,31169.41368038118
2018-03-22,30329.42368038118
2018-03-23,29218.77368038118
2018-03-26,30658.288827006178
2018-03-27,28288.288827006178
2018-03-28,28072.528460131176
2018-03-29,28072.528460131176
2018-04-02,28072.528460131176
2018-04-03,28072.528460131176
2018-04-04,28072.528460131176
2018-04-05,28072.528460131176
2018-04-06,28072.528460131176
2018-04-09,28072.528460131176
2018-04-10,28072.528460131176
2018-04-11,28072.528460131176
2018-04-12,28072.528460131176
2018-04-13,28072.528460131176
2018-04-16,28072.528460131176
2018-04-17,28072.528460131176
2018-04-18,28072.528460131176
2018-04-19,28072.528460131176
2018-04-20,28072.528460131176
2018-04-23,28072.528460131176
2018-04-24,28072.528460131176
2018-04-25,28072.528460131176
2018-04-26,28072.528460131176
2018-04-27,28072.528460131176
2018-04-30,28072.528460131176
2018-05-01,28072.528460131176
2018-05-02,28072.528460131176
2018-05-03,28072.528460131176
2018-05-04,28072.528460131176
2018-05-07,28072.528460131176
2018-05-08,28072.528460131176
2018-05-09,28072.528460131176
2018-05-10,28072.528460131176
2018-05-11,27759.33407500618
2018-05-14,27935.28407500618
2018-05-15,27731.28407500618
2018-05-16,27906.384075006183
2018-05-17,27653.934075006182
2018-05-18,27565.53407500618
2018-05-21,28214.934075006182
2018-05-22,28197.934075006182
2018-05-23,29311.434075006182
2018-05-24,29699.884075006183
2018-05-25,29869.884075006183
2018-05-29,29737.284075006184
2018-05-30,30061.134075006183
2018-05-31,29896.234075006185
2018-06-01,30604.28407500618
2018-06-04,30764.08407500618
2018-06-05,31103.23407500618
2018-06-06,31243.48407500618
2018-06-07,30729.234075006178
2018-06-08,30658.684075006182
2018-06-11,30733.48407500618
2018-06-12,30935.78407500618
2018-06-13,32304.28407500618
2018-06-14,33404.18407500618
2018-06-15,33328.53407500619
2018-06-18,33194.24257500618
2018-06-19,34433.53407500619
2018-06-20,35434.834075006176
2018-06-21,35322.63407500618
2018-06-22,34952.892575006175
2018-06-25,32691.034075006184
2018-06-26,33958.38407500618
2018-06-27,33193.38407500618
2018-06-28,33620.93407500618
2018-06-29,33281.78407500619
2018-07-02,33855.53407500619
2018-07-03,33204.43407500618
2018-07-05,33873.38407500618
2018-07-06,34711.484075006185
2018-07-09,35622.68407500618
2018-07-10,35338.78407500619
2018-07-11,35595.484075006185
2018-07-12,35157.734075006185
2018-07-13,33653.234075006185
2018-07-16,34051.03407500619
2018-07-17,32266.034075006184
2018-07-18,32268.892730041192
2018-07-19,31910.47273004119
2018-07-20,31916.18273004119
2018-07-23,31790.59273004119
2018-07-24,32059.75273004119
2018-07-25,32483.36273004119
2018-07-26,31842.90273004119
2018-07-27,31845.872730041192
2018-07-30,31394.502730041193
2018-07-31,31406.09490954119
2018-08-01,31614.274909541193
2018-08-02,32065.694909541187
2018-08-03,31931.024909541185
2018-08-06,32218.204909541193
2018-08-07,32368.324909541192
2018-08-08,32634.654909541194
2018-08-09,32768.63490954119
2018-08-10,32627.194909541187
2018-08-13,32729.34490954119
2018-08-14,33006.434909541196
2018-08-15,32544.47490954119
2018-08-16,32589.62490954119
2018-08-17,32560.62490954119
2018-08-20,32484.95490954119
2018-08-21,32569.594909541192
2018-08-22,32822.284909541195
2018-08-23,32806.97490954119
2018-08-24,32846.394909541195
2018-08-27,33134.39490954119
2018-08-28,33078.9122393912
2018-08-29,33982.62923939119
2018-08-30,34105.9692393912
2018-08-31,34272.51923939119
2018-09-04,34509.239239391194
2018-09-05,33780.59223939119
2018-09-06,33430.90923939119
2018-09-07,33258.22923939119
2018-09-10,33262.889239391196
2018-09-11,33904.989239391194
2018-09-12,33858.4292393912
2018-09-13,34033.12623939119
2018-09-14,33764.51223939119
2018-09-17,32868.37923939119
2018-09-18,33086.1220669662
2018-09-19,33052.7620669662
2018-09-20,33230.962066966196
2018-09-21,33289.1620669662
2018-09-24,33316.2220669662
2018-09-25,33351.08206696619
2018-09-26,33413.032066966196
2018-09-27,33581.1520669662
2018-09-28,33587.30206696619
2018-10-01,33572.602066966196
2018-10-02,33394.55206696619
2018-10-03,33315.6250669662
2018-10-04,32816.8120669662
2018-10-05,32473.8147112662
2018-10-08,32473.8147112662
2018-10-09,32473.8147112662
2018-10-10,32473.8147112662
2018-10-11,32473.8147112662
2018-10-12,32473.8147112662
2018-10-15,32473.8147112662
2018-10-16,32473.8147112662
2018-10-17,32473.8147112662
2018-10-18,32473.8147112662
2018-10-19,32473.8147112662
2018-10-22,32473.8147112662
2018-10-23,32473.8147112662
2018-10-24,32473.8147112662
2018-10-25,32473.8147112662
2018-10-26,32473.8147112662
2018-10-29,32473.8147112662
2018-10-30,32473.8147112662
2018-10-31,32473.8147112662
2018-11-01,32473.8147112662
2018-11-02,32473.8147112662
2018-11-05,32473.8147112662
2018-11-06,32473.8147112662
2018-11-07,32473.8147112662
2018-11-08,32473.8147112662
2018-11-09,32473.8147112662
2018-11-12,32473.8147112662
2018-11-13,32473.8147112662
2018-11-14,32473.8147112662
2018-11-15,32473.8147112662
2018-11-16,32473.8147112662
2018-11-19,32473.8147112662
2018-11-20,32473.8147112662
2018-11-21,32473.8147112662
2018-11-23,32473.8147112662
2018-11-26,32473.8147112662
2018-11-27,32473.8147112662
2018-11-28,32473.8147112662
2018-11-29,32473.8147112662
2018-11-30,32473.8147112662
2018-12-03,32473.8147112662
2018-12-04,31456.931698254855
2018-12-06,31336.371698254854
2018-12-07,29312.648598254855
2018-12-10,29427.73424500986
2018-12-11,29787.024245009852
2018-12-12,30425.937345009857
2018-12-13,30571.327345009857
2018-12-14,30052.384245009853
2018-12-17,29198.64424500986
2018-12-18,29224.35461983986
2018-12-19,29091.44932640986
2018-12-20,28852.74932640986
2018-12-21,28787.02622640986
2018-12-24,28689.06622640986
2018-12-26,28731.110665564658
2018-12-27,28731.110665564658
2018-12-28,28731.110665564658
2018-12-31,28731.110665564658
2019-01-02,28731.110665564658
2019-01-03,28731.110665564658
2019-01-04,28731.110665564658
2019-01-07,28731.110665564658
2019-01-08,28731.110665564658
2019-01-09,28731.110665564658
2019-01-10,29226.140230194665
2019-01-11,29245.060230194664
2019-01-14,28974.48023019467
2019-01-15,29415.360230194663
2019-01-16,29353.528261854666
2019-01-17,29990.87070669967
2019-01-18,30639.76070669967
2019-01-22,29796.78070669967
2019-01-23,29642.64070669967
2019-01-24,31456.00070669967
2019-01-25,32400.24070669967
2019-01-28,32037.91070669967
2019-01-29,32066.140706699665
2019-01-30,32478.860706699666
2019-01-31,32898.44353996967
2019-02-01,32834.21353996967
2019-02-04,32510.35353996967
2019-02-05,32288.46353996967
2019-02-06,32583.116557889673
2019-02-07,32059.886557889677
2019-02-08,32479.666557889672
2019-02-11,32616.476557889677
2019-02-12,32862.69655788968
2019-02-13,32694.426557889674
2019-02-14,32873.786557889674
2019-02-15,33426.47655788968
2019-02-19,33613.20655788967
2019-02-20,33510.112557889675
2019-02-21,33455.256557889676
2019-02-22,34300.776557889665
2019-02-25,34673.786557889674
2019-02-26,34260.786557889674
2019-02-27,34118.07655788967
2019-02-28,34381.12655788967
2019-03-01,33988.22474505467
2019-03-04,33314.08474505467
2019-03-05,33515.34356586468
2019-03-06,32740.823565864677
2019-03-07,32216.863565864674
2019-03-08,31601.918336289677
2019-03-11,32688.13833628968
2019-03-12,32836.44833628968
2019-03-13,33438.138336289674
2019-03-14,33163.19833628968
2019-03-15,33221.84833628968
2019-03-18,33279.05833628968
2019-03-19,33481.05833628968
2019-03-20,33777.288336289675
2019-03-21,34399.91833628969
2019-03-22,33869.23833628968
2019-03-25,33487.67833628968
2019-03-26,33896.33833628967
2019-03-27,33512.45833628968
2019-03-28,34092.47833628967
2019-03-29,34237.501492429685
2019-04-01,34863.08149242968
2019-04-02,35004.721492429686
2019-04-03,35940.37149242968
2019-04-04,35893.80149242968
2019-04-05,36068.81149242968
2019-04-08,35983.151492429686
2019-04-09,35311.28149242968
2019-04-10,35895.87149242968
2019-04-11,36004.51372487969
2019-04-12,36347.41372487969
2019-04-15,36072.883724879684
2019-04-16,36285.82372487968
2019-04-17,36007.91372487969
2019-04-18,35844.24372487969
2019-04-22,35797.66372487969
2019-04-23,36517.84372487968
2019-04-24,36853.033724879686
2019-04-25,34628.64372487969
2019-04-26,34732.316354489696
2019-04-29,34843.56262658969
2019-04-30,35393.032626589695
2019-05-01,35409.932626589696
2019-05-02,35163.02262658969
2019-05-03,35230.24775488969
2019-05-06,34905.81756816969
2019-05-07,34554.0759953697
2019-05-08,34304.9996799397
2019-05-09,33982.341529939695
2019-05-10,34050.9815299397
2019-05-13,33822.361529939706
2019-05-14,33872.571529939705
2019-05-15,33964.4815299397
2019-05-16,34114.7915299397
2019-05-17,34115.5315299397
2019-05-20,33820.841529939695
2019-05-21,33934.701529939695
2019-05-22,33897.9315299397
2019-05-23,33787.841529939695
2019-05-24,33753.87152993969
2019-05-28,33693.7615299397
2019-05-29,33638.9315299397
2019-05-30,33755.61152993969
2019-05-31,33740.801529939694
2019-06-03,33762.47152993969
2019-06-04,34064.3515299397
2019-06-05,34253.7915299397
2019-06-06,34442.951529939695
2019-06-07,34584.99152993969
2019-06-10,34129.4530559747
2019-06-11,34069.9730559747
2019-06-12,34517.963055974695
2019-06-13,35023.74305597469
2019-06-14,34415.90305597469
2019-06-17,34361.23305597469
2019-06-18,34492.24305597469
2019-06-19,35299.0130559747
2019-06-20,35183.9653759497
2019-06-21,34790.125375949705
2019-06-24,34450.3353759497
2019-06-25,33926.5653759497
2019-06-26,33785.2853759497
2019-06-27,33884.3953759497
2019-06-28,34013.1953759497
2019-07-01,34643.5053759497
2019-07-02,35019.9953759497
2019-07-03,35371.8553759497
2019-07-05,35488.765375949704
2019-07-08,35179.415375949706
2019-07-09,35587.74537594969
2019-07-10,35404.5653759497
2019-07-11,35169.44217269471
2019-07-12,35610.5021726947
2019-07-15,36036.6821726947
2019-07-16,35434.2921726947
2019-07-17,35264.522172694706
2019-07-18,35681.0421726947
2019-07-19,34695.82217269471
2019-07-22,35177.882172694706
2019-07-23,35340.51217269471
2019-07-24,36489.052172694704
2019-07-25,36057.1021726947
2019-07-26,36262.122172694704
2019-07-29,36023.7921726947
2019-07-30,35435.0621726947
2019-07-31,33776.0021726947
2019-08-01,33850.61432729971
2019-08-02,33220.674327299705
2019-08-05,31356.840829299705
2019-08-06,31897.246105359704
2019-08-07,31897.246105359704
2019-08-08,31897.246105359704
2019-08-09,31897.246105359704
2019-08-12,31897.246105359704
2019-08-13,31897.246105359704
2019-08-14,31897.246105359704
2019-08-15,31897.246105359704
2019-08-16,31897.246105359704
2019-08-19,31897.246105359704
2019-08-20,31897.246105359704
2019-08-21,31897.246105359704
2019-08-22,31897.246105359704
2019-08-23,31897.246105359704
2019-08-26,31897.246105359704
2019-08-27,31897.246105359704
2019-08-28,31897.246105359704
2019-08-29,31897.246105359704
2019-08-30,31897.246105359704
2019-09-03,31897.246105359704
2019-09-04,31897.246105359704
2019-09-05,31897.246105359704
2019-09-06,31876.916165684706
2019-09-09,31777.746165684704
2019-09-10,31406.386165684708
2019-09-11,31807.28616568471
2019-09-12,31587.84616568471
2019-09-13,31737.656165684704
2019-09-16,31921.226165684708
2019-09-17,32218.736165684706
2019-09-18,33353.916165684706
2019-09-19,33193.556165684706
2019-09-20,32830.63616568471
2019-09-23,33269.51616568471
2019-09-24,33041.63616568471
2019-09-25,33904.626165684705
2019-09-26,34191.586165684705
2019-09-27,33459.416165684706
2019-09-30,33664.086165684705
2019-10-01,33419.3261656847
2019-10-02,32735.68616568471
2019-10-03,33138.69616568471
2019-10-04,34014.346165684714
2019-10-07,34001.68616568471
2019-10-08,32623.85616568471
2019-10-09,33248.416165684706
2019-10-10,33231.53616568471
2019-10-11,33826.556165684706
2019-10-14,33569.13616568471
2019-10-15,34320.29616568471
2019-10-16,33704.1761656847
2019-10-17,34098.74616568471
2019-10-18,33714.726165684704
2019-10-21,34624.13616568471
2019-10-22,34375.156165684704
2019-10-23,33510.056165684706
2019-10-24,35624.27616568471
2019-10-25,35877.476165684704
2019-10-28,36898.71616568471
2019-10-29,35949.21616568471
2019-10-30,36514.69616568471
2019-10-31,35687.5761656847
2019-11-01,36400.7561656847
2019-11-04,36738.35616568471
2019-11-05,36307.916165684706
2019-11-06,36421.85616568471
2019-11-07,36301.586165684705
2019-11-08,36778.44616568471
2019-11-11,36824.86616568471
2019-11-12,36822.7561656847
2019-11-13,37229.986165684706
2019-11-14,37282.736165684706
2019-11-15,37727.94616568471
2019-11-18,37546.486165684706
2019-11-19,37333.376165684705
2019-11-20,36843.8561656847
2019-11-21,34294.976165684704
2019-11-22,34001.36155655971
2019-11-25,34034.901556559715
2019-11-26,34008.26155655971
2019-11-27,34040.039263079714
2019-11-29,33917.81926307971
2019-12-02,33322.61926307971
2019-12-03,33228.33926307971
2019-12-04,33831.549263079716
2019-12-05,34329.05926307971
2019-12-06,35075.56887577972
2019-12-09,34740.298875779714
2019-12-10,34945.79887577972
2019-12-11,35529.908875779714
2019-12-12,35985.67887577972
2019-12-13,36286.650043959715
2019-12-16,36675.88004395972
2019-12-17,36894.010043959715
2019-12-18,36416.139308664715
2019-12-19,36823.76930866472
2019-12-20,37819.86930866472
2019-12-23,38823.499308664715
2019-12-24,39642.56930866472
2019-12-26,39733.359308664716
2019-12-27,39399.55930866472
2019-12-30,38905.99930866472
2019-12-31,39169.86930866472
2020-01-02,41649.52930866472
2020-01-03,41235.04930866472
2020-01-06,41081.62930866472
2020-01-07,41003.59930866472
2020-01-08,40707.69930866471
2020-01-09,41615.11930866472
2020-01-10,41021.11930866472
2020-01-13,41500.94930866472
2020-01-14,41067.18930866472
2020-01-15,41304.04930866472
2020-01-16,42271.88930866472
2020-01-17,43220.49930866472
2020-01-21,43280.87930866472
2020-01-22,43550.68930866472
2020-01-23,43755.599308664714
2020-01-24,42694.01930866472
2020-01-27,41790.04930866472
2020-01-28,42803.608775714725
2020-01-29,40562.79877571472
2020-01-30,39739.895824199724
2020-01-31,39668.09582419973
2020-02-03,39663.84582419973
2020-02-04,39714.795824199726
2020-02-05,35597.21194921974
2020-02-06,33844.667176508236
2020-02-07,33457.73957650824
2020-02-10,33666.29957650824
2020-02-11,33911.79717650824
2020-02-12,34342.06717650824
2020-02-13,34590.337176508234
2020-02-14,34491.61957650824
2020-02-18,33880.90957650824
2020-02-19,34274.40717650823
2020-02-20,34031.404776508236
2020-02-21,33477.639576508234
2020-02-24,32667.607176508234
2020-02-25,32874.64540744204
2020-02-26,32874.64540744204
2020-02-27,32874.64540744204
2020-02-28,32874.64540744204
2020-03-02,32874.64540744204
2020-03-03,32874.64540744204
2020-03-04,32874.64540744204
2020-03-05,32874.64540744204
2020-03-06,32874.64540744204
2020-03-09,32874.64540744204
2020-03-10,32874.64540744204
2020-03-11,32874.64540744204
2020-03-12,32874.64540744204
2020-03-13,32874.64540744204
2020-03-16,32874.64540744204
2020-03-17,32874.64540744204
2020-03-18,32874.64540744204
2020-03-19,32874.64540744204
2020-03-20,32874.64540744204
2020-03-23,32874.64540744204
2020-03-24,32874.64540744204
2020-03-25,32874.64540744204
2020-03-26,32874.64540744204
2020-03-27,32874.64540744204
2020-03-30,32874.64540744204
2020-03-31,32874.64540744204
2020-04-01,32874.64540744204
2020-04-02,32874.64540744204
2020-04-03,32874.64540744204
2020-04-06,32874.64540744204
2020-04-07,32874.64540744204
2020-04-08,32874.64540744204
2020-04-09,32874.64540744204
2020-04-13,32874.64540744204
2020-04-14,32874.64540744204
2020-04-15,33364.04250690704
2020-04-16,34855.231943407045
2020-04-17,34601.03194340704
2020-04-20,34260.19360287704
2020-04-21,32163.675652068297
2020-04-22,34171.32565206829
2020-04-23,33606.4831520683
2020-04-24,34350.49565206829
2020-04-27,36048.8231520683
2020-04-28,35130.98065206829
2020-04-29,36194.65565206829
2020-04-30,35416.71565206829
2020-05-01,33464.15065206829
2020-05-04,35045.0781520683
2020-05-05,35356.09315206829
2020-05-06,35893.83315206829
2020-05-07,36452.900652068296
2020-05-08,37647.5031520683
2020-05-11,38340.893152068296
2020-05-12,37471.0606520683
2020-05-13,37119.610652068295
2020-05-14,38092.5756520683
2020-05-15,39499.2531520683
2020-05-18,40532.8831520683
2020-05-19,40613.29565206829
2020-05-20,41241.77065206829
2020-05-21,40806.3556520683
2020-05-22,41444.610652068295
2020-05-26,40476.125652068295
2020-05-27,39866.0731520683
2020-05-28,39528.1239304383
2020-05-29,41204.95393043829
2020-06-01,41936.228930438294
2020-06-02,41751.783930438294
2020-06-03,41585.06643043829
2020-06-04,41300.2789304383
2020-06-05,42100.46643043829
2020-06-08,42705.90643043829
2020-06-09,43324.868930438286
2020-06-10,45619.67393043829
2020-06-11,43033.0144552683
2020-06-12,42895.06445526829
2020-06-15,44530.714455268295
2020-06-16,44073.6469552683
2020-06-17,44736.24695526829
2020-06-18,44871.551955268296
2020-06-19,44966.14195526829
2020-06-22,45721.994455268294
2020-06-23,45594.4369552683
2020-06-24,44308.861955268294
2020-06-25,45497.244455268294
2020-06-26,44039.63195526829
2020-06-29,44909.494455268294
2020-06-30,46917.2369552683
2020-07-01,47627.63445526829
2020-07-02,49228.206955268295
2020-07-06,52387.861955268294
2020-07-07,52766.94695526829
2020-07-08,53503.53195526829
2020-07-09,54861.80445526829
2020-07-10,57036.05195526829
2020-07-13,54941.734455268284
2020-07-14,56263.46445526829
2020-07-15,56220.816955268296
2020-07-16,55232.62195526829
2020-07-17,55442.5444552683
2020-07-20,58596.246955268296
2020-07-21,56884.45695526829
2020-07-22,57593.87695526829
2020-07-23,55409.176955268296
2020-07-24,54162.871955268296
2020-07-27,56730.7244552683
2020-07-28,55132.8219552683
2020-07-29,56262.541955268294
2020-07-30,56552.71445526829
2020-07-31,55711.95445526829
2020-08-03,57803.51445526829
2020-08-04,58519.486955268294
2020-08-05,58687.3469552683
2020-08-06,58900.49695526829
2020-08-07,57898.64695526829
2020-08-10,57260.066955268296
2020-08-11,55564.0544552683
2020-08-12,60088.5601259083
2020-08-13,61077.330125908295
2020-08-14,61901.91938681329
2020-08-17,67126.3968868133
2020-08-18,67651.87688681329
2020-08-19,67133.1693868133
2020-08-20,69002.32938681329
2020-08-21,71438.1318423283
2020-08-24,71002.76934232829
2020-08-25,71250.19184232829
2020-08-26,73279.9968423283
2020-08-27,74105.09934232829
2020-08-28,75375.6493423283
2020-08-31,80316.84684232829
2020-09-01,80260.3493423283
2020-09-02,79776.66184232829
2020-09-03,72458.4868423283
2020-09-04,72042.73934232829
2020-09-08,62534.786352838295
2020-09-09,64510.570833842045
2020-09-10,64510.570833842045
2020-09-11,64510.570833842045
2020-09-14,64510.570833842045
2020-09-15,64510.570833842045
2020-09-16,64510.570833842045
2020-09-17,64510.570833842045
2020-09-18,64510.570833842045
2020-09-21,64510.570833842045
2020-09-22,64510.570833842045
2020-09-23,64510.570833842045
2020-09-24,64510.570833842045
2020-09-25,64510.570833842045
2020-09-28,64510.570833842045
2020-09-29,64510.570833842045
2020-09-30,64510.570833842045
2020-10-01,64510.570833842045
2020-10-02,64510.570833842045
2020-10-05,64510.570833842045
2020-10-06,64510.570833842045
2020-10-07,64510.570833842045
2020-10-08,64510.570833842045
2020-10-09,64510.570833842045
2020-10-12,64510.570833842045
2020-10-13,65330.71294194204
2020-10-14,64456.962941942045
2020-10-15,65246.11294194205
2020-10-16,65746.22294194205
2020-10-19,65203.862941942054
2020-10-20,64306.23294194206
2020-10-21,62919.47294194205
2020-10-22,62740.31294194205
2020-10-23,63040.29294194205
2020-10-26,61963.112941942054
2020-10-27,63646.01294194205
2020-10-28,60339.83294194205
2020-10-29,59793.26894969206
2020-10-30,59405.92255194204
2020-11-02,59408.322551942045
2020-11-03,59409.432551942045
2020-11-04,59429.292551942046
2020-11-05,59436.13255194204
2020-11-06,60579.361261242055
2020-11-09,55263.88126124205
2020-11-10,52359.69126124206
2020-11-11,55655.94491469955
2020-11-12,60991.05491469956
2020-11-13,65603.68491469955
2020-11-16,63641.34491469956
2020-11-17,60932.40491469956
2020-11-18,60591.67491469956
2020-11-19,61927.33491469955
2020-11-20,63459.82491469956
2020-11-23,63410.884914699556
2020-11-24,64859.743449135756
2020-11-25,63032.428649135756
2020-11-27,65418.06864913576
2020-11-30,63931.89104913577
2020-12-01,64139.811049135744
2020-12-02,65660.12344913576
2020-12-03,66530.00864913575
2020-12-04,67711.50104913577
2020-12-07,68887.01104913575
2020-12-08,71948.69344913575
2020-12-09,68005.86864913575
2020-12-10,70289.34864913575
2020-12-11,67043.69104913576
2020-12-14,65685.91790928575
2020-12-15,64892.203109285765
2020-12-16,64743.70550928575
2020-12-17,67251.76310928576
2020-12-18,67744.72790928575
2020-12-21,65858.32550928576
2020-12-22,65153.135920735775
2020-12-23,65073.002066685774
2020-12-24,66267.07966668576
2020-12-28,63119.07966668578
2020-12-29,64138.26206668577
2020-12-30,66882.35726668577
2020-12-31,66248.39726668577
2021-01-04,64685.34206668577
2021-01-05,66796.01206668577
2021-01-06,65428.99726668577
2021-01-07,69622.13726668578
2021-01-08,72405.91966668578
2021-01-11,68592.14206668577
2021-01-12,70225.38206668576
2021-01-13,72846.63726668576
2021-01-14,72247.17206668577
2021-01-15,69557.37206668577
2021-01-19,68605.18206668577
2021-01-20,70285.54726668577
2021-01-21,70854.58726668578
2021-01-22,71233.60726668578
2021-01-25,71972.41966668576
2021-01-26,69292.22726668576
2021-01-27,67632.01726668577
2021-01-28,67359.35206668577
2021-01-29,66186.94966668577
2021-02-01,68005.19206668576
2021-02-02,69559.52966668576
2021-02-03,69720.07206668577
2021-02-04,72440.08966668577
2021-02-05,70141.44206668578
2021-02-08,69071.03206668577
2021-02-09,69142.24955121377
2021-02-10,67386.98955121377
2021-02-11,68181.52955121377
2021-02-12,70331.60195121377
2021-02-16,67333.80435121377
2021-02-17,65618.98195121378
2021-02-18,63634.74576826877
2021-02-19,63869.21336826877
2021-02-22,59920.42816826877
2021-02-23,57967.21703382877
2021-02-24,56146.457033828774
2021-02-25,55128.43869495878
2021-02-26,54813.24079905878
2021-03-01,54813.24079905878
2021-03-02,54813.24079905878
2021-03-03,54813.24079905878
2021-03-04,54813.24079905878
2021-03-05,54813.24079905878
2021-03-08,54813.24079905878
2021-03-09,54813.24079905878
2021-03-10,54813.24079905878
2021-03-11,54813.24079905878
2021-03-12,54813.24079905878
2021-03-15,54813.24079905878
2021-03-16,54813.24079905878
2021-03-17,54813.24079905878
2021-03-18,54813.24079905878
2021-03-19,54813.24079905878
2021-03-22,54813.24079905878
2021-03-23,54813.24079905878
2021-03-24,54813.24079905878
2021-03-25,54813.24079905878
2021-03-26,54813.24079905878
2021-03-29,54813.24079905878
2021-03-30,54813.24079905878
2021-03-31,54813.24079905878
2021-04-01,54813.24079905878
2021-04-05,54813.24079905878
2021-04-06,53756.2216384288
2021-04-07,54035.38163842879
2021-04-08,54546.11163842879
2021-04-09,54169.55163842879
2021-04-12,53025.33163842879
2021-04-13,52746.91163842879
2021-04-14,52373.33163842879
2021-04-15,52893.711638428795
2021-04-16,52491.621638428805
2021-04-19,50939.7216384288
2021-04-20,50170.9216384288
2021-04-21,52540.3016384288
2021-04-22,50676.0116384288
2021-04-23,51786.611638428796
2021-04-26,52949.09163842879
2021-04-27,52967.321638428795
2021-04-28,52450.86163842879
2021-04-29,52569.9416384288
2021-04-30,51109.4416384288
2021-05-03,50956.59163842879
2021-05-04,49825.45163842879
2021-05-05,50282.531638428794
2021-05-06,50819.5916384288
2021-05-07,51686.951638428785
2021-05-10,48233.821638428795
2021-05-11,46599.78416526879
2021-05-12,46580.26416526879
2021-05-13,46583.84980011879
2021-05-14,46583.84980011879
2021-05-17,46583.84980011879
2021-05-18,46583.84980011879
2021-05-19,46583.84980011879
2021-05-20,46583.84980011879
2021-05-21,46583.84980011879
2021-05-24,46583.84980011879
2021-05-25,46583.84980011879
2021-05-26,46583.84980011879
2021-05-27,46583.84980011879
2021-05-28,46583.84980011879
2021-06-01,46583.84980011879
2021-06-02,46583.84980011879
2021-06-03,46583.84980011879
2021-06-04,46583.84980011879
2021-06-07,46583.84980011879
2021-06-08,46583.84980011879
2021-06-09,46583.84980011879
2021-06-10,46583.84980011879
2021-06-11,47006.3966250538
2021-06-14,46641.926625053806
2021-06-15,46057.1066250538
2021-06-16,45485.9566250538
2021-06-17,45878.7266250538
2021-06-18,44303.4666250538
2021-06-21,45297.856625053806
2021-06-22,46348.3066250538
2021-06-23,45985.5566250538
2021-06-24,47134.736625053796
2021-06-25,46770.9366250538
2021-06-28,47930.2966250538
2021-06-29,48969.046625053794
2021-06-30,49037.5366250538
2021-07-01,48116.1766250538
2021-07-02,48045.956625053805
2021-07-06,47595.5366250538
2021-07-07,46366.7866250538
2021-07-08,46689.9766250538
2021-07-09,47127.916625053804
2021-07-12,48104.8566250538
2021-07-13,47729.9366250538
2021-07-14,48315.4566250538
2021-07-15,48785.846625053804
2021-07-16,49581.46662505381
2021-07-19,51041.035237148804
2021-07-20,50687.3352371488
2021-07-21,51891.7277950588
2021-07-22,52405.1777950588
2021-07-23,54801.24779505881
2021-07-26,53784.487795058805
2021-07-27,52938.417795058805
2021-07-28,54838.49779505881
2021-07-29,54622.6377950588
2021-07-30,55373.197795058804
2021-08-02,54795.90779505881
2021-08-03,57975.4277950588
2021-08-04,60736.7277950588
2021-08-05,60292.77193091381
2021-08-06,60031.41193091382
2021-08-09,65022.611930913816
2021-08-10,62475.46193091381
2021-08-11,56920.33193091381
2021-08-12,56420.521930913805
2021-08-13,56337.40834464881
2021-08-16,55248.96834464882
2021-08-17,56913.62834464881
2021-08-18,56559.38834464881
2021-08-19,55057.15834464881
2021-08-20,55848.96834464882
2021-08-23,58502.358344648805
2021-08-24,57382.66834464881
2021-08-25,57683.99834464881
2021-08-26,57794.128344648816
2021-08-27,57065.50834464881
2021-08-30,56437.198344648816
2021-08-31,56247.90834965382
2021-09-01,56474.74834965382
2021-09-02,56451.708349653825
2021-09-03,57052.488349653824
2021-09-07,56954.06834965382
2021-09-08,56419.00834965382
2021-09-09,56161.36834965382
2021-09-10,56251.988349653824
2021-09-13,56168.42834965383
2021-09-14,56478.50834965382
2021-09-15,56836.348349653825
2021-09-16,56585.488349653824
2021-09-17,55469.00834965382
2021-09-20,53938.74834965382
2021-09-21,54383.65569667383
2021-09-22,55393.37569667383
2021-09-23,56266.33569667382
2021-09-24,55621.535696673825
2021-09-27,54680.53569667382
2021-09-28,52950.51334571383
2021-09-29,53218.162906993835
2021-09-30,53218.162906993835
2021-10-01,53218.162906993835
2021-10-04,53218.162906993835
2021-10-05,53218.162906993835
2021-10-06,53218.162906993835
2021-10-07,53218.162906993835
2021-10-08,53218.162906993835
2021-10-11,53218.162906993835
2021-10-12,53218.162906993835
2021-10-13,53218.162906993835
2021-10-14,53218.162906993835
2021-10-15,53218.162906993835
2021-10-18,53218.162906993835
2021-10-19,52970.24897119385
2021-10-20,52638.83441968385
2021-10-21,53892.694419683845
2021-10-22,54202.364419683836
2021-10-25,55149.694419683845
2021-10-26,57442.474419683844
2021-10-27,56526.60441968384
2021-10-28,57498.06441968385
2021-10-29,60212.24441968384
2021-11-01,60292.90437970385
2021-11-02,61217.604379703844
2021-11-03,61328.68437970385
2021-11-04,66608.46437970384
2021-11-05,66156.15309746879
2021-11-08,67945.01299746879
2021-11-09,67783.8629974688
2021-11-10,65408.36299746879
2021-11-11,67235.0529974688
2021-11-12,67383.39599746879
2021-11-15,66332.30599746881
2021-11-16,67035.3259974688
2021-11-17,65371.21599746881
2021-11-18,69252.47599746879
2021-11-19,70893.6859974688
2021-11-22,68119.5159974688
2021-11-23,67451.48235857379
2021-11-24,69803.2124585738
2021-11-26,67599.6323585738
2021-11-29,71378.1725585738
2021-11-30,69867.3325585738
2021-12-01,66869.0924585738
2021-12-02,68148.02245857379
2021-12-03,65121.3424585738
2021-12-06,63528.0324585738
2021-12-07,67989.32235857379
2021-12-08,67070.1323585738
2021-12-09,64146.8424585738
2021-12-10,64008.007379523806
2021-12-13,60749.0374795238
2021-12-14,59943.09193872381
2021-12-15,59943.93203872381
2021-12-16,59943.60193872381
2021-12-17,59942.76183872381
2021-12-20,59942.64183872381
2021-12-21,59943.181938723814
2021-12-22,59943.611938723814
2021-12-23,59943.73193872381
2021-12-27,59944.052038723814
2021-12-28,59944.85193872381
2021-12-29,59945.89203872381
2021-12-30,59946.59183872381
2021-12-31,59947.00193872381
2022-01-03,59946.31193872381
2022-01-04,59946.25183872381
2022-01-05,59946.21193872381
2022-01-06,59945.971938723815
2022-01-07,59945.88193872381
2022-01-10,59946.06193872381
2022-01-11,59944.861938723814
2022-01-12,59945.23193872381
2022-01-13,59945.73183872381
2022-01-14,59945.48193872381
2022-01-18,59945.28193872381
2022-01-19,59945.73183872381
2022-01-20,59946.22183872381
2022-01-21,59946.01203872381
2022-01-24,59945.34193872381
2022-01-25,59944.70193872381
2022-01-26,59944.94203872381
2022-01-27,59945.37203872381
2022-01-28,59946.57193872381
2022-01-31,59947.19193872381
2022-02-01,59947.07193872381
2022-02-02,59949.331658723815
2022-02-03,59950.635518723815
2022-02-04,59950.25697872381
2022-02-07,59950.42521872381
2022-02-08,59949.55597872381
2022-02-09,59948.96713872381
2022-02-10,59948.18201872381
2022-02-11,59948.30819872381
2022-02-14,59948.40633872381
2022-02-15,59947.761418723814
2022-02-16,59948.12593872381
2022-02-17,59947.77543872381
2022-02-18,59947.60719872381
2022-02-22,59947.635238723815
2022-02-23,59946.68187872381
2022-02-24,59947.61841472381
2022-02-25,59949.44101472381
2022-02-28,59949.38493472381
2022-03-01,59948.92227472381
2022-03-02,59949.66533472381
2022-03-03,59950.18407472381
2022-03-04,59951.79637472381
2022-03-07,59951.165474723806
2022-03-08,59950.68879472381
2022-03-09,59950.772914723806
2022-03-10,59950.84301472381
2022-03-11,59950.88507472381
2022-03-14,59950.814974723806
2022-03-15,59951.067334723804
2022-03-16,59950.61869472381
2022-03-17,59950.632714723804
2022-03-18,59950.35231472381
2022-03-21,59950.92713472381
2022-03-22,59950.88507472381
2022-03-23,60387.66609654411
2022-03-24,61635.86563654411
2022-03-25,61565.96371654411
2022-03-28,62157.81603375569
2022-03-29,61683.5760337557
2022-03-30,61969.7160337557
2022-03-31,62282.4937863557
2022-04-01,61564.3537863557
2022-04-04,61924.8037863557
2022-04-05,61375.0637863557
2022-04-06,60708.3437863557
2022-04-07,61686.63378635569
2022-04-08,62085.513786355696
2022-04-11,62706.2037863557
2022-04-12,63077.4137863557
2022-04-13,64690.81378635569
2022-04-14,64954.06378635569
2022-04-18,64302.1737863557
2022-04-19,64821.583786355695
2022-04-20,65121.0937863557
2022-04-21,63183.6037863557
2022-04-22,61081.703786355705
2022-04-25,62965.9937863557
2022-04-26,61693.45378635569
2022-04-27,61183.223786355695
2022-04-28,61884.0437863557
2022-04-29,59595.06378635569
2022-05-02,59456.45109974039
2022-05-03,59456.45109974039
2022-05-04,59456.45109974039
2022-05-05,59456.45109974039
2022-05-06,59456.45109974039
2022-05-09,59456.45109974039
2022-05-10,59456.45109974039
2022-05-11,59456.45109974039
2022-05-12,59456.45109974039
2022-05-13,59456.45109974039
2022-05-16,59456.45109974039
2022-05-17,59456.45109974039
2022-05-18,59456.45109974039
2022-05-19,59456.45109974039
2022-05-20,59456.45109974039
2022-05-23,59456.45109974039
2022-05-24,59456.45109974039
2022-05-25,59456.45109974039
2022-05-26,59456.45109974039
2022-05-27,59456.45109974039
2022-05-31,59456.45109974039
2022-06-01,59456.45109974039
2022-06-02,59456.45109974039
2022-06-03,59456.45109974039
2022-06-06,59456.45109974039
2022-06-07,59456.45109974039
2022-06-08,59456.45109974039
2022-06-09,59456.45109974039
2022-06-10,59456.45109974039
2022-06-13,59456.45109974039
2022-06-14,59456.45109974039
2022-06-15,59456.45109974039
2022-06-16,59456.45109974039
2022-06-17,59456.45109974039
2022-06-21,59456.45109974039
2022-06-22,59456.45109974039
2022-06-23,59456.45109974039
2022-06-24,59456.45109974039
2022-06-27,59456.45109974039
2022-06-28,59456.45109974039
2022-06-29,59456.45109974039
2022-06-30,59456.45109974039
2022-07-01,59456.45109974039
2022-07-05,59456.45109974039
2022-07-06,59456.45109974039
2022-07-07,59456.45109974039
2022-07-08,59456.45109974039
2022-07-11,59456.45109974039
2022-07-12,59456.45109974039
2022-07-13,59456.45109974039
2022-07-14,59456.45109974039
2022-07-15,59456.45109974039
2022-07-18,59456.45109974039
2022-07-19,59456.45109974039
2022-07-20,59456.45109974039
2022-07-21,59058.0759629154
2022-07-22,58914.88596291539
2022-07-25,58963.90596291539
2022-07-26,58264.7859629154
2022-07-27,58453.5176345004
2022-07-28,58119.5876345004
2022-07-29,58084.277634500395
2022-08-01,57584.08763450039
2022-08-02,57325.0676345004
2022-08-03,57880.9976345004
2022-08-04,57923.6576345004
2022-08-05,58681.33763450039
2022-08-08,59291.23763450039
2022-08-09,59954.6576345004
2022-08-10,60191.1776345004
2022-08-11,59612.6876345004
2022-08-12,60266.387634500396
2022-08-15,61391.387634500396
2022-08-16,61365.58763450039
2022-08-17,61029.8576345004
2022-08-18,60625.2776345004
2022-08-19,61154.7176345004
2022-08-22,60185.987634500394
2022-08-23,59331.25763450039
2022-08-24,59655.137634500396
2022-08-25,59900.7176345004
2022-08-26,58540.1876345004
2022-08-29,58641.58763450039
2022-08-30,58335.8819296404
2022-08-31,58148.021929640396
2022-09-01,59142.40192964039
2022-09-02,58266.5519296404
2022-09-06,58227.0419296404
2022-09-07,58848.09297084539
2022-09-08,58704.45297084539
2022-09-09,58842.42297084539
2022-09-12,58931.252970845395
2022-09-13,58368.032970845394
2022-09-14,58579.71297084539
2022-09-15,57988.142970845394
2022-09-16,58020.27297084539
2022-09-19,58162.02297084539
2022-09-20,57906.87297084539
2022-09-21,58006.92772242539
2022-09-22,58006.92772242539
2022-09-23,58006.92772242539
2022-09-26,58006.92772242539
2022-09-27,58006.92772242539
2022-09-28,58006.92772242539
2022-09-29,58006.92772242539
2022-09-30,58006.92772242539
2022-10-03,58006.92772242539
2022-10-04,58006.92772242539
2022-10-05,58006.92772242539
2022-10-06,58006.92772242539
2022-10-07,58006.92772242539
2022-10-10,58006.92772242539
2022-10-11,58006.92772242539
2022-10-12,58006.92772242539
2022-10-13,58006.92772242539
2022-10-14,58006.92772242539
2022-10-17,58006.92772242539
2022-10-18,58006.92772242539
2022-10-19,58006.92772242539
2022-10-20,58006.92772242539
2022-10-21,58006.92772242539
2022-10-24,58006.92772242539
2022-10-25,58006.92772242539
2022-10-26,58006.92772242539
2022-10-27,58006.92772242539
2022-10-28,58006.92772242539
2022-10-31,58006.92772242539
2022-11-01,58006.92772242539
2022-11-02,58006.92772242539
2022-11-03,58006.92772242539
2022-11-04,58006.92772242539
2022-11-07,58006.92772242539
2022-11-08,58006.92772242539
2022-11-09,58006.92772242539
2022-11-10,58006.92772242539
2022-11-11,58006.92772242539
2022-11-14,57618.80896580539
2022-11-15,59223.388965805396
2022-11-16,57836.52896580539
2022-11-17,58493.518965805386
2022-11-18,59124.268965805386
2022-11-21,58319.138965805396
2022-11-22,58989.17896580539
2022-11-23,58831.980571300395
2022-11-25,58871.40057130039
2022-11-28,60411.98057130039
2022-11-29,61124.020571300396
2022-11-30,63536.33057130039
2022-12-01,63309.150571300386
2022-12-02,64810.300571300395
2022-12-05,64806.50057130039
2022-12-06,63210.730571300395
2022-12-07,63561.1805713004
2022-12-08,65167.36057130039
2022-12-09,64371.3705713004
2022-12-12,63618.00057130039
2022-12-13,64692.13057130039
2022-12-14,65458.3705713004
2022-12-15,63296.3805713004
2022-12-16,62330.17057130039
2022-12-19,62297.7805713004
2022-12-20,61708.85057130039
2022-12-21,63097.7905713004
2022-12-22,61429.64057130039
2022-12-23,60729.67477970039
2022-12-27,59969.624779700396
2022-12-28,58691.8228562604
2022-12-29,58984.8628562604
2022-12-30,58730.3028562604
2023-01-03,59612.3828562604
2023-01-04,61545.2628562604
2023-01-05,62838.7828562604
2023-01-06,62995.6628562604
2023-01-09,62865.4228562604
2023-01-10,62442.1428562604
2023-01-11,62125.4228562604
2023-01-12,62255.6628562604
2023-01-13,63303.5028562604
2023-01-17,62109.23844207541
2023-01-18,60550.198042075404
2023-01-19,59651.198042075404
2023-01-20,63204.988042075405
2023-01-23,65484.4539434554
2023-01-24,66450.05394345541
2023-01-25,66932.8539434554
2023-01-26,69029.8139434554
2023-01-27,68609.33394345541
2023-01-30,65583.8139434554
2023-01-31,65907.49394345541
2023-02-01,68233.0139434554
2023-02-02,67745.0939434554
2023-02-03,66469.9739434554
2023-02-06,65465.6643434554
2023-02-07,65807.9739434554
2023-02-08,65613.57394345541
2023-02-09,65592.4539434554
2023-02-10,63594.613943455406
2023-02-13,65840.8539434554
2023-02-14,65921.2125146604
2023-02-15,65649.14251466042
2023-02-16,65223.3225146604
2023-02-17,63941.17251466041
2023-02-21,60215.85251466041
2023-02-22,60385.9478702904
2023-02-23,59613.067870290404
2023-02-24,59600.81396964041
2023-02-27,60488.5363649404
2023-02-28,60887.556364940414
2023-03-01,59882.65636494041
2023-03-02,60998.476364940405
2023-03-03,62022.616364940404
2023-03-06,62180.854224890405
2023-03-07,61989.194224890394
2023-03-08,63020.4242248904
2023-03-09,60814.90422489041
2023-03-10,59380.4342248904
2023-03-13,59254.614873025406
2023-03-14,62014.0948730254
2023-03-15,61682.994873025404
2023-03-16,64167.1348730254
2023-03-17,64136.79487302541
2023-03-20,63987.494873025404
2023-03-21,65252.77487302541
2023-03-22,64900.4277740154
2023-03-23,66067.2077740154
2023-03-24,65370.36777401541
2023-03-27,65105.0077740154
2023-03-28,65034.14777401541
2023-03-29,66497.6077740154
2023-03-30,68004.6677740154
2023-03-31,69710.86777401541
2023-04-03,69885.16777401541
2023-04-04,68879.8746350854
2023-04-05,66904.05463508541
2023-04-06,67020.71463508542
2023-04-10,67960.97256308341
2023-04-11,68098.70809126341
2023-04-12,66476.2280912634
2023-04-13,67311.26809126341
2023-04-14,67868.68809126341
2023-04-17,68507.84809126341
2023-04-18,69408.81645725342
2023-04-19,68885.36645725342
2023-04-20,67871.46645725344
2023-04-21,68125.18645725343
2023-04-24,68102.60505725343
2023-04-25,66373.38645725342
2023-04-26,67291.33645725342
2023-04-27,68089.16645725342
2023-04-28,69199.60645725342
2023-05-01,70389.25132461844
2023-05-02,68801.59132461844
2023-05-03,68354.81132461842
2023-05-04,68131.89132461842
2023-05-05,69941.25132461842
2023-05-08,71354.33132461841
2023-05-09,70586.45132461842
2023-05-10,71332.81132461842
2023-05-11,71684.83132461841
2023-05-12,70919.7913246184
2023-05-15,71466.59132461842
2023-05-16,71660.15132461842
2023-05-17,73603.07132461842
2023-05-18,78488.33132461843
2023-05-19,77370.11132461841
2023-05-22,77043.85132461843
2023-05-23,75720.45132461842
2023-05-24,76265.49132461843
2023-05-25,86623.47132461843
2023-05-26,89751.31895747341
2023-05-30,92665.29895747344
2023-05-31,89536.58755747342
2023-06-01,93050.42895747341
2023-06-02,92174.88895747343
2023-06-05,92209.92895747341
2023-06-06,91089.33895747343
2023-06-07,89407.59895747343
2023-06-08,91745.29355747341
2023-06-09,93041.14895747342
2023-06-12,94426.46895747342
2023-06-13,97686.49895747344
2023-06-14,101013.22355747342
2023-06-15,100898.71755747341
2023-06-16,99810.15895747341
2023-06-20,101678.48895747341
2023-06-21,99680.31895747341
2023-06-22,99484.93895747342
2023-06-23,98429.87755747342
2023-06-26,95422.30895747342
2023-06-27,97345.16895747342
2023-06-28,97332.63755747341
2023-06-29,96760.56895747341
2023-06-30,99980.31895747341
2023-07-03,100223.11895747342
2023-07-05,100474.86895747342
2023-07-06,99552.88895747342
2023-07-07,100071.78895747341
2023-07-10,99914.23895747343
2023-07-11,100117.92895747341
2023-07-12,102644.85355747343
2023-07-13,106222.78895747341
2023-07-14,104748.15755747343
2023-07-17,106898.25895747342
2023-07-18,110536.36895747343
2023-07-19,110171.4489574734
2023-07-20,104430.11895747342
2023-07-21,101800.67895747341
2023-07-24,101948.13621647342
2023-07-25,104164.81621647344
2023-07-26,102841.49621647343
2023-07-27,103526.31621647344
2023-07-28,105031.48621647342
2023-07-31,104948.34621647344
2023-08-01,105482.33621647344
2023-08-02,101098.45621647342
2023-08-03,101163.69621647341
2023-08-04,101268.93621647342
2023-08-07,102966.45621647342
2023-08-08,101307.88621647342
2023-08-09,96922.65621647344
2023-08-10,96300.07645567345
2023-08-11,96295.97645567344
2023-08-14,96300.52645567345
2023-08-15,96296.28645567344
2023-08-16,96288.62645567344
2023-08-17,96279.42645567344
2023-08-18,96272.94805018844
2023-08-21,96272.94805018844
2023-08-22,96272.94805018844
2023-08-23,96272.94805018844
2023-08-24,96272.94805018844
2023-08-25,96272.94805018844
2023-08-28,96272.94805018844
2023-08-29,96272.94805018844
2023-08-30,96559.91062706846
2023-08-31,96738.27062706846
2023-09-01,95080.11062706845
2023-09-05,95156.55062706846
2023-09-06,92249.87062706845
2023-09-07,90642.67062706845
2023-09-08,89331.43062706846
2023-09-11,88559.21022706846
2023-09-12,87955.51062706845
2023-09-13,89160.91062706846
2023-09-14,89349.07062706845
2023-09-15,86054.31062706845
2023-09-18,86183.67062706845
2023-09-19,85309.51062706845
2023-09-20,82798.75062706845
2023-09-21,80841.26621466845
2023-09-22,80753.55386799345
2023-09-25,80586.50386799345
2023-09-26,80597.56386799345
2023-09-27,80743.12386799345
2023-09-28,80891.63476809346
2023-09-29,81042.86476809345
2023-10-02,81196.22476809345
2023-10-03,80663.01476809346
2023-10-04,80806.43476809346
2023-10-05,80894.47476809345
2023-10-06,81703.87476809346
2023-10-09,82068.10476809346
2023-10-10,82212.23476809346
2023-10-11,82522.50476809345
2023-10-12,82619.4123799411
2023-10-13,80303.94872376611
2023-10-16,81376.49872376611
2023-10-17,78168.29872376611
2023-10-18,75653.30872376611
2023-10-19,76079.16231599113
2023-10-20,75581.13231599113
2023-10-23,75691.65237830613
2023-10-24,76081.41237830612
2023-10-25,75093.57237830613
2023-10-26,74482.03768080613
2023-10-27,74282.85768080613
2023-10-30,74292.04768080614
2023-10-31,74094.32768080613
2023-11-01,74615.22768080613
2023-11-02,75041.21768080612
2023-11-03,75482.47768080613
2023-11-06,75165.70485080613
2023-11-07,75683.40485080612
2023-11-08,75741.71485080614
2023-11-09,75230.58485080612
2023-11-10,76023.79485080612
2023-11-13,76148.90485080612
2023-11-14,76983.01485080612
2023-11-15,76138.97485080613
2023-11-16,77087.64599306615
2023-11-17,77086.38599306614
2023-11-20,78498.76599306613
2023-11-21,78040.31599306613
2023-11-22,76772.42599306615
2023-11-24,75772.47599306614
2023-11-27,76260.22599306615
2023-11-28,75982.66599306614
2023-11-29,78004.29790644615
2023-11-30,76549.62790644616
2023-12-01,76420.76790644614
2023-12-04,75164.99930644615
2023-12-05,75339.95682618614
2023-12-06,75286.98682618614
2023-12-07,75347.51682618615
2023-12-08,75428.61682618615
2023-12-11,76101.67682618614
2023-12-12,76533.25682618613
2023-12-13,76903.40682618614
2023-12-14,76979.24682618614
2023-12-15,77742.80682618615
2023-12-18,77753.56682618614
2023-12-19,77757.35682618615
2023-12-20,77144.69682618615
2023-12-21,77477.60682618615
2023-12-22,77288.17682618614
2023-12-26,77566.97682618615
2023-12-27,77513.96682618615
2023-12-28,77443.31682618616
2023-12-29,77328.20682618616
2024-01-02,76411.47682618613
2024-01-03,76282.84682618616
2024-01-04,76333.75682618615
2024-01-05,76402.06682618614
2024-01-08,77520.81279866614
2024-01-09,78513.08279866615
2024-01-10,79053.81279866614
2024-01-11,79306.93279866615
2024-01-12,79126.66279866616
2024-01-16,79138.48279866614
2024-01-17,78390.70279866614
2024-01-18,78873.10279866615
2024-01-19,79911.02062016615
2024-01-22,82633.30062016615
2024-01-23,82923.11062016615
2024-01-24,82984.49062016615
2024-01-25,81780.11062016615
2024-01-26,81028.65522468615
2024-01-29,82636.49522468616
2024-01-30,82719.42004148616
2024-01-31,80859.77004148615
2024-02-01,82745.34004148615
2024-02-02,85982.04004148615
2024-02-05,88521.16004148616
2024-02-06,87549.68004148616
2024-02-07,90549.25004148616
2024-02-08,90605.51004148615
2024-02-09,93406.01004148617
2024-02-12,92916.56004148615
2024-02-13,92669.01004148615
2024-02-14,95333.02004148615
2024-02-15,93987.95904148616
2024-02-16,93737.83623503616
2024-02-20,90484.60623503616
2024-02-21,86444.55623503616
2024-02-22,97390.27064388616
2024-02-23,97636.82964388617
2024-02-26,97773.53064388616
2024-02-27,97653.80064388615
2024-02-28,96630.08064388615
2024-02-29,98095.39064388616
2024-03-01,101408.94201851616
2024-03-04,104816.04201851616
2024-03-05,105640.69908751617
2024-03-06,108655.61808751617
2024-03-07,112239.55208751617
2024-03-08,106336.59108751616
2024-03-11,104193.52208751616
2024-03-12,109883.76208751617
2024-03-13,108703.17208751617
2024-03-14,105446.23208751617
2024-03-15,105258.73096641619
2024-03-18,106326.04996641618
2024-03-19,107639.61096641615
2024-03-20,109032.65096641617
2024-03-21,109818.63096641617
2024-03-22,112899.32096641617
2024-03-25,114683.16996641616
2024-03-26,112317.41096641617
2024-03-27,110060.75096641616
2024-03-28,110127.67996641617
2024-04-01,110268.00096641616
2024-04-02,109729.19096641616
2024-04-03,109575.88096641617
2024-04-04,105734.23096641617
2024-04-05,109021.34096641617
2024-04-08,108064.96096641617
2024-04-09,105914.14096641616
2024-04-10,107845.66096641617
2024-04-11,111374.54096641616
2024-04-12,108906.53096641616
2024-04-15,105984.96096641617
2024-04-16,107416.41096641618
2024-04-17,104134.22096641618
2024-04-18,104510.62996641616
2024-04-19,96338.52996641617
2024-04-22,98288.03717339618
2024-04-23,98946.96717339617
2024-04-24,98673.17717339617
2024-04-25,98915.52717339617
2024-04-26,98962.68717339617
2024-04-29,98994.12717339618
2024-04-30,98644.35717339617
2024-05-01,98463.57717339617
2024-05-02,98675.79717339617
2024-05-03,99812.87717339618
2024-05-06,100184.91717339617
2024-05-07,100010.8758125862
2024-05-08,100873.5077125862
2024-05-09,100555.5077125862
2024-05-10,101343.01771258618
2024-05-13,101597.9877125862
2024-05-14,102920.74670658621
2024-05-15,106313.6286065862
2024-05-16,105178.3686065862
2024-05-17,103233.61860658618
2024-05-20,105361.9886065862
2024-05-21,106839.6312188688
2024-05-22,106157.69931886879
2024-05-23,113459.86121886881
2024-05-24,116872.2512188688
2024-05-28,122971.36121886881
2024-05-29,122389.3142188688
2024-05-30,119405.2842188688
2024-05-31,117704.8101555738
2024-06-03,120877.5601555738
2024-06-04,121369.28015557378
2024-06-05,126981.19646421882
2024-06-06,125489.73646421882
2024-06-07,125034.90646421883
2024-06-10,126124.30646421883
2024-06-11,125311.95646421882
2024-06-12,129685.63646421881
2024-06-13,133574.7264642188
2024-06-14,135089.24646421883
2024-06-17,135259.94816700878
2024-06-18,139458.01819030882
2024-06-20,135009.8981903088
2024-06-21,131485.0381903088
2024-06-24,124427.23819030882
2024-06-25,130519.70819195884
2024-06-26,131756.51819195884
2024-06-27,129485.31319195882
2024-06-28,127904.60798840882
2024-07-01,126987.81798840885
2024-07-02,128324.56798840883
2024-07-03,130197.24798840882
2024-07-05,135036.29798840883
2024-07-08,135876.5279884088
2024-07-09,134747.14798840883
2024-07-10,134628.87498840882
2024-07-11,128400.29798840883
2024-07-12,130624.28798840883
2024-07-15,129741.85073750882
2024-07-16,129445.41073750884
2024-07-17,122561.12073750884
2024-07-18,120685.56993842885
2024-07-19,118560.01698980884
2024-07-22,118607.26698980884
2024-07-23,121174.51698980884
2024-07-24,116758.21698980883
2024-07-25,114068.11698980883
2024-07-26,115954.03385900884
2024-07-29,115954.03385900884
2024-07-30,115954.03385900884
2024-07-31,115954.03385900884
2024-08-01,115954.03385900884
2024-08-02,115954.03385900884
2024-08-05,115954.03385900884
2024-08-06,115954.03385900884
2024-08-07,115954.03385900884
2024-08-08,115954.03385900884
2024-08-09,115954.03385900884
2024-08-12,115954.03385900884
2024-08-13,115954.03385900884
2024-08-14,115954.03385900884
2024-08-15,115954.03385900884
2024-08-16,115341.88078718884
2024-08-19,115985.92538718885
2024-08-20,114978.48538718883
2024-08-21,116261.54078718885
2024-08-22,113900.62078718883
2024-08-23,115455.10078718884
2024-08-26,112501.08078718884
2024-08-27,113409.08078718884
2024-08-28,112092.56078718884
2024-08-29,111509.32538718886
2024-08-30,114211.12078718883
2024-09-03,107568.44078718884
2024-09-04,108122.16078718884
2024-09-05,107327.70078718883
2024-09-06,101237.74078718886
2024-09-09,102525.17163785886
2024-09-10,102525.17163785886
2024-09-11,103032.05163785885
2024-09-12,104023.49163785885
2024-09-13,103952.93163785886
2024-09-16,104612.45163785885
2024-09-17,104831.33163785885
2024-09-18,104948.69163785886
2024-09-19,106471.49163785885
2024-09-20,109682.33063185887
2024-09-23,109991.23063185887
2024-09-24,109918.01063185888
2024-09-25,112209.13245400887
2024-09-26,111649.62245400887
2024-09-27,110703.75245400888
2024-09-30,110516.58245400887
2024-10-01,109222.78245400888
2024-10-02,109450.34245400887
2024-10-03,112421.00245400886
2024-10-04,114772.97245400886
2024-10-07,113570.56245400888
2024-10-08,115045.49245400887
2024-10-09,113218.22935259888
2024-10-10,113955.44935259887
2024-10-11,115177.35935259888
2024-10-14,119697.65935259887
2024-10-15,114233.76935259886
2024-10-16,117846.63935259887
2024-10-17,117329.35935259888
2024-10-18,116959.32935259887
2024-10-21,118549.44682935138
2024-10-22,117551.13682935137
2024-10-23,116025.50682935136
2024-10-24,116341.64682935138
2024-10-25,117032.96682935137
2024-10-28,117040.83682935138
2024-10-29,117839.13682935137
2024-10-30,117028.76682935137
2024-10-31,115118.94682935136
2024-11-01,114559.20682935137
2024-11-04,109227.38682935138
2024-11-05,111446.87382601638
2024-11-06,115298.38382601639
2024-11-07,118697.14382601637
2024-11-08,116370.90382601638
2024-11-11,117751.29939955138
2024-11-12,116729.31939955137
2024-11-13,115047.42939955139
2024-11-14,112565.03939955139
2024-11-15,109762.7493995514
2024-11-18,110457.32955096889
2024-11-19,112490.5895509689
2024-11-20,112128.29955096888
2024-11-21,112078.31955096888
2024-11-22,113420.82955096889
2024-11-25,111064.66955096889
2024-11-26,111617.32322327892
2024-11-27,110518.23322327892
2024-11-29,113603.22322327891
2024-12-02,115197.47155965891
2024-12-03,118030.20155965892
2024-12-04,119476.00155965892
2024-12-05,121569.31155965892
2024-12-06,126702.80155965892
2024-12-09,117058.82155965891
2024-12-10,115923.15848665891
2024-12-11,120212.08042501891
2024-12-12,118723.04042501893
2024-12-13,119466.92042501894
2024-12-16,125766.06370048894
2024-12-17,126250.38370048894
2024-12-18,117263.64370048894
2024-12-19,115470.84370048894
2024-12-20,113835.89707029893
2024-12-23,117193.79707029896
2024-12-24,122071.29707029896
2024-12-26,122253.99707029894
2024-12-27,119096.39707029896
2024-12-30,116356.59707029897
2024-12-31,114153.29707029893
2025-01-02,112604.15202579893
2025-01-03,112712.45202579894
2025-01-06,113445.85202579893
2025-01-07,111969.55202579894
2025-01-08,112096.85202579893
2025-01-10,111146.85202579893
2025-01-13,111333.05202579894
2025-01-14,111220.95202579894
2025-01-15,111847.95202579894
2025-01-16,112115.85202579893
2025-01-17,113641.55202579894
2025-01-21,114186.85202579893
2025-01-22,114300.85202579893
2025-01-23,114093.95682842896
2025-01-24,113607.19682842895
2025-01-27,95881.43682842894
2025-01-28,101516.79302983895
2025-01-29,100777.87302983896
2025-01-30,103055.53302983895
2025-01-31,104805.35302983894
2025-02-03,104805.49770684396
2025-02-04,115283.73770684395
2025-02-05,117287.28770684396
2025-02-06,120230.67175490396
2025-02-07,119731.33175490398
2025-02-10,122968.02175490398
2025-02-11,119912.41175490397
2025-02-12,122227.45175490397
2025-02-13,130111.11175490398
2025-02-14,134965.72175490396
2025-02-18,137730.16175490397
2025-02-19,125329.05175490395
2025-02-20,118349.05331240396
2025-02-21,112024.83331240398
2025-02-24,107630.85437520397
2025-02-25,103668.19437520398
2025-02-26,100372.50183084399
2025-02-27,99812.801830844
2025-02-28,100079.60183084398
2025-03-03,99653.301830844
2025-03-04,99635.90183084398
2025-03-05,99728.70183084399
2025-03-06,98255.50183084399
2025-03-07,98292.346620844
2025-03-10,98292.346620844
2025-03-11,98292.346620844
2025-03-12,98292.346620844
2025-03-13,98292.346620844
2025-03-14,98292.346620844
2025-03-17,98292.346620844
2025-03-18,98292.346620844
2025-03-19,98292.346620844
2025-03-20,98292.346620844
2025-03-21,98292.346620844
2025-03-24,98292.346620844
2025-03-25,98292.346620844
2025-03-26,98292.346620844
2025-03-27,98292.346620844
2025-03-28,98292.346620844
2025-03-31,98292.346620844
2025-04-01,98292.346620844
2025-04-02,98292.346620844
2025-04-03,98292.346620844
2025-04-04,98292.346620844
2025-04-07,98292.346620844
2025-04-08,98292.346620844
2025-04-09,98292.346620844
2025-04-10,98292.346620844
2025-04-11,98292.346620844
2025-04-14,98292.346620844
2025-04-15,98292.346620844
2025-04-16,98292.346620844
2025-04-17,98292.346620844
2025-04-21,98292.346620844
2025-04-22,98292.346620844
2025-04-23,98292.346620844
2025-04-24,98292.346620844
2025-04-25,98292.346620844
2025-04-28,97908.11721406401
2025-04-29,99997.577214064
2025-04-30,100402.937214064
2025-05-01,100113.217214064
2025-05-02,104241.377214064
2025-05-05,103623.19721406401
2025-05-06,99197.69721406401
2025-05-07,98700.497214064
2025-05-08,103606.35721406402
2025-05-09,101842.497214064
2025-05-12,102633.57721406402
2025-05-13,107717.417214064
2025-05-14,107569.17721406402
2025-05-15,104924.81721406401
2025-05-16,106138.49721406403
2025-05-19,106798.79721406402
2025-05-20,106732.59721406401
2025-05-21,103456.69721406401
2025-05-22,104377.437214064
2025-05-23,102913.157214064
2025-05-27,104436.95721406401
2025-05-28,103587.017214064
2025-05-29,102969.337214064
2025-05-30,106529.13721406402
2025-06-02,107479.81721406401
2025-06-03,109870.437214064
2025-06-04,105989.797214064
2025-06-05,102422.39721406401
2025-06-06,105602.85721406402
2025-06-09,108109.137214064
2025-06-10,108491.67721406402
2025-06-11,109880.79721406402
2025-06-12,109246.997214064
2025-06-13,110077.217214064
2025-06-16,111092.077214064
2025-06-17,110499.657214064
2025-06-18,109946.73721406402
2025-06-20,108560.93721406402
2025-06-23,110277.737214064
2025-06-24,111614.877214064
2025-06-25,113206.337214064
2025-06-26,114247.47721406401
2025-06-27,109656.65721406402
2025-06-30,113824.13721406402
2025-07-01,108156.45721406402
2025-07-02,111430.57721406402
2025-07-03,113598.657214064
2025-07-07,113590.25721406401
2025-07-08,114044.117214064
2025-07-09,117102.07721406402
2025-07-10,115470.017214064
2025-07-11,115825.77721406402
2025-07-14,119144.47721406401
2025-07-15,117992.29721406402
2025-07-16,119648.83721406401
2025-07-17,120093.63721406402
2025-07-18,117948.657214064
2025-07-21,118143.357214064
2025-07-22,116578.51721406402
2025-07-23,116244.717214064
2025-07-24,116596.54139855901
2025-07-25,116990.07139855901
2025-07-28,116667.07139855901
2025-07-29,113457.73740271904
2025-07-30,114934.97740271903
2025-07-31,114178.86740271903
2025-08-01,111491.50740271903
2025-08-04,113311.71740271903
2025-08-05,116460.84740271904
2025-08-06,118864.45740271902
2025-08-07,115524.01740271902
2025-08-08,116862.05914434904
2025-08-11,114717.02266434903
2025-08-12,116250.75266434904
2025-08-13,116312.81266434904
2025-08-14,114610.05266434903
2025-08-15,113093.16266434903
2025-08-18,111126.18266434903
2025-08-19,105976.63266434903
2025-08-20,104366.31616584904
2025-08-21,103422.52182078405
2025-08-22,105302.07182078404
2025-08-25,105507.20182078404
2025-08-26,106699.73182078404
2025-08-27,106718.17182078405
2025-08-28,107659.07182078404
2025-08-29,106008.68545691905
2025-09-02,105456.94121168906
2025-09-03,105536.90121168907
2025-09-04,107296.46121168908
2025-09-05,106344.56121168906
2025-09-08,111817.92096528909
2025-09-09,112093.18096528908
2025-09-10,114373.82096528908
2025-09-11,117391.13628766905
2025-09-12,119092.18628766907
2025-09-15,120090.30628766908
2025-09-16,121071.49628766907
2025-09-17,121101.56628766909
2025-09-18,125010.40628766906
2025-09-19,126364.8066242541
2025-09-22,124447.0566242541
2025-09-23,125867.2566242541
2025-09-24,123044.05662425408
2025-09-25,122120.10662425408
2025-09-26,124710.4566242541
2025-09-29,127335.41662425408
2025-09-30,129057.07662425408
2025-10-01,127192.94662425408
2025-10-02,127492.19662425411
2025-10-03,124516.15662425409
2025-10-06,119846.75662425408
2025-10-07,118629.7293853016
2025-10-08,119620.0593853016
2025-10-09,119538.97938530162
2025-10-10,114341.36938530162
2025-10-13,117575.86301778661
2025-10-14,118353.8830177866
2025-10-15,118509.80301778662
2025-10-16,118074.00301778661
2025-10-17,117924.62301778662
2025-10-20,119232.7830177866
2025-10-21,118714.86301778661
2025-10-22,117278.98301778661
2025-10-23,118632.64301778661
2025-10-24,119617.74301778662
2025-10-27,121024.44301778662
2025-10-28,120198.60185353164
2025-10-29,121244.20185353162
2025-10-30,119641.09185353163
2025-10-31,119851.25185353162
2025-11-03,129511.15185353163
2025-11-04,124639.61966236663
2025-11-05,127739.28966236665
2025-11-06,121806.65966236664
2025-11-07,120352.52744441664
2025-11-10,126437.20744441665
2025-11-11,121327.44744441666
2025-11-12,125492.68744441663
2025-11-13,120158.34744441665
2025-11-14,119912.05744441666
2025-11-17,118049.32744441665
2025-11-18,113205.58744441665
2025-11-19,112979.83091954165
2025-11-20,110296.02274409164
2025-11-21,110743.99198469664
2025-11-24,110743.99198469664
2025-11-25,110743.99198469664
2025-11-26,110743.99198469664
2025-11-28,110743.99198469664
2025-12-01,110743.99198469664
2025-12-02,110743.99198469664
2025-12-03,110743.99198469664
2025-12-04,110743.99198469664
2025-12-05,110743.99198469664
2025-12-08,110743.99198469664
2025-12-09,110743.99198469664
2025-12-10,110743.99198469664
2025-12-11,110743.99198469664
2025-12-12,110743.99198469664
2025-12-15,110743.99198469664
2025-12-16,110743.99198469664
2025-12-17,110743.99198469664
2025-12-18,110743.99198469664
2025-12-19,110743.99198469664
2025-12-22,110743.99198469664
2025-12-23,110743.99198469664
2025-12-24,110743.99198469664
2025-12-26,110743.99198469664
2025-12-29,110743.99198469664
2025-12-30,110743.99198469664
2025-12-31,110743.99198469664
2026-01-02,110743.99198469664
2026-01-05,110743.99198469664
2026-01-06,110743.99198469664
2026-01-07,110743.99198469664
2026-01-08,110743.99198469664
2026-01-09,110743.99198469664
2026-01-12,110743.99198469664
2026-01-13,110743.99198469664
2026-01-14,110743.99198469664
2026-01-15,110743.99198469664
2026-01-16,110743.99198469664
2026-01-20,110743.99198469664
2026-01-21,110743.99198469664
2026-01-22,110743.99198469664
2026-01-23,110743.99198469664
2026-01-26,110743.99198469664
2026-01-27,110743.99198469664
2026-01-28,118196.11759660166
2026-01-29,118368.00759660167
2026-01-30,109056.32759660165
2026-02-02,116191.48759660167
2026-02-03,118429.53759660166
2026-02-04,109585.06759660167
2026-02-05,107428.78759660166
2026-02-06,113790.15759660167
2026-02-09,112905.98759660167
2026-02-10,106111.91759660166
2026-02-11,112018.83759660166
2026-02-12,115904.85759660168
2026-02-13,114886.07759660167
2026-02-17,113319.42759660166
2026-02-18,117735.17759660166
2026-02-19,114382.50759660167
2026-02-20,115663.59759660167
2026-02-23,113957.03759660167
2026-02-24,111283.70759660167
2026-02-25,117449.28759660167
2026-02-26,113930.70759660166
2026-02-27,113116.47759660168
2026-03-02,109313.05759660166
2026-03-03,101637.40759660167
2026-03-04,105887.84589910167
2026-03-05,105242.02089910167
2026-03-06,100836.42089910166
2026-03-09,104985.67089910166
2026-03-10,106829.97089910167
2026-03-11,108607.72089910167
2026-03-12,106300.77089910167
2026-03-13,109781.92089910166
2026-03-16,113210.62089910166
2026-03-17,119002.72089910167
2026-03-18,117714.37089910166
2026-03-19,117887.32089910167
2026-03-20,112508.67089910166
2026-03-23,111084.22089910167
2026-03-24,111198.12089910166
2026-03-25,109276.57089910167
2026-03-26,104835.78485000167
2026-03-27,105124.33485000167
2026-03-30,101692.18485000168
2026-03-31,104421.08485000167
2026-04-01,108370.88485000168
2026-04-02,107970.68485000168
2026-04-06,109301.78485000167
2026-04-07,110434.23485000167
2026-04-08,114323.13485000166
2026-04-09,115721.02952240169
2026-04-10,116491.11408108169
2026-04-13,118604.3140810817
2026-04-14,125371.4140810817
2026-04-15,123540.5140810817
2026-04-16,123934.21408108168
2026-04-17,126367.8640810817
2026-04-20,125546.41408108169
2026-04-21,128339.46408108168
2026-04-22,133453.21408108168
2026-04-23,135528.4140810817
2026-04-24,136766.9640810817
2026-04-27,139144.6640810817
2026-04-28,135016.8140810817
2026-04-29,143484.6140810817
2026-04-30,148507.9140810817
2026-05-01,153540.76408108167
2026-05-04,158606.4140810817
2026-05-05,169137.46408108168
2026-05-06,174844.3640810817
2026-05-07,169159.06408108168
2026-05-08,180559.5140810817
2026-05-11,189602.42573790668
2026-05-12,179886.5257379067
2026-05-13,183499.87573790672
2026-05-14,178851.77573790672
2026-05-15,170881.72573790667
2026-05-18,163810.8257379067
2026-05-19,165808.07573790668
2026-05-20,172245.17573790668
2026-05-21,178364.0757379067
2026-05-22,177689.2757379067
2026-05-26,196586.92573790668
2026-05-27,199360.8257379067
2026-05-28,198706.12573790672
2026-05-29,200055.9257379067
2026-06-01,205276.2257379067
2026-06-02,209461.7257379067
2026-06-03,217083.8677379067
2026-06-04,207332.4757379067
2026-06-05,182565.97573790673
2026-06-08,195206.77529120672
2026-06-09,193871.3252912067
2026-06-10,189864.97529120673
2026-06-11,190870.34640453174
2026-06-12,190870.34640453174
2026-06-15,190870.34640453174
2026-06-16,190870.34640453174
2026-06-17,190870.34640453174
2026-06-18,190870.34640453174
2026-06-22,190870.34640453174
2026-06-23,190870.34640453174
2026-06-24,190870.34640453174
2026-06-25,190870.34640453174
2026-06-26,190870.34640453174
2026-06-29,190870.34640453174
2026-06-30,190870.34640453174
2026-07-01,190870.34640453174
2026-07-02,190870.34640453174
2026-07-06,190870.34640453174
2026-07-07,190870.34640453174
2026-07-08,190870.34640453174
2026-07-09,190870.34640453174
2026-07-10,190870.34640453174
2026-07-13,190870.34640453174
2026-07-14,190870.34640453174
2026-07-15,190870.34640453174
