label,start,end,initial_equity,final_equity,total_return,total_return_display,qqq_return,qqq_return_display,alpha,alpha_display,cagr,cagr_display,mdd,mdd_display,sharpe,sharpe_display,calmar,calmar_display,win_rate,win_rate_display,payoff_ratio,payoff_display,trade_count,fold,train_start,train_end,param_entry,param_market_filter,param_asset_filter,param_rs_method,param_rs_period,param_sell_confirm_bars,param_hurdle,param_max_positions,param_st_period,param_st_multiplier
expanding_walk_forward_fold_01_train,2010-10-19 00:00:00,2015-12-31 00:00:00,10000.0,30401.041217469057,2.040104121746906,+204.01%,1.2011019536024117,+120.11%,0.8390021681444941,+83.90%,0.2384481689039768,+23.84%,-0.3961857990003361,-39.62%,0.7993165077798845,0.80,0.6018594545933599,0.60,0.5918367346938775,+59.18%,1.4388114376914733,1.44,49,1,2010-01-01,2015-12-31,single,1d,ichimoku_cloud+ema_trend,dual_momentum,150,4,1.5,1,10,3.0
expanding_walk_forward_fold_01_train,2010-10-19 00:00:00,2015-12-31 00:00:00,10000.0,32055.082782933896,2.2055082782933897,+220.55%,1.2011019536024117,+120.11%,1.004406324690978,+100.44%,0.251132297129699,+25.11%,-0.3959959518952427,-39.60%,0.8307507626777672,0.83,0.6341789503851641,0.63,0.5833333333333334,+58.33%,1.5164918774762557,1.52,48,1,2010-01-01,2015-12-31,single,1d,ichimoku_cloud+ema_trend,dual_momentum,150,4,2.0,1,10,3.0
expanding_walk_forward_fold_01_train,2010-10-19 00:00:00,2015-12-31 00:00:00,10000.0,32738.777599152232,2.2738777599152233,+227.39%,1.2011019536024117,+120.11%,1.0727758063128117,+107.28%,0.2562212072697738,+25.62%,-0.3960846776254917,-39.61%,0.8523348128491057,0.85,0.6468849257330717,0.65,0.5909090909090909,+59.09%,1.5432619269965073,1.54,44,1,2010-01-01,2015-12-31,single,1d,ichimoku_cloud+ema_trend,dual_momentum,150,4,2.5,1,10,3.0
expanding_walk_forward_fold_01_train,2010-10-19 00:00:00,2015-12-31 00:00:00,10000.0,32504.181777030037,2.2504181777030037,+225.04%,1.2011019536024117,+120.11%,1.049316224100592,+104.93%,0.25448480819039765,+25.45%,-0.3915507304835283,-39.16%,0.8493700569887368,0.85,0.6499408336593648,0.65,0.5909090909090909,+59.09%,1.5319813093123493,1.53,44,1,2010-01-01,2015-12-31,single,1d,ichimoku_cloud+ema_trend,dual_momentum,150,4,3.0,1,10,3.0
expanding_walk_forward_fold_01_train,2010-10-19 00:00:00,2015-12-31 00:00:00,10000.0,28649.298122812066,1.8649298122812068,+186.49%,1.2011019536024117,+120.11%,0.6638278586787951,+66.38%,0.22439183048233713,+22.44%,-0.38736421399089405,-38.74%,0.7609215854754948,0.76,0.5792786797998124,0.58,0.6326530612244898,+63.27%,1.1445040004765448,1.14,49,1,2010-01-01,2015-12-31,single,1d,ichimoku_cloud+ema_trend,dual_momentum,150,5,1.5,1,10,3.0
expanding_walk_forward_fold_01_train,2010-10-19 00:00:00,2015-12-31 00:00:00,10000.0,33100.84933346506,2.310084933346506,+231.01%,1.2011019536024117,+120.11%,1.1089829797440944,+110.90%,0.2588815186042239,+25.89%,-0.37028418618909564,-37.03%,0.8438447712458832,0.84,0.6991427888633058,0.70,0.6382978723404256,+63.83%,1.206187867994785,1.21,47,1,2010-01-01,2015-12-31,single,1d,ichimoku_cloud+ema_trend,dual_momentum,150,5,2.0,1,10,3.0
expanding_walk_forward_fold_01_train,2010-10-19 00:00:00,2015-12-31 00:00:00,10000.0,33730.31470384883,2.373031470384883,+237.30%,1.2011019536024117,+120.11%,1.1719295167824715,+117.19%,0.2634510618779884,+26.35%,-0.36978891683943327,-36.98%,0.8636387969624852,0.86,0.7124363383567333,0.71,0.6511627906976745,+65.12%,1.201795878101291,1.20,43,1,2010-01-01,2015-12-31,single,1d,ichimoku_cloud+ema_trend,dual_momentum,150,5,2.5,1,10,3.0
expanding_walk_forward_fold_01_train,2010-10-19 00:00:00,2015-12-31 00:00:00,10000.0,33475.065351819714,2.3475065351819713,+234.75%,1.2011019536024117,+120.11%,1.1464045815795596,+114.64%,0.26160647482406363,+26.16%,-0.3648446603497191,-36.48%,0.8606909939502345,0.86,0.71703522965994,0.72,0.6511627906976745,+65.12%,1.1928710201676858,1.19,43,1,2010-01-01,2015-12-31,single,1d,ichimoku_cloud+ema_trend,dual_momentum,150,5,3.0,1,10,3.0
expanding_walk_forward_fold_01_train,2010-10-19 00:00:00,2015-12-31 00:00:00,10000.0,26747.520092686766,1.6747520092686767,+167.48%,1.2011019536024117,+120.11%,0.47365005566626506,+47.37%,0.20832257426702427,+20.83%,-0.3930592656917329,-39.31%,0.7200057797657774,0.72,0.5300029599872269,0.53,0.6122448979591837,+61.22%,1.2062855982313585,1.21,49,1,2010-01-01,2015-12-31,single,1d,ichimoku_cloud+ema_trend,dual_momentum,150,6,1.5,1,10,3.0
expanding_walk_forward_fold_01_train,2010-10-19 00:00:00,2015-12-31 00:00:00,10000.0,28145.949297478215,1.8145949297478214,+181.46%,1.2011019536024117,+120.11%,0.6134929761454098,+61.35%,0.2202246337296052,+22.02%,-0.39339630705412887,-39.34%,0.7494850568202386,0.75,0.5598035105583837,0.56,0.6041666666666666,+60.42%,1.272029452790436,1.27,48,1,2010-01-01,2015-12-31,single,1d,ichimoku_cloud+ema_trend,dual_momentum,150,6,2.0,1,10,3.0
expanding_walk_forward_fold_01_train,2010-10-19 00:00:00,2015-12-31 00:00:00,10000.0,27062.206420058443,1.7062206420058441,+170.62%,1.2011019536024117,+120.11%,0.5051186884034324,+50.51%,0.21104395173396884,+21.10%,-0.39302073468133925,-39.30%,0.734240050218039,0.73,0.5369791797501041,0.54,0.6136363636363636,+61.36%,1.229369040321167,1.23,44,1,2010-01-01,2015-12-31,single,1d,ichimoku_cloud+ema_trend,dual_momentum,150,6,2.5,1,10,3.0
expanding_walk_forward_fold_01_train,2010-10-19 00:00:00,2015-12-31 00:00:00,10000.0,26843.7837922687,1.68437837922687,+168.44%,1.2011019536024117,+120.11%,0.4832764256244584,+48.33%,0.20915778658160677,+20.92%,-0.3889432432878094,-38.89%,0.7305358724855683,0.73,0.5377591465879629,0.54,0.6136363636363636,+61.36%,1.2213516955681751,1.22,44,1,2010-01-01,2015-12-31,single,1d,ichimoku_cloud+ema_trend,dual_momentum,150,6,3.0,1,10,3.0
expanding_walk_forward_fold_02_train,2010-10-19 00:00:00,2016-12-30 00:00:00,10000.0,90730.30225611723,8.073030225611722,+807.30%,1.3313656841481687,+133.14%,6.741664541463553,+674.17%,0.4272949002850108,+42.73%,-0.3961857990003361,-39.62%,1.1703855271553838,1.17,1.078521495124686,1.08,0.58,+58.00%,2.6685825745116794,2.67,50,2,2010-01-01,2016-12-31,single,1d,ichimoku_cloud+ema_trend,dual_momentum,150,4,1.5,1,10,3.0
expanding_walk_forward_fold_02_train,2010-10-19 00:00:00,2016-12-30 00:00:00,10000.0,95631.226949449,8.5631226949449,+856.31%,1.3313656841481687,+133.14%,7.231757010796731,+723.18%,0.43946022493813186,+43.95%,-0.3959959518952427,-39.60%,1.1962283150283506,1.20,1.1097593872737044,1.11,0.5714285714285714,+57.14%,2.7613506553470493,2.76,49,2,2010-01-01,2016-12-31,single,1d,ichimoku_cloud+ema_trend,dual_momentum,150,4,2.0,1,10,3.0
expanding_walk_forward_fold_02_train,2010-10-19 00:00:00,2016-12-30 00:00:00,10000.0,97672.38163287056,8.767238163287056,+876.72%,1.3313656841481687,+133.14%,7.435872479138887,+743.59%,0.4443730990538617,+44.44%,-0.3960846776254917,-39.61%,1.2176392593384229,1.22,1.121914388907586,1.12,0.5777777777777777,+57.78%,2.8580581531054503,2.86,45,2,2010-01-01,2016-12-31,single,1d,ichimoku_cloud+ema_trend,dual_momentum,150,4,2.5,1,10,3.0
expanding_walk_forward_fold_02_train,2010-10-19 00:00:00,2016-12-30 00:00:00,10000.0,96971.05614976122,8.697105614976122,+869.71%,1.3313656841481687,+133.14%,7.365739930827953,+736.57%,0.44269486513897416,+44.27%,-0.3915507304835283,-39.16%,1.2158109749151633,1.22,1.1306194336358093,1.13,0.5777777777777777,+57.78%,2.837860149535999,2.84,45,2,2010-01-01,2016-12-31,single,1d,ichimoku_cloud+ema_trend,dual_momentum,150,4,3.0,1,10,3.0
expanding_walk_forward_fold_02_train,2010-10-19 00:00:00,2016-12-30 00:00:00,10000.0,84503.61782940633,7.450361782940632,+745.04%,1.3313656841481687,+133.14%,6.118996098792463,+611.90%,0.41101728548545347,+41.10%,-0.38736421399089405,-38.74%,1.1317802666027872,1.13,1.0610615814271254,1.06,0.62,+62.00%,2.1071344786917425,2.11,50,2,2010-01-01,2016-12-31,single,1d,ichimoku_cloud+ema_trend,dual_momentum,150,5,1.5,1,10,3.0
expanding_walk_forward_fold_02_train,2010-10-19 00:00:00,2016-12-30 00:00:00,10000.0,99405.12025804217,8.940512025804217,+894.05%,1.3313656841481687,+133.14%,7.609146341656048,+760.91%,0.448476524700276,+44.85%,-0.37028418618909564,-37.03%,1.207178421673248,1.21,1.2111684523066544,1.21,0.625,+62.50%,2.192812326013097,2.19,48,2,2010-01-01,2016-12-31,single,1d,ichimoku_cloud+ema_trend,dual_momentum,150,5,2.0,1,10,3.0
expanding_walk_forward_fold_02_train,2010-10-19 00:00:00,2016-12-30 00:00:00,10000.0,101296.84995562863,9.129684995562863,+912.97%,1.3313656841481687,+133.14%,7.798319311414694,+779.83%,0.4528885312749842,+45.29%,-0.36978891683943327,-36.98%,1.2269795564932906,1.23,1.224721755172651,1.22,0.6363636363636364,+63.64%,2.2280770273969264,2.23,44,2,2010-01-01,2016-12-31,single,1d,ichimoku_cloud+ema_trend,dual_momentum,150,5,2.5,1,10,3.0
expanding_walk_forward_fold_02_train,2010-10-19 00:00:00,2016-12-30 00:00:00,10000.0,100528.81377273187,9.052881377273186,+905.29%,1.3313656841481687,+133.14%,7.721515693125017,+772.15%,0.4511056727569598,+45.11%,-0.3648446603497191,-36.48%,1.2252443311770114,1.23,1.2364321635529922,1.24,0.6363636363636364,+63.64%,2.2120794446023324,2.21,44,2,2010-01-01,2016-12-31,single,1d,ichimoku_cloud+ema_trend,dual_momentum,150,5,3.0,1,10,3.0
expanding_walk_forward_fold_02_train,2010-10-19 00:00:00,2016-12-30 00:00:00,10000.0,80543.26536926917,7.054326536926917,+705.43%,1.3313656841481687,+133.14%,5.722960852778748,+572.30%,0.4001328588126505,+40.01%,-0.3930592656917329,-39.31%,1.1065387810071556,1.11,1.0179962507904985,1.02,0.6,+60.00%,2.2641889136716897,2.26,50,2,2010-01-01,2016-12-31,single,1d,ichimoku_cloud+ema_trend,dual_momentum,150,6,1.5,1,10,3.0
expanding_walk_forward_fold_02_train,2010-10-19 00:00:00,2016-12-30 00:00:00,10000.0,79661.89718939582,6.9661897189395825,+696.62%,1.3313656841481687,+133.14%,5.634824034791414,+563.48%,0.39764965205881,+39.76%,-0.39339630705412887,-39.34%,1.1026561393929475,1.10,1.0108118579875125,1.01,0.5918367346938775,+59.18%,2.2579808716837433,2.26,49,2,2010-01-01,2016-12-31,single,1d,ichimoku_cloud+ema_trend,dual_momentum,150,6,2.0,1,10,3.0
expanding_walk_forward_fold_02_train,2010-10-19 00:00:00,2016-12-30 00:00:00,10000.0,76593.24610737587,6.659324610737587,+665.93%,1.3313656841481687,+133.14%,5.327958926589419,+532.80%,0.38882015997000074,+38.88%,-0.39302073468133925,-39.30%,1.0943501981332375,1.09,0.9893120786241868,0.99,0.6,+60.00%,2.224711727961382,2.22,45,2,2010-01-01,2016-12-31,single,1d,ichimoku_cloud+ema_trend,dual_momentum,150,6,2.5,1,10,3.0
expanding_walk_forward_fold_02_train,2010-10-19 00:00:00,2016-12-30 00:00:00,10000.0,75976.14308625823,6.597614308625824,+659.76%,1.3313656841481687,+133.14%,5.2662486244776545,+526.62%,0.3870088237147369,+38.70%,-0.3889432432878094,-38.89%,1.091933264856828,1.09,0.9950264733827987,1.00,0.6,+60.00%,2.2111132845855583,2.21,45,2,2010-01-01,2016-12-31,single,1d,ichimoku_cloud+ema_trend,dual_momentum,150,6,3.0,1,10,3.0
expanding_walk_forward_fold_03_train,2010-10-19 00:00:00,2017-12-29 00:00:00,10000.0,99010.82843303378,8.901082843303378,+890.11%,2.064934975249505,+206.49%,6.836147868053873,+683.61%,0.3752573724103141,+37.53%,-0.3961857990003361,-39.62%,1.0793440737024027,1.08,0.9471752227292622,0.95,0.59375,+59.38%,2.157619729244961,2.16,64,3,2010-01-01,2017-12-31,single,1d,ichimoku_cloud+ema_trend,dual_momentum,150,4,1.5,1,10,3.0
expanding_walk_forward_fold_03_train,2010-10-19 00:00:00,2017-12-29 00:00:00,10000.0,102499.52171729565,9.249952171729564,+925.00%,2.064934975249505,+206.49%,7.185017196480059,+718.50%,0.3818922541793144,+38.19%,-0.3959959518952427,-39.60%,1.095023268592675,1.10,0.9643842376457945,0.96,0.5737704918032787,+57.38%,2.335959239673754,2.34,61,3,2010-01-01,2017-12-31,single,1d,ichimoku_cloud+ema_trend,dual_momentum,150,4,2.0,1,10,3.0
expanding_walk_forward_fold_03_train,2010-10-19 00:00:00,2017-12-29 00:00:00,10000.0,104690.90268086437,9.469090268086436,+946.91%,2.064934975249505,+206.49%,7.404155292836931,+740.42%,0.3859611074460332,+38.60%,-0.3960846776254917,-39.61%,1.112794023993339,1.11,0.9744408942043685,0.97,0.5789473684210527,+57.89%,2.3911072184240085,2.39,57,3,2010-01-01,2017-12-31,single,1d,ichimoku_cloud+ema_trend,dual_momentum,150,4,2.5,1,10,3.0
expanding_walk_forward_fold_03_train,2010-10-19 00:00:00,2017-12-29 00:00:00,10000.0,112479.82603115341,10.247982603115341,+1024.80%,2.064934975249505,+206.49%,8.183047627865836,+818.30%,0.399853464280018,+39.99%,-0.3915507304835283,-39.16%,1.1436803266037263,1.14,1.021204746026745,1.02,0.5789473684210527,+57.89%,2.4779345535737596,2.48,57,3,2010-01-01,2017-12-31,single,1d,ichimoku_cloud+ema_trend,dual_momentum,150,4,3.0,1,10,3.0
expanding_walk_forward_fold_03_train,2010-10-19 00:00:00,2017-12-29 00:00:00,10000.0,95687.1682323347,8.568716823233471,+856.87%,2.064934975249505,+206.49%,6.503781847983966,+650.38%,0.3687463966608284,+36.87%,-0.38736421399089405,-38.74%,1.0582679914157904,1.06,0.9519371778351645,0.95,0.625,+62.50%,1.8443584788302207,1.84,64,3,2010-01-01,2017-12-31,single,1d,ichimoku_cloud+ema_trend,dual_momentum,150,5,1.5,1,10,3.0
expanding_walk_forward_fold_03_train,2010-10-19 00:00:00,2017-12-29 00:00:00,10000.0,110566.15784112625,10.056615784112624,+1005.66%,2.064934975249505,+206.49%,7.991680808863119,+799.17%,0.3965188735237348,+39.65%,-0.37028418618909564,-37.03%,1.117316858228989,1.12,1.0708501424396282,1.07,0.6166666666666667,+61.67%,2.002319335504209,2.00,60,3,2010-01-01,2017-12-31,single,1d,ichimoku_cloud+ema_trend,dual_momentum,150,5,2.0,1,10,3.0
expanding_walk_forward_fold_03_train,2010-10-19 00:00:00,2017-12-29 00:00:00,10000.0,112668.50868304026,10.266850868304026,+1026.69%,2.064934975249505,+206.49%,8.20191589305452,+820.19%,0.40017959473382403,+40.02%,-0.36978891683943327,-36.98%,1.133766804967865,1.13,1.0821838527615655,1.08,0.625,+62.50%,2.0295497280702337,2.03,56,3,2010-01-01,2017-12-31,single,1d,ichimoku_cloud+ema_trend,dual_momentum,150,5,2.5,1,10,3.0
expanding_walk_forward_fold_03_train,2010-10-19 00:00:00,2017-12-29 00:00:00,10000.0,121008.12503432659,11.100812503432659,+1110.08%,2.064934975249505,+206.49%,9.035877528183153,+903.59%,0.41414490992940656,+41.41%,-0.3648446603497191,-36.48%,1.1644408031303766,1.16,1.1351266852375779,1.14,0.625,+62.50%,2.1024907481441,2.10,56,3,2010-01-01,2017-12-31,single,1d,ichimoku_cloud+ema_trend,dual_momentum,150,5,3.0,1,10,3.0
expanding_walk_forward_fold_03_train,2010-10-19 00:00:00,2017-12-29 00:00:00,10000.0,89063.4158932837,7.90634158932837,+790.63%,2.064934975249505,+206.49%,5.841406614078865,+584.14%,0.3551676677602944,+35.52%,-0.3930592656917329,-39.31%,1.0262167892749101,1.03,0.9035982579757935,0.90,0.59375,+59.38%,2.081511849561146,2.08,64,3,2010-01-01,2017-12-31,single,1d,ichimoku_cloud+ema_trend,dual_momentum,150,6,1.5,1,10,3.0
expanding_walk_forward_fold_03_train,2010-10-19 00:00:00,2017-12-29 00:00:00,10000.0,86558.67924486812,7.655867924486813,+765.59%,2.064934975249505,+206.49%,5.590932949237308,+559.09%,0.3498055095590027,+34.98%,-0.39339630705412887,-39.34%,1.016218486429233,1.02,0.8891936789606711,0.89,0.5737704918032787,+57.38%,2.184259453552398,2.18,61,3,2010-01-01,2017-12-31,single,1d,ichimoku_cloud+ema_trend,dual_momentum,150,6,2.0,1,10,3.0
expanding_walk_forward_fold_03_train,2010-10-19 00:00:00,2017-12-29 00:00:00,10000.0,83212.68782364063,7.321268782364063,+732.13%,2.064934975249505,+206.49%,5.256333807114558,+525.63%,0.3424299760517946,+34.24%,-0.39302073468133925,-39.30%,1.0081276002381592,1.01,0.8712771256952547,0.87,0.5789473684210527,+57.89%,2.1681276164073386,2.17,57,3,2010-01-01,2017-12-31,single,1d,ichimoku_cloud+ema_trend,dual_momentum,150,6,2.5,1,10,3.0
expanding_walk_forward_fold_03_train,2010-10-19 00:00:00,2017-12-29 00:00:00,10000.0,89329.36370531029,7.932936370531028,+793.29%,2.064934975249505,+206.49%,5.868001395281523,+586.80%,0.3557293586108765,+35.57%,-0.3889432432878094,-38.89%,1.0378145967200805,1.04,0.9146048035282224,0.91,0.5789473684210527,+57.89%,2.2407431200987005,2.24,57,3,2010-01-01,2017-12-31,single,1d,ichimoku_cloud+ema_trend,dual_momentum,150,6,3.0,1,10,3.0
expanding_walk_forward_fold_04_train,2010-10-19 00:00:00,2018-12-31 00:00:00,10000.0,62045.74506391569,5.204574506391569,+520.46%,2.0354190364654134,+203.54%,3.1691554699261553,+316.92%,0.2493203365303347,+24.93%,-0.5168877544546939,-51.69%,0.814634465149977,0.81,0.4823490871695395,0.48,0.6027397260273972,+60.27%,1.5966853636029021,1.60,73,4,2010-01-01,2018-12-31,single,1d,ichimoku_cloud+ema_trend,dual_momentum,150,4,1.5,1,10,3.0
expanding_walk_forward_fold_04_train,2010-10-19 00:00:00,2018-12-31 00:00:00,10000.0,64234.29118131288,5.423429118131288,+542.34%,2.0354190364654134,+203.54%,3.388010081665875,+338.80%,0.25461306991378785,+25.46%,-0.5170208738199871,-51.70%,0.8280553319422395,0.83,0.4924618768921066,0.49,0.5857142857142857,+58.57%,1.714758726636097,1.71,70,4,2010-01-01,2018-12-31,single,1d,ichimoku_cloud+ema_trend,dual_momentum,150,4,2.0,1,10,3.0
expanding_walk_forward_fold_04_train,2010-10-19 00:00:00,2018-12-31 00:00:00,10000.0,69183.5701075401,5.91835701075401,+591.84%,2.0354190364654134,+203.54%,3.882937974288597,+388.29%,0.26602154547306434,+26.60%,-0.4907070976783321,-49.07%,0.8610858366658727,0.86,0.5421188051521655,0.54,0.5846153846153846,+58.46%,1.8236973219704575,1.82,65,4,2010-01-01,2018-12-31,single,1d,ichimoku_cloud+ema_trend,dual_momentum,150,4,2.5,1,10,3.0
expanding_walk_forward_fold_04_train,2010-10-19 00:00:00,2018-12-31 00:00:00,10000.0,70277.79486962329,6.027779486962329,+602.78%,2.0354190364654134,+203.54%,3.9923604504969155,+399.24%,0.26844671253363317,+26.84%,-0.5184692297996261,-51.85%,0.8671234695959559,0.87,0.517767877251617,0.52,0.5846153846153846,+58.46%,1.8209002029467152,1.82,65,4,2010-01-01,2018-12-31,single,1d,ichimoku_cloud+ema_trend,dual_momentum,150,4,3.0,1,10,3.0
expanding_walk_forward_fold_04_train,2010-10-19 00:00:00,2018-12-31 00:00:00,10000.0,55941.88896471074,4.594188896471074,+459.42%,2.0354190364654134,+203.54%,2.5587698600056608,+255.88%,0.2336415173410733,+23.36%,-0.5524398135764104,-55.24%,0.7723399927353063,0.77,0.4229266457616696,0.42,0.6301369863013698,+63.01%,1.3682157713760004,1.37,73,4,2010-01-01,2018-12-31,single,1d,ichimoku_cloud+ema_trend,dual_momentum,150,5,1.5,1,10,3.0
expanding_walk_forward_fold_04_train,2010-10-19 00:00:00,2018-12-31 00:00:00,10000.0,64634.58066231382,5.463458066231382,+546.35%,2.0354190364654134,+203.54%,3.428039029765969,+342.80%,0.25556394895307766,+25.56%,-0.5524372358606262,-55.24%,0.8240512677112982,0.82,0.46261173643543757,0.46,0.6231884057971014,+62.32%,1.465618803262824,1.47,69,4,2010-01-01,2018-12-31,single,1d,ichimoku_cloud+ema_trend,dual_momentum,150,5,2.0,1,10,3.0
expanding_walk_forward_fold_04_train,2010-10-19 00:00:00,2018-12-31 00:00:00,10000.0,71439.26853495758,6.143926853495758,+614.39%,2.0354190364654134,+203.54%,4.108507817030345,+410.85%,0.27098491770636035,+27.10%,-0.5145869245511603,-51.46%,0.8662898114687174,0.87,0.5266066912654696,0.53,0.625,+62.50%,1.5567193880860406,1.56,64,4,2010-01-01,2018-12-31,single,1d,ichimoku_cloud+ema_trend,dual_momentum,150,5,2.5,1,10,3.0
expanding_walk_forward_fold_04_train,2010-10-19 00:00:00,2018-12-31 00:00:00,10000.0,70516.67314406826,6.051667314406826,+605.17%,2.0354190364654134,+203.54%,4.016248277941413,+401.62%,0.26897173388225304,+26.90%,-0.5538585562660067,-55.39%,0.8613558196188952,0.86,0.48563253350386365,0.49,0.625,+62.50%,1.5386157272032954,1.54,64,4,2010-01-01,2018-12-31,single,1d,ichimoku_cloud+ema_trend,dual_momentum,150,5,3.0,1,10,3.0
expanding_walk_forward_fold_04_train,2010-10-19 00:00:00,2018-12-31 00:00:00,10000.0,51552.60552928945,4.1552605529289455,+415.53%,2.0354190364654134,+203.54%,2.119841516463532,+211.98%,0.22140946683476104,+22.14%,-0.5528537913163831,-55.29%,0.7411913077962684,0.74,0.40048466757832984,0.40,0.6027397260273972,+60.27%,1.5149056029642392,1.51,73,4,2010-01-01,2018-12-31,single,1d,ichimoku_cloud+ema_trend,dual_momentum,150,6,1.5,1,10,3.0
expanding_walk_forward_fold_04_train,2010-10-19 00:00:00,2018-12-31 00:00:00,10000.0,50089.6296324481,4.0089629632448105,+400.90%,2.0354190364654134,+203.54%,1.973543926779397,+197.35%,0.2171287600841476,+21.71%,-0.5529071709069787,-55.29%,0.7317897016563507,0.73,0.39270382355138134,0.39,0.5857142857142857,+58.57%,1.589738031401635,1.59,70,4,2010-01-01,2018-12-31,single,1d,ichimoku_cloud+ema_trend,dual_momentum,150,6,2.0,1,10,3.0
expanding_walk_forward_fold_04_train,2010-10-19 00:00:00,2018-12-31 00:00:00,10000.0,51356.34820928571,4.135634820928571,+413.56%,2.0354190364654134,+203.54%,2.1002157844631575,+210.02%,0.22084145563355984,+22.08%,-0.5232576806202133,-52.33%,0.7459720105028992,0.75,0.42205105402714427,0.42,0.5846153846153846,+58.46%,1.653182426772795,1.65,65,4,2010-01-01,2018-12-31,single,1d,ichimoku_cloud+ema_trend,dual_momentum,150,6,2.5,1,10,3.0
expanding_walk_forward_fold_04_train,2010-10-19 00:00:00,2018-12-31 00:00:00,10000.0,51572.218206523445,4.157221820652344,+415.72%,2.0354190364654134,+203.54%,2.1218027841869307,+212.18%,0.221466125770859,+22.15%,-0.554003642095756,-55.40%,0.746966870777295,0.75,0.39975572170079704,0.40,0.5846153846153846,+58.46%,1.646382986861452,1.65,65,4,2010-01-01,2018-12-31,single,1d,ichimoku_cloud+ema_trend,dual_momentum,150,6,3.0,1,10,3.0
expanding_walk_forward_fold_05_train,2010-10-19 00:00:00,2019-12-31 00:00:00,10000.0,91149.13931415812,8.114913931415812,+811.49%,3.18358917526725,+318.36%,4.931324756148562,+493.13%,0.271540642355391,+27.15%,-0.5250586359835019,-52.51%,0.8548093465200917,0.85,0.5171625105199169,0.52,0.627906976744186,+62.79%,1.4897453752754504,1.49,86,5,2010-01-01,2019-12-31,single,1d,ichimoku_cloud+ema_trend,dual_momentum,150,4,1.5,1,10,3.0
expanding_walk_forward_fold_05_train,2010-10-19 00:00:00,2019-12-31 00:00:00,10000.0,90585.09684447013,8.058509684447014,+805.85%,3.18358917526725,+318.36%,4.874920509179764,+487.49%,0.2706829310741128,+27.07%,-0.5237434992081096,-52.37%,0.8553653739834589,0.86,0.5168234669898153,0.52,0.6219512195121951,+62.20%,1.5219918424480046,1.52,82,5,2010-01-01,2019-12-31,single,1d,ichimoku_cloud+ema_trend,dual_momentum,150,4,2.0,1,10,3.0
expanding_walk_forward_fold_05_train,2010-10-19 00:00:00,2019-12-31 00:00:00,10000.0,104802.40388097617,9.480240388097616,+948.02%,3.18358917526725,+318.36%,6.296651212830366,+629.67%,0.29098091064462195,+29.10%,-0.4966644564039341,-49.67%,0.9074029895690973,0.91,0.5858702125605079,0.59,0.6282051282051282,+62.82%,1.5803125493418184,1.58,78,5,2010-01-01,2019-12-31,single,1d,ichimoku_cloud+ema_trend,dual_momentum,150,4,2.5,1,10,3.0
expanding_walk_forward_fold_05_train,2010-10-19 00:00:00,2019-12-31 00:00:00,10000.0,99804.97916137557,8.980497916137557,+898.05%,3.18358917526725,+318.36%,5.796908740870307,+579.69%,0.2841424349954267,+28.41%,-0.52404735097034,-52.40%,0.8929925530772691,0.89,0.5422075590484352,0.54,0.6282051282051282,+62.82%,1.5605876113253727,1.56,78,5,2010-01-01,2019-12-31,single,1d,ichimoku_cloud+ema_trend,dual_momentum,150,4,3.0,1,10,3.0
expanding_walk_forward_fold_05_train,2010-10-19 00:00:00,2019-12-31 00:00:00,10000.0,79600.58489322843,6.960058489322843,+696.01%,3.18358917526725,+318.36%,3.7764693140555927,+377.65%,0.2529519710957302,+25.30%,-0.5600318578131119,-56.00%,0.8084712741490242,0.81,0.45167425311033416,0.45,0.6470588235294118,+64.71%,1.3093203582074906,1.31,85,5,2010-01-01,2019-12-31,single,1d,ichimoku_cloud+ema_trend,dual_momentum,150,5,1.5,1,10,3.0
expanding_walk_forward_fold_05_train,2010-10-19 00:00:00,2019-12-31 00:00:00,10000.0,88638.9382528148,7.86389382528148,+786.39%,3.18358917526725,+318.36%,4.68030465001423,+468.03%,0.26768649772688247,+26.77%,-0.5586962091162317,-55.87%,0.8428835451297524,0.84,0.4791271058565437,0.48,0.65,+65.00%,1.3395570958017962,1.34,80,5,2010-01-01,2019-12-31,single,1d,ichimoku_cloud+ema_trend,dual_momentum,150,5,2.0,1,10,3.0
expanding_walk_forward_fold_05_train,2010-10-19 00:00:00,2019-12-31 00:00:00,10000.0,105267.97492188228,9.526797492188228,+952.68%,3.18358917526725,+318.36%,6.343208316920978,+634.32%,0.2916031066938678,+29.16%,-0.5202062357369605,-52.02%,0.9025801087913732,0.90,0.5605528858775837,0.56,0.6578947368421053,+65.79%,1.3933813808718007,1.39,76,5,2010-01-01,2019-12-31,single,1d,ichimoku_cloud+ema_trend,dual_momentum,150,5,2.5,1,10,3.0
expanding_walk_forward_fold_05_train,2010-10-19 00:00:00,2019-12-31 00:00:00,10000.0,97433.45407103065,8.743345407103064,+874.33%,3.18358917526725,+318.36%,5.559756231835814,+555.98%,0.28078981980622597,+28.08%,-0.5590194350649826,-55.90%,0.8788949866361234,0.88,0.5022899065639567,0.50,0.6578947368421053,+65.79%,1.363454909407035,1.36,76,5,2010-01-01,2019-12-31,single,1d,ichimoku_cloud+ema_trend,dual_momentum,150,5,3.0,1,10,3.0
expanding_walk_forward_fold_05_train,2010-10-19 00:00:00,2019-12-31 00:00:00,10000.0,75436.28837871525,6.543628837871525,+654.36%,3.18358917526725,+318.36%,3.360039662604275,+336.00%,0.24565472938270316,+24.57%,-0.5588701467345085,-55.89%,0.7887051743322719,0.79,0.4395560056626205,0.44,0.6235294117647059,+62.35%,1.444375268669727,1.44,85,5,2010-01-01,2019-12-31,single,1d,ichimoku_cloud+ema_trend,dual_momentum,150,6,1.5,1,10,3.0
expanding_walk_forward_fold_05_train,2010-10-19 00:00:00,2019-12-31 00:00:00,10000.0,71630.26315319879,6.163026315319879,+616.30%,3.18358917526725,+318.36%,2.979437140052629,+297.94%,0.23866417074943436,+23.87%,-0.5575219025816154,-55.75%,0.7743453585475892,0.77,0.42808034921013066,0.43,0.6172839506172839,+61.73%,1.4563171584027157,1.46,81,5,2010-01-01,2019-12-31,single,1d,ichimoku_cloud+ema_trend,dual_momentum,150,6,2.0,1,10,3.0
expanding_walk_forward_fold_05_train,2010-10-19 00:00:00,2019-12-31 00:00:00,10000.0,78865.58854844485,6.886558854844485,+688.66%,3.18358917526725,+318.36%,3.702969679577235,+370.30%,0.2516891316572343,+25.17%,-0.5270460221274755,-52.70%,0.8095374550271731,0.81,0.4775467816667417,0.48,0.6233766233766234,+62.34%,1.4828612403614034,1.48,77,5,2010-01-01,2019-12-31,single,1d,ichimoku_cloud+ema_trend,dual_momentum,150,6,2.5,1,10,3.0
expanding_walk_forward_fold_05_train,2010-10-19 00:00:00,2019-12-31 00:00:00,10000.0,74169.76397311583,6.416976397311583,+641.70%,3.18358917526725,+318.36%,3.2333872220443327,+323.34%,0.2433641055099256,+24.34%,-0.5575942938572984,-55.76%,0.7908379305691902,0.79,0.4364537230580201,0.44,0.6233766233766234,+62.34%,1.4607099273964734,1.46,77,5,2010-01-01,2019-12-31,single,1d,ichimoku_cloud+ema_trend,dual_momentum,150,6,3.0,1,10,3.0
expanding_walk_forward_fold_06_train,2010-10-19 00:00:00,2020-12-31 00:00:00,10000.0,778982.415141707,76.8982415141707,+7689.82%,5.173553563919599,+517.36%,71.72468795025111,+7172.47%,0.5325741324302273,+53.26%,-0.5250586359835019,-52.51%,1.2213731017220246,1.22,1.0143136326719928,1.01,0.6633663366336634,+66.34%,1.7428535755116534,1.74,101,6,2010-01-01,2020-12-31,single,1d,ichimoku_cloud+ema_trend,dual_momentum,150,4,1.5,1,10,3.0
expanding_walk_forward_fold_06_train,2010-10-19 00:00:00,2020-12-31 00:00:00,10000.0,749523.5643176123,73.95235643176123,+7395.24%,5.173553563919599,+517.36%,68.77880286784163,+6877.88%,0.526793425466662,+52.68%,-0.5237434992081096,-52.37%,1.214398702317643,1.21,1.0058233205054836,1.01,0.6597938144329897,+65.98%,1.75730649538295,1.76,97,6,2010-01-01,2020-12-31,single,1d,ichimoku_cloud+ema_trend,dual_momentum,150,4,2.0,1,10,3.0
expanding_walk_forward_fold_06_train,2010-10-19 00:00:00,2020-12-31 00:00:00,10000.0,867279.5060261772,85.72795060261772,+8572.80%,5.173553563919599,+517.36%,80.55439703869813,+8055.44%,0.5487903988739566,+54.88%,-0.4966644564039341,-49.67%,1.255104873736387,1.26,1.104952029077009,1.10,0.6666666666666666,+66.67%,1.807955311108553,1.81,93,6,2010-01-01,2020-12-31,single,1d,ichimoku_cloud+ema_trend,dual_momentum,150,4,2.5,1,10,3.0
expanding_walk_forward_fold_06_train,2010-10-19 00:00:00,2020-12-31 00:00:00,10000.0,835814.2079771854,82.58142079771854,+8258.14%,5.173553563919599,+517.36%,77.40786723379894,+7740.79%,0.5431899047876318,+54.32%,-0.52404735097034,-52.40%,1.247173496468009,1.25,1.0365282903956043,1.04,0.6666666666666666,+66.67%,1.8025244473222888,1.80,93,6,2010-01-01,2020-12-31,single,1d,ichimoku_cloud+ema_trend,dual_momentum,150,4,3.0,1,10,3.0
expanding_walk_forward_fold_06_train,2010-10-19 00:00:00,2020-12-31 00:00:00,10000.0,775213.4243884638,76.52134243884639,+7652.13%,5.173553563919599,+517.36%,71.34778887492679,+7134.78%,0.5318456554961393,+53.18%,-0.5600318578131119,-56.00%,1.2155676214761055,1.22,0.9496703590630755,0.95,0.6836734693877551,+68.37%,1.5914389600917227,1.59,98,6,2010-01-01,2020-12-31,single,1d,ichimoku_cloud+ema_trend,dual_momentum,150,5,1.5,1,10,3.0
expanding_walk_forward_fold_06_train,2010-10-19 00:00:00,2020-12-31 00:00:00,10000.0,863168.7368979107,85.31687368979107,+8531.69%,5.173553563919599,+517.36%,80.14332012587147,+8014.33%,0.5480692346455616,+54.81%,-0.5586962091162317,-55.87%,1.2423010533459125,1.24,0.9809789751616887,0.98,0.6881720430107527,+68.82%,1.6091337386707094,1.61,93,6,2010-01-01,2020-12-31,single,1d,ichimoku_cloud+ema_trend,dual_momentum,150,5,2.0,1,10,3.0
expanding_walk_forward_fold_06_train,2010-10-19 00:00:00,2020-12-31 00:00:00,10000.0,1025316.2119811833,101.53162119811833,+10153.16%,5.173553563919599,+517.36%,96.35806763419873,+9635.81%,0.5744146216824642,+57.44%,-0.5202062357369605,-52.02%,1.2894790747110287,1.29,1.1042055673721565,1.10,0.6966292134831461,+69.66%,1.6630614698751582,1.66,89,6,2010-01-01,2020-12-31,single,1d,ichimoku_cloud+ema_trend,dual_momentum,150,5,2.5,1,10,3.0
expanding_walk_forward_fold_06_train,2010-10-19 00:00:00,2020-12-31 00:00:00,10000.0,960626.9770423754,95.06269770423754,+9506.27%,5.173553563919599,+517.36%,89.88914414031794,+8988.91%,0.564388595101023,+56.44%,-0.5590194350649826,-55.90%,1.274410397450057,1.27,1.0096046035240551,1.01,0.6966292134831461,+69.66%,1.6336741689953136,1.63,89,6,2010-01-01,2020-12-31,single,1d,ichimoku_cloud+ema_trend,dual_momentum,150,5,3.0,1,10,3.0
expanding_walk_forward_fold_06_train,2010-10-19 00:00:00,2020-12-31 00:00:00,10000.0,726363.4195184791,71.63634195184791,+7163.63%,5.173553563919599,+517.36%,66.46278838792831,+6646.28%,0.5221029861624398,+52.21%,-0.5588701467345085,-55.89%,1.1980278047098196,1.20,0.9342116218107192,0.93,0.6597938144329897,+65.98%,1.7723477656870532,1.77,97,6,2010-01-01,2020-12-31,single,1d,ichimoku_cloud+ema_trend,dual_momentum,150,6,1.5,1,10,3.0
expanding_walk_forward_fold_06_train,2010-10-19 00:00:00,2020-12-31 00:00:00,10000.0,667731.1778331464,65.77311778331465,+6577.31%,5.173553563919599,+517.36%,60.59956421939505,+6059.96%,0.5095966069507771,+50.96%,-0.5575219025816154,-55.75%,1.1796569631411036,1.18,0.9140387213328852,0.91,0.6559139784946236,+65.59%,1.765431045066229,1.77,93,6,2010-01-01,2020-12-31,single,1d,ichimoku_cloud+ema_trend,dual_momentum,150,6,2.0,1,10,3.0
expanding_walk_forward_fold_06_train,2010-10-19 00:00:00,2020-12-31 00:00:00,10000.0,735216.6048308709,72.52166048308709,+7252.17%,5.173553563919599,+517.36%,67.34810691916749,+6734.81%,0.5239116655059006,+52.39%,-0.5270460221274755,-52.70%,1.2086695518609571,1.21,0.9940529735734979,0.99,0.6629213483146067,+66.29%,1.7878895931648962,1.79,89,6,2010-01-01,2020-12-31,single,1d,ichimoku_cloud+ema_trend,dual_momentum,150,6,2.5,1,10,3.0
expanding_walk_forward_fold_06_train,2010-10-19 00:00:00,2020-12-31 00:00:00,10000.0,699956.2734681403,68.99562734681403,+6899.56%,5.173553563919599,+517.36%,63.822073782894435,+6382.21%,0.5165874520565852,+51.66%,-0.5575942938572984,-55.76%,1.1972613476649006,1.20,0.9264575655589333,0.93,0.6629213483146067,+66.29%,1.7678459635783557,1.77,89,6,2010-01-01,2020-12-31,single,1d,ichimoku_cloud+ema_trend,dual_momentum,150,6,3.0,1,10,3.0
expanding_walk_forward_fold_07_train,2010-10-19 00:00:00,2021-12-31 00:00:00,10000.0,752994.2394835588,74.29942394835588,+7429.94%,6.828610950267967,+682.86%,67.47081299808791,+6747.08%,0.47083003987491634,+47.08%,-0.5250586359835019,-52.51%,1.104989700179942,1.10,0.8967189711926012,0.90,0.6513761467889908,+65.14%,1.657573531941906,1.66,109,7,2010-01-01,2021-12-31,single,1d,ichimoku_cloud+ema_trend,dual_momentum,150,4,1.5,1,10,3.0
expanding_walk_forward_fold_07_train,2010-10-19 00:00:00,2021-12-31 00:00:00,10000.0,724508.3436251013,71.45083436251012,+7145.08%,6.828610950267967,+682.86%,64.62222341224215,+6462.22%,0.46577457327769656,+46.58%,-0.5237434992081096,-52.37%,1.0984752295979643,1.10,0.8893180993786826,0.89,0.6476190476190476,+64.76%,1.6737962107787046,1.67,105,7,2010-01-01,2021-12-31,single,1d,ichimoku_cloud+ema_trend,dual_momentum,150,4,2.0,1,10,3.0
expanding_walk_forward_fold_07_train,2010-10-19 00:00:00,2021-12-31 00:00:00,10000.0,838356.3212678245,82.83563212678246,+8283.56%,6.828610950267967,+682.86%,76.00702117651448,+7600.70%,0.48499949020725297,+48.50%,-0.4966644564039341,-49.67%,1.1335423702419523,1.13,0.976513386359192,0.98,0.6534653465346535,+65.35%,1.7142693755728562,1.71,101,7,2010-01-01,2021-12-31,single,1d,ichimoku_cloud+ema_trend,dual_momentum,150,4,2.5,1,10,3.0
expanding_walk_forward_fold_07_train,2010-10-19 00:00:00,2021-12-31 00:00:00,10000.0,797427.8641794833,78.74278641794832,+7874.28%,6.828610950267967,+682.86%,71.91417546768035,+7191.42%,0.47837828478382716,+47.84%,-0.52404735097034,-52.40%,1.1237889835989305,1.12,0.9128531685124429,0.91,0.6534653465346535,+65.35%,1.707134531649628,1.71,101,7,2010-01-01,2021-12-31,single,1d,ichimoku_cloud+ema_trend,dual_momentum,150,4,3.0,1,10,3.0
expanding_walk_forward_fold_07_train,2010-10-19 00:00:00,2021-12-31 00:00:00,10000.0,691321.1698339765,68.13211698339765,+6813.21%,6.828610950267967,+682.86%,61.303506033129686,+6130.35%,0.45965123762033433,+45.97%,-0.5600318578131119,-56.00%,1.0821140079163107,1.08,0.8207590893404575,0.82,0.6698113207547169,+66.98%,1.4891333813731025,1.49,106,7,2010-01-01,2021-12-31,single,1d,ichimoku_cloud+ema_trend,dual_momentum,150,5,1.5,1,10,3.0
expanding_walk_forward_fold_07_train,2010-10-19 00:00:00,2021-12-31 00:00:00,10000.0,769730.3818578222,75.97303818578222,+7597.30%,6.828610950267967,+682.86%,69.14442723551424,+6914.44%,0.47371959487556015,+47.37%,-0.5586962091162317,-55.87%,1.1054517073376549,1.11,0.8479019315790758,0.85,0.6732673267326733,+67.33%,1.5057820295109519,1.51,101,7,2010-01-01,2021-12-31,single,1d,ichimoku_cloud+ema_trend,dual_momentum,150,5,2.0,1,10,3.0
expanding_walk_forward_fold_07_train,2010-10-19 00:00:00,2021-12-31 00:00:00,10000.0,914342.5215062626,90.43425215062626,+9043.43%,6.828610950267967,+682.86%,83.60564120035829,+8360.56%,0.4965473086456238,+49.65%,-0.5202062357369605,-52.02%,1.145934446492135,1.15,0.9545201009406975,0.95,0.6804123711340206,+68.04%,1.545162163519428,1.55,97,7,2010-01-01,2021-12-31,single,1d,ichimoku_cloud+ema_trend,dual_momentum,150,5,2.5,1,10,3.0
expanding_walk_forward_fold_07_train,2010-10-19 00:00:00,2021-12-31 00:00:00,10000.0,845508.1957810672,83.55081957810673,+8355.08%,6.828610950267967,+682.86%,76.72220862783875,+7672.22%,0.4861261611528678,+48.61%,-0.5590194350649826,-55.90%,1.130002048298107,1.13,0.869605116853153,0.87,0.6804123711340206,+68.04%,1.5208977414056617,1.52,97,7,2010-01-01,2021-12-31,single,1d,ichimoku_cloud+ema_trend,dual_momentum,150,5,3.0,1,10,3.0
expanding_walk_forward_fold_07_train,2010-10-19 00:00:00,2021-12-31 00:00:00,10000.0,661030.3562353925,65.10303562353926,+6510.30%,6.828610950267967,+682.86%,58.27442467327129,+5827.44%,0.4538239630888097,+45.38%,-0.5588701467345085,-55.89%,1.0691805599825819,1.07,0.8120382985931773,0.81,0.6476190476190476,+64.76%,1.642813142944183,1.64,105,7,2010-01-01,2021-12-31,single,1d,ichimoku_cloud+ema_trend,dual_momentum,150,6,1.5,1,10,3.0
expanding_walk_forward_fold_07_train,2010-10-19 00:00:00,2021-12-31 00:00:00,10000.0,607658.2575724911,59.765825757249104,+5976.58%,6.828610950267967,+682.86%,52.93721480698114,+5293.72%,0.44293749334683197,+44.29%,-0.5575219025816154,-55.75%,1.0527516483697468,1.05,0.7944755018516794,0.79,0.6435643564356436,+64.36%,1.6428946949019851,1.64,101,7,2010-01-01,2021-12-31,single,1d,ichimoku_cloud+ema_trend,dual_momentum,150,6,2.0,1,10,3.0
expanding_walk_forward_fold_07_train,2010-10-19 00:00:00,2021-12-31 00:00:00,10000.0,669104.9803467004,65.91049803467004,+6591.05%,6.828610950267967,+682.86%,59.08188708440208,+5908.19%,0.45540073831180106,+45.54%,-0.5270460221274755,-52.70%,1.0771470814314972,1.08,0.8640625660611745,0.86,0.6494845360824743,+64.95%,1.6582686039323338,1.66,97,7,2010-01-01,2021-12-31,single,1d,ichimoku_cloud+ema_trend,dual_momentum,150,6,2.5,1,10,3.0
expanding_walk_forward_fold_07_train,2010-10-19 00:00:00,2021-12-31 00:00:00,10000.0,628794.3502579387,61.879435025793875,+6187.94%,6.828610950267967,+682.86%,55.05082407552591,+5505.08%,0.4473490396720685,+44.73%,-0.5575942938572984,-55.76%,1.0645217552470623,1.06,0.8022841062045655,0.80,0.6494845360824743,+64.95%,1.64083941664419,1.64,97,7,2010-01-01,2021-12-31,single,1d,ichimoku_cloud+ema_trend,dual_momentum,150,6,3.0,1,10,3.0
expanding_walk_forward_fold_08_train,2010-10-19 00:00:00,2022-12-30 00:00:00,10000.0,1134587.948872853,112.45879488728531,+11245.88%,4.239669428931859,+423.97%,108.21912545835345,+10821.91%,0.473903516634369,+47.39%,-0.5250586359835019,-52.51%,1.1262636397877148,1.13,0.9025725588660917,0.90,0.6724137931034483,+67.24%,1.5764600998472946,1.58,116,8,2010-01-01,2022-12-31,single,1d,ichimoku_cloud+ema_trend,dual_momentum,150,4,1.5,1,10,3.0
expanding_walk_forward_fold_08_train,2010-10-19 00:00:00,2022-12-30 00:00:00,10000.0,1069498.0828476103,105.94980828476103,+10594.98%,4.239669428931859,+423.97%,101.71013885582917,+10171.01%,0.4667815273910174,+46.68%,-0.5237434992081096,-52.37%,1.1160918935591855,1.12,0.8912407086613626,0.89,0.6696428571428571,+66.96%,1.5824249800372607,1.58,112,8,2010-01-01,2022-12-31,single,1d,ichimoku_cloud+ema_trend,dual_momentum,150,4,2.0,1,10,3.0
expanding_walk_forward_fold_08_train,2010-10-19 00:00:00,2022-12-30 00:00:00,10000.0,1237569.5278275074,122.75695278275073,+12275.70%,4.239669428931859,+423.97%,118.51728335381887,+11851.73%,0.4844395783255213,+48.44%,-0.4966644564039341,-49.67%,1.1492922916969106,1.15,0.9753860419831002,0.98,0.6759259259259259,+67.59%,1.616344543572713,1.62,108,8,2010-01-01,2022-12-31,single,1d,ichimoku_cloud+ema_trend,dual_momentum,150,4,2.5,1,10,3.0
expanding_walk_forward_fold_08_train,2010-10-19 00:00:00,2022-12-30 00:00:00,10000.0,1177143.1931216056,116.71431931216055,+11671.43%,4.239669428931859,+423.97%,112.4746498832287,+11247.46%,0.4783596900963212,+47.84%,-0.52404735097034,-52.40%,1.1401713525116155,1.14,0.9128176856739713,0.91,0.6759259259259259,+67.59%,1.6099973974515267,1.61,108,8,2010-01-01,2022-12-31,single,1d,ichimoku_cloud+ema_trend,dual_momentum,150,4,3.0,1,10,3.0
expanding_walk_forward_fold_08_train,2010-10-19 00:00:00,2022-12-30 00:00:00,10000.0,992611.6329683743,98.26116329683742,+9826.12%,4.239669428931859,+423.97%,94.02149386790556,+9402.15%,0.45783715597362895,+45.78%,-0.5600318578131119,-56.00%,1.0949035581923199,1.09,0.817519842105864,0.82,0.6902654867256637,+69.03%,1.4080732659641702,1.41,113,8,2010-01-01,2022-12-31,single,1d,ichimoku_cloud+ema_trend,dual_momentum,150,5,1.5,1,10,3.0
expanding_walk_forward_fold_08_train,2010-10-19 00:00:00,2022-12-30 00:00:00,10000.0,1082760.0880492635,107.27600880492635,+10727.60%,4.239669428931859,+423.97%,103.03633937599449,+10303.63%,0.4682643107140585,+46.83%,-0.5586962091162317,-55.87%,1.1127858331614018,1.11,0.8381376194672556,0.84,0.6944444444444444,+69.44%,1.4150179347570735,1.42,108,8,2010-01-01,2022-12-31,single,1d,ichimoku_cloud+ema_trend,dual_momentum,150,5,2.0,1,10,3.0
expanding_walk_forward_fold_08_train,2010-10-19 00:00:00,2022-12-30 00:00:00,10000.0,1286186.18319706,127.618618319706,+12761.86%,4.239669428931859,+423.97%,123.37894889077414,+12337.89%,0.48913649332129205,+48.91%,-0.5202062357369605,-52.02%,1.1510202991550584,1.15,0.9402741830427065,0.94,0.7019230769230769,+70.19%,1.4481365252754277,1.45,104,8,2010-01-01,2022-12-31,single,1d,ichimoku_cloud+ema_trend,dual_momentum,150,5,2.5,1,10,3.0
expanding_walk_forward_fold_08_train,2010-10-19 00:00:00,2022-12-30 00:00:00,10000.0,1189350.45806837,117.93504580683698,+11793.50%,4.239669428931859,+423.97%,113.69537637790512,+11369.54%,0.4796106782249838,+47.96%,-0.5590194350649826,-55.90%,1.136067473823134,1.14,0.8579499175538181,0.86,0.7019230769230769,+70.19%,1.4255678078365965,1.43,104,8,2010-01-01,2022-12-31,single,1d,ichimoku_cloud+ema_trend,dual_momentum,150,5,3.0,1,10,3.0
expanding_walk_forward_fold_08_train,2010-10-19 00:00:00,2022-12-30 00:00:00,10000.0,995335.6907992999,98.53356907992999,+9853.36%,4.239669428931859,+423.97%,94.29389965099813,+9429.39%,0.4581647545768064,+45.82%,-0.5588701467345085,-55.89%,1.091503438751476,1.09,0.8198053827957601,0.82,0.6696428571428571,+66.96%,1.555559495390125,1.56,112,8,2010-01-01,2022-12-31,single,1d,ichimoku_cloud+ema_trend,dual_momentum,150,6,1.5,1,10,3.0
expanding_walk_forward_fold_08_train,2010-10-19 00:00:00,2022-12-30 00:00:00,10000.0,896386.6990398563,88.63866990398563,+8863.87%,4.239669428931859,+423.97%,84.39900047505377,+8439.90%,0.44570048549750685,+44.57%,-0.5575219025816154,-55.75%,1.0720463191618144,1.07,0.7994313468828446,0.80,0.6666666666666666,+66.67%,1.5459443873853569,1.55,108,8,2010-01-01,2022-12-31,single,1d,ichimoku_cloud+ema_trend,dual_momentum,150,6,2.0,1,10,3.0
expanding_walk_forward_fold_08_train,2010-10-19 00:00:00,2022-12-30 00:00:00,10000.0,987028.2967938196,97.70282967938196,+9770.28%,4.239669428931859,+423.97%,93.4631602504501,+9346.32%,0.45716310951500105,+45.72%,-0.5270460221274755,-52.70%,1.0952504723291239,1.10,0.8674064319271685,0.87,0.6730769230769231,+67.31%,1.5558399534511043,1.56,104,8,2010-01-01,2022-12-31,single,1d,ichimoku_cloud+ema_trend,dual_momentum,150,6,2.5,1,10,3.0
expanding_walk_forward_fold_08_train,2010-10-19 00:00:00,2022-12-30 00:00:00,10000.0,927566.1477921575,91.75661477921575,+9175.66%,4.239669428931859,+423.97%,87.51694535028389,+8751.69%,0.4497589041414922,+44.98%,-0.5575942938572984,-55.76%,1.0834035944880909,1.08,0.8066060020632065,0.81,0.6730769230769231,+67.31%,1.5396954534085756,1.54,104,8,2010-01-01,2022-12-31,single,1d,ichimoku_cloud+ema_trend,dual_momentum,150,6,3.0,1,10,3.0
expanding_walk_forward_fold_09_train,2010-10-19 00:00:00,2023-12-29 00:00:00,10000.0,1699970.0660375613,168.99700660375612,+16899.70%,7.058244617726347,+705.82%,161.93876198602976,+16193.88%,0.47588823474369835,+47.59%,-0.5250586359835019,-52.51%,1.1290521286263537,1.13,0.9063525521341038,0.91,0.6692307692307692,+66.92%,1.5728072357836036,1.57,130,9,2010-01-01,2023-12-31,single,1d,ichimoku_cloud+ema_trend,dual_momentum,150,4,1.5,1,10,3.0
expanding_walk_forward_fold_09_train,2010-10-19 00:00:00,2023-12-29 00:00:00,10000.0,1590719.676564535,158.0719676564535,+15807.20%,7.058244617726347,+705.82%,151.01372303872714,+15101.37%,0.46847650311307576,+46.85%,-0.5237434992081096,-52.37%,1.1183081269841955,1.12,0.8944769793255735,0.89,0.6693548387096774,+66.94%,1.567132821892141,1.57,124,9,2010-01-01,2023-12-31,single,1d,ichimoku_cloud+ema_trend,dual_momentum,150,4,2.0,1,10,3.0
expanding_walk_forward_fold_09_train,2010-10-19 00:00:00,2023-12-29 00:00:00,10000.0,1875007.1974532092,186.5007197453209,+18650.07%,7.058244617726347,+705.82%,179.44247512759455,+17944.25%,0.4868918404272795,+48.69%,-0.4966644564039341,-49.67%,1.1525748744072495,1.15,0.9803235044291018,0.98,0.675,+67.50%,1.606075814152952,1.61,120,9,2010-01-01,2023-12-31,single,1d,ichimoku_cloud+ema_trend,dual_momentum,150,4,2.5,1,10,3.0
expanding_walk_forward_fold_09_train,2010-10-19 00:00:00,2023-12-29 00:00:00,10000.0,1867882.5350244865,185.78825350244864,+18578.83%,7.058244617726347,+705.82%,178.73000888472228,+17873.00%,0.48646285968177483,+48.65%,-0.52404735097034,-52.40%,1.152586820175978,1.15,0.9282803524930089,0.93,0.675,+67.50%,1.6074310432513563,1.61,120,9,2010-01-01,2023-12-31,single,1d,ichimoku_cloud+ema_trend,dual_momentum,150,4,3.0,1,10,3.0
expanding_walk_forward_fold_09_train,2010-10-19 00:00:00,2023-12-29 00:00:00,10000.0,1502159.1095648068,149.21591095648068,+14921.59%,7.058244617726347,+705.82%,142.15766633875432,+14215.77%,0.46211464364742083,+46.21%,-0.5600318578131119,-56.00%,1.1015996990387753,1.10,0.8251577784377276,0.83,0.6850393700787402,+68.50%,1.4245149026394024,1.42,127,9,2010-01-01,2023-12-31,single,1d,ichimoku_cloud+ema_trend,dual_momentum,150,5,1.5,1,10,3.0
expanding_walk_forward_fold_09_train,2010-10-19 00:00:00,2023-12-29 00:00:00,10000.0,1627632.1279811275,161.76321279811276,+16176.32%,7.058244617726347,+705.82%,154.7049681803864,+15470.50%,0.4710319468209312,+47.10%,-0.5586962091162317,-55.87%,1.1169114181274316,1.12,0.8430913600900005,0.84,0.6916666666666667,+69.17%,1.4195955148205281,1.42,120,9,2010-01-01,2023-12-31,single,1d,ichimoku_cloud+ema_trend,dual_momentum,150,5,2.0,1,10,3.0
expanding_walk_forward_fold_09_train,2010-10-19 00:00:00,2023-12-29 00:00:00,10000.0,1970240.0178422437,196.02400178422437,+19602.40%,7.058244617726347,+705.82%,188.965757166498,+18896.58%,0.4924856737583174,+49.25%,-0.5202062357369605,-52.02%,1.1558966135965867,1.16,0.946712361224636,0.95,0.6982758620689655,+69.83%,1.4583033289399365,1.46,116,9,2010-01-01,2023-12-31,single,1d,ichimoku_cloud+ema_trend,dual_momentum,150,5,2.5,1,10,3.0
expanding_walk_forward_fold_09_train,2010-10-19 00:00:00,2023-12-29 00:00:00,10000.0,1908156.7375182782,189.81567375182783,+18981.57%,7.058244617726347,+705.82%,182.75742913410147,+18275.74%,0.48886819381608904,+48.89%,-0.5590194350649826,-55.90%,1.1504480675836966,1.15,0.8745101925825908,0.87,0.6982758620689655,+69.83%,1.4438312588729496,1.44,116,9,2010-01-01,2023-12-31,single,1d,ichimoku_cloud+ema_trend,dual_momentum,150,5,3.0,1,10,3.0
expanding_walk_forward_fold_09_train,2010-10-19 00:00:00,2023-12-29 00:00:00,10000.0,1478429.7485838246,146.84297485838246,+14684.30%,7.058244617726347,+705.82%,139.7847302406561,+13978.47%,0.4603511421766444,+46.04%,-0.5588701467345085,-55.89%,1.0955802544330229,1.10,0.8237175395151933,0.82,0.672,+67.20%,1.5191242044442526,1.52,125,9,2010-01-01,2023-12-31,single,1d,ichimoku_cloud+ema_trend,dual_momentum,150,6,1.5,1,10,3.0
expanding_walk_forward_fold_09_train,2010-10-19 00:00:00,2023-12-29 00:00:00,10000.0,1321655.2626052792,131.1655262605279,+13116.55%,7.058244617726347,+705.82%,124.10728164280157,+12410.73%,0.4479963463110108,+44.80%,-0.5575219025816154,-55.75%,1.0762415698069863,1.08,0.8035493210877556,0.80,0.6722689075630253,+67.23%,1.497425487370779,1.50,119,9,2010-01-01,2023-12-31,single,1d,ichimoku_cloud+ema_trend,dual_momentum,150,6,2.0,1,10,3.0
expanding_walk_forward_fold_09_train,2010-10-19 00:00:00,2023-12-29 00:00:00,10000.0,1482753.1603173793,147.27531603173793,+14727.53%,7.058244617726347,+705.82%,140.21707141401157,+14021.71%,0.46067438606357136,+46.07%,-0.5270460221274755,-52.70%,1.1013072912346007,1.10,0.874068613977982,0.87,0.6782608695652174,+67.83%,1.512097461648907,1.51,115,9,2010-01-01,2023-12-31,single,1d,ichimoku_cloud+ema_trend,dual_momentum,150,6,2.5,1,10,3.0
expanding_walk_forward_fold_09_train,2010-10-19 00:00:00,2023-12-29 00:00:00,10000.0,1459372.503986114,144.93725039861138,+14493.73%,7.058244617726347,+705.82%,137.87900578088502,+13787.90%,0.4589158156361395,+45.89%,-0.5575942938572984,-55.76%,1.0986689195777781,1.10,0.823028177819888,0.82,0.6782608695652174,+67.83%,1.5043410193141162,1.50,115,9,2010-01-01,2023-12-31,single,1d,ichimoku_cloud+ema_trend,dual_momentum,150,6,3.0,1,10,3.0
expanding_walk_forward_fold_10_train,2010-10-19 00:00:00,2024-12-31 00:00:00,10000.0,1833787.2097400238,182.3787209740024,+18237.87%,9.05962247257539,+905.96%,173.319098501427,+17331.91%,0.44336756718689285,+44.34%,-0.5250586359835019,-52.51%,1.067702554603594,1.07,0.8444153410721619,0.84,0.6642857142857143,+66.43%,1.4418017985288967,1.44,140,10,2010-01-01,2024-12-31,single,1d,ichimoku_cloud+ema_trend,dual_momentum,150,4,1.5,1,10,3.0
expanding_walk_forward_fold_10_train,2010-10-19 00:00:00,2024-12-31 00:00:00,10000.0,1838523.0679728142,182.85230679728141,+18285.23%,9.05962247257539,+905.96%,173.79268432470602,+17379.27%,0.44362973533089334,+44.36%,-0.5237434992081096,-52.37%,1.0665820128213914,1.07,0.8470362610736997,0.85,0.6616541353383458,+66.17%,1.4677754854046672,1.47,133,10,2010-01-01,2024-12-31,single,1d,ichimoku_cloud+ema_trend,dual_momentum,150,4,2.0,1,10,3.0
expanding_walk_forward_fold_10_train,2010-10-19 00:00:00,2024-12-31 00:00:00,10000.0,1796529.9679424646,178.65299679424646,+17865.30%,9.05962247257539,+905.96%,169.59337432167106,+16959.34%,0.4412828436600531,+44.13%,-0.4966644564039341,-49.67%,1.0707243655950776,1.07,0.8884929009318124,0.89,0.6692307692307692,+66.92%,1.444857869466764,1.44,130,10,2010-01-01,2024-12-31,single,1d,ichimoku_cloud+ema_trend,dual_momentum,150,4,2.5,1,10,3.0
expanding_walk_forward_fold_10_train,2010-10-19 00:00:00,2024-12-31 00:00:00,10000.0,1781698.7226254516,177.16987226254517,+17716.99%,9.05962247257539,+905.96%,168.11024978996977,+16811.02%,0.4404417614429501,+44.04%,-0.52404735097034,-52.40%,1.0698245624730989,1.07,0.8404617648146039,0.84,0.6692307692307692,+66.92%,1.4459002421096503,1.45,130,10,2010-01-01,2024-12-31,single,1d,ichimoku_cloud+ema_trend,dual_momentum,150,4,3.0,1,10,3.0
expanding_walk_forward_fold_10_train,2010-10-19 00:00:00,2024-12-31 00:00:00,10000.0,1971602.086539296,196.1602086539296,+19616.02%,9.05962247257539,+905.96%,187.1005861813542,+18710.06%,0.45075130704089594,+45.08%,-0.5600318578131119,-56.00%,1.0718548601125704,1.07,0.8048672602323921,0.80,0.6739130434782609,+67.39%,1.4034147791360363,1.40,138,10,2010-01-01,2024-12-31,single,1d,ichimoku_cloud+ema_trend,dual_momentum,150,5,1.5,1,10,3.0
expanding_walk_forward_fold_10_train,2010-10-19 00:00:00,2024-12-31 00:00:00,10000.0,2289227.62938553,227.922762938553,+22792.28%,9.05962247257539,+905.96%,218.8631404659776,+21886.31%,0.4660907835739383,+46.61%,-0.5586962091162317,-55.87%,1.0944619425250242,1.09,0.8342472634837089,0.83,0.676923076923077,+67.69%,1.429796349991854,1.43,130,10,2010-01-01,2024-12-31,single,1d,ichimoku_cloud+ema_trend,dual_momentum,150,5,2.0,1,10,3.0
expanding_walk_forward_fold_10_train,2010-10-19 00:00:00,2024-12-31 00:00:00,10000.0,2297288.2855997803,228.72882855997804,+22872.88%,9.05962247257539,+905.96%,219.66920608740264,+21966.92%,0.46645369991551533,+46.65%,-0.5202062357369605,-52.02%,1.1033149396667437,1.10,0.8966707199399571,0.90,0.6850393700787402,+68.50%,1.4154236508874574,1.42,127,10,2010-01-01,2024-12-31,single,1d,ichimoku_cloud+ema_trend,dual_momentum,150,5,2.5,1,10,3.0
expanding_walk_forward_fold_10_train,2010-10-19 00:00:00,2024-12-31 00:00:00,10000.0,2214563.964216087,220.4563964216087,+22045.64%,9.05962247257539,+905.96%,211.3967739490333,+21139.68%,0.46267155039248276,+46.27%,-0.5590194350649826,-55.90%,1.097458855503331,1.10,0.8276484168009293,0.83,0.6850393700787402,+68.50%,1.4038481937514928,1.40,127,10,2010-01-01,2024-12-31,single,1d,ichimoku_cloud+ema_trend,dual_momentum,150,5,3.0,1,10,3.0
expanding_walk_forward_fold_10_train,2010-10-19 00:00:00,2024-12-31 00:00:00,10000.0,1699445.4291751806,168.94454291751805,+16894.45%,9.05962247257539,+905.96%,159.88492044494265,+15988.49%,0.4356555785986025,+43.57%,-0.5588701467345085,-55.89%,1.0413694321803664,1.04,0.7795291645906448,0.78,0.6666666666666666,+66.67%,1.4355369596330125,1.44,135,10,2010-01-01,2024-12-31,single,1d,ichimoku_cloud+ema_trend,dual_momentum,150,6,1.5,1,10,3.0
expanding_walk_forward_fold_10_train,2010-10-19 00:00:00,2024-12-31 00:00:00,10000.0,1626454.8792808445,161.64548792808444,+16164.55%,9.05962247257539,+905.96%,152.58586545550904,+15258.59%,0.4312244913413741,+43.12%,-0.5575219025816154,-55.75%,1.0324952572164607,1.03,0.773466458168874,0.77,0.6640625,+66.41%,1.4487284960982894,1.45,128,10,2010-01-01,2024-12-31,single,1d,ichimoku_cloud+ema_trend,dual_momentum,150,6,2.0,1,10,3.0
expanding_walk_forward_fold_10_train,2010-10-19 00:00:00,2024-12-31 00:00:00,10000.0,1512737.5542594104,150.27375542594103,+15027.38%,9.05962247257539,+905.96%,141.21413295336563,+14121.41%,0.42393826469894225,+42.39%,-0.5270460221274755,-52.70%,1.0281713864132238,1.03,0.8043666907638763,0.80,0.672,+67.20%,1.4102653406105163,1.41,125,10,2010-01-01,2024-12-31,single,1d,ichimoku_cloud+ema_trend,dual_momentum,150,6,2.5,1,10,3.0
expanding_walk_forward_fold_10_train,2010-10-19 00:00:00,2024-12-31 00:00:00,10000.0,1483293.7037549762,147.3293703754976,+14732.94%,9.05962247257539,+905.96%,138.2697479029222,+13826.97%,0.4219687607259561,+42.20%,-0.5575942938572984,-55.76%,1.025065505812233,1.03,0.7567666408615508,0.76,0.672,+67.20%,1.4044766389807142,1.40,125,10,2010-01-01,2024-12-31,single,1d,ichimoku_cloud+ema_trend,dual_momentum,150,6,3.0,1,10,3.0
expanding_walk_forward_fold_11_train,2010-10-19 00:00:00,2025-12-31 00:00:00,10000.0,3711032.356611079,370.10323566110793,+37010.32%,11.087957521596726,+1108.80%,359.0152781395112,+35901.53%,0.47584115594467025,+47.58%,-0.5250586359835019,-52.51%,1.096294120723987,1.10,0.9062628882455366,0.91,0.6733333333333333,+67.33%,1.4595185322987096,1.46,150,11,2010-01-01,2025-12-31,single,1d,ichimoku_cloud+ema_trend,dual_momentum,150,4,1.5,1,10,3.0
expanding_walk_forward_fold_11_train,2010-10-19 00:00:00,2025-12-31 00:00:00,10000.0,3720516.2748576733,371.0516274857673,+37105.16%,11.087957521596726,+1108.80%,359.9636699641706,+35996.37%,0.47608898690235946,+47.61%,-0.5237434992081096,-52.37%,1.0953036074719955,1.10,0.9090117349851542,0.91,0.6713286713286714,+67.13%,1.4813490900049489,1.48,143,11,2010-01-01,2025-12-31,single,1d,ichimoku_cloud+ema_trend,dual_momentum,150,4,2.0,1,10,3.0
expanding_walk_forward_fold_11_train,2010-10-19 00:00:00,2025-12-31 00:00:00,10000.0,3635642.241612962,362.5642241612962,+36256.42%,11.087957521596726,+1108.80%,351.4762666396995,+35147.63%,0.4738497671481203,+47.38%,-0.4966644564039341,-49.67%,1.0989301504211921,1.10,0.9540641796254115,0.95,0.6785714285714286,+67.86%,1.4608300205612266,1.46,140,11,2010-01-01,2025-12-31,single,1d,ichimoku_cloud+ema_trend,dual_momentum,150,4,2.5,1,10,3.0
expanding_walk_forward_fold_11_train,2010-10-19 00:00:00,2025-12-31 00:00:00,10000.0,3521269.045397049,351.12690453970487,+35112.69%,11.087957521596726,+1108.80%,340.03894701810816,+34003.89%,0.4707537523142358,+47.08%,-0.52404735097034,-52.40%,1.0949689033008705,1.09,0.8983038487697258,0.90,0.6857142857142857,+68.57%,1.4116239873665506,1.41,140,11,2010-01-01,2025-12-31,single,1d,ichimoku_cloud+ema_trend,dual_momentum,150,4,3.0,1,10,3.0
expanding_walk_forward_fold_11_train,2010-10-19 00:00:00,2025-12-31 00:00:00,10000.0,3639088.743689253,362.9088743689253,+36290.89%,11.087957521596726,+1108.80%,351.8209168473286,+35182.09%,0.47394164252949667,+47.39%,-0.5600318578131119,-56.00%,1.0865629604920117,1.09,0.8462762178926893,0.85,0.6891891891891891,+68.92%,1.3534055624991097,1.35,148,11,2010-01-01,2025-12-31,single,1d,ichimoku_cloud+ema_trend,dual_momentum,150,5,1.5,1,10,3.0
expanding_walk_forward_fold_11_train,2010-10-19 00:00:00,2025-12-31 00:00:00,10000.0,4225866.074717745,421.5866074717745,+42158.66%,11.087957521596726,+1108.80%,410.4986499501778,+41049.86%,0.48850874514844134,+48.85%,-0.5586962091162317,-55.87%,1.1070853343508233,1.11,0.8743727578198253,0.87,0.6928571428571428,+69.29%,1.37170887724135,1.37,140,11,2010-01-01,2025-12-31,single,1d,ichimoku_cloud+ema_trend,dual_momentum,150,5,2.0,1,10,3.0
expanding_walk_forward_fold_11_train,2010-10-19 00:00:00,2025-12-31 00:00:00,10000.0,4240282.906554933,423.02829065549327,+42302.83%,11.087957521596726,+1108.80%,411.94033313389656,+41194.03%,0.4888422907001675,+48.88%,-0.5202062357369605,-52.02%,1.114788224680769,1.11,0.9397086330724955,0.94,0.7007299270072993,+70.07%,1.3587092792284612,1.36,137,11,2010-01-01,2025-12-31,single,1d,ichimoku_cloud+ema_trend,dual_momentum,150,5,2.5,1,10,3.0
expanding_walk_forward_fold_11_train,2010-10-19 00:00:00,2025-12-31 00:00:00,10000.0,3990088.6997879725,398.00886997879724,+39800.89%,11.087957521596726,+1108.80%,386.92091245720053,+38692.09%,0.48289741758040017,+48.29%,-0.5590194350649826,-55.90%,1.1063149294909425,1.11,0.8638293899822396,0.86,0.7007299270072993,+70.07%,1.3451805638266436,1.35,137,11,2010-01-01,2025-12-31,single,1d,ichimoku_cloud+ema_trend,dual_momentum,150,5,3.0,1,10,3.0
expanding_walk_forward_fold_11_train,2010-10-19 00:00:00,2025-12-31 00:00:00,10000.0,3201150.2182051954,319.11502182051953,+31911.50%,11.087957521596726,+1108.80%,308.0270642989228,+30802.71%,0.4615606077634722,+46.16%,-0.5588701467345085,-55.89%,1.0620914858018378,1.06,0.8258816658223412,0.83,0.6827586206896552,+68.28%,1.385011920828153,1.39,145,11,2010-01-01,2025-12-31,single,1d,ichimoku_cloud+ema_trend,dual_momentum,150,6,1.5,1,10,3.0
expanding_walk_forward_fold_11_train,2010-10-19 00:00:00,2025-12-31 00:00:00,10000.0,3064050.97206164,305.405097206164,+30540.51%,11.087957521596726,+1108.80%,294.3171396845673,+29431.71%,0.45735787463248023,+45.74%,-0.5575219025816154,-55.75%,1.0541166489295306,1.05,0.8203406404567717,0.82,0.6811594202898551,+68.12%,1.3911177702215474,1.39,138,11,2010-01-01,2025-12-31,single,1d,ichimoku_cloud+ema_trend,dual_momentum,150,6,2.0,1,10,3.0
expanding_walk_forward_fold_11_train,2010-10-19 00:00:00,2025-12-31 00:00:00,10000.0,2849368.109805493,283.9368109805493,+28393.68%,11.087957521596726,+1108.80%,272.8488534589526,+27284.89%,0.4504100426157793,+45.04%,-0.5270460221274755,-52.70%,1.0500373897490243,1.05,0.8545933821825518,0.85,0.6888888888888889,+68.89%,1.3559862986826798,1.36,135,11,2010-01-01,2025-12-31,single,1d,ichimoku_cloud+ema_trend,dual_momentum,150,6,2.5,1,10,3.0
expanding_walk_forward_fold_11_train,2010-10-19 00:00:00,2025-12-31 00:00:00,10000.0,2728016.0419188184,271.80160419188184,+27180.16%,11.087957521596726,+1108.80%,260.71364667028513,+26071.36%,0.44626312758596987,+44.63%,-0.5575942938572984,-55.76%,1.0440777001480341,1.04,0.800336611228269,0.80,0.6888888888888889,+68.89%,1.3476766125379076,1.35,135,11,2010-01-01,2025-12-31,single,1d,ichimoku_cloud+ema_trend,dual_momentum,150,6,3.0,1,10,3.0
