label,start,end,segments,total_return,total_return_display,qqq_return,qqq_return_display,alpha,alpha_display,cagr,cagr_display,mdd,mdd_display,sharpe,sharpe_display,calmar,calmar_display,win_rate,win_rate_display,payoff_ratio,payoff_display,trade_count,fold,validation_start,validation_end,purge_days,embargo_days,param_entry,param_market_filter,param_asset_filter,param_rs_method,param_rs_period,param_sell_confirm_bars,param_hurdle,param_max_positions,param_st_period,param_st_multiplier
purged_cv_fold_01_train,2011-01-21 00:00:00,2026-07-17 00:00:00,1,824.9322165993436,+82493.22%,11.487967192507519,+1148.80%,813.4442494068361,+81344.42%,0.5430102181875835,+54.30%,-0.5254235737052992,-52.54%,1.1683096491783034,1.17,1.0334713655085228,1.03,0.6776315789473685,+67.76%,1.5478113042597044,1.55,152,1,2010-01-01,2010-12-31,200,20,single,1d,ichimoku_cloud+ema_trend,dual_momentum,150,4,1.5,1,10,3.0
purged_cv_fold_01_train,2011-01-21 00:00:00,2026-07-17 00:00:00,1,827.4427454329827,+82744.27%,11.487967192507519,+1148.80%,815.9547782404752,+81595.48%,0.5433126683207874,+54.33%,-0.5239126646743313,-52.39%,1.1674133113709035,1.17,1.0370290793762647,1.04,0.6758620689655173,+67.59%,1.568763792449891,1.57,145,1,2010-01-01,2010-12-31,200,20,single,1d,ichimoku_cloud+ema_trend,dual_momentum,150,4,2.0,1,10,3.0
purged_cv_fold_01_train,2011-01-21 00:00:00,2026-07-17 00:00:00,1,710.3040629557769,+71030.41%,11.487967192507519,+1148.80%,698.8160957632693,+69881.61%,0.5281937845866091,+52.82%,-0.49654663928794807,-49.65%,1.1609411108479737,1.16,1.0637344869437508,1.06,0.6808510638297872,+68.09%,1.5496423350855137,1.55,141,1,2010-01-01,2010-12-31,200,20,single,1d,ichimoku_cloud+ema_trend,dual_momentum,150,4,2.5,1,10,3.0
purged_cv_fold_01_train,2011-01-21 00:00:00,2026-07-17 00:00:00,1,686.7509150576651,+68675.09%,11.487967192507519,+1148.80%,675.2629478651576,+67526.29%,0.5248742870374363,+52.49%,-0.5243793274913449,-52.44%,1.1569418427734692,1.16,1.0009438959931152,1.00,0.6879432624113475,+68.79%,1.4978845617479684,1.50,141,1,2010-01-01,2010-12-31,200,20,single,1d,ichimoku_cloud+ema_trend,dual_momentum,150,4,3.0,1,10,3.0
purged_cv_fold_01_train,2011-01-21 00:00:00,2026-07-17 00:00:00,1,770.8877026853708,+77088.77%,11.487967192507519,+1148.80%,759.3997354928632,+75939.97%,0.536281683775307,+53.63%,-0.5597361605303042,-55.97%,1.1509070337400342,1.15,0.9580972636594071,0.96,0.6933333333333334,+69.33%,1.429118362716812,1.43,150,1,2010-01-01,2010-12-31,200,20,single,1d,ichimoku_cloud+ema_trend,dual_momentum,150,5,1.5,1,10,3.0
purged_cv_fold_01_train,2011-01-21 00:00:00,2026-07-17 00:00:00,1,895.6602662417446,+89566.03%,11.487967192507519,+1148.80%,884.172299049237,+88417.23%,0.5512191315239627,+55.12%,-0.5588845639690736,-55.89%,1.1703005749879816,1.17,0.9862844083746514,0.99,0.6971830985915493,+69.72%,1.4459471035371476,1.45,142,1,2010-01-01,2010-12-31,200,20,single,1d,ichimoku_cloud+ema_trend,dual_momentum,150,5,2.0,1,10,3.0
purged_cv_fold_01_train,2011-01-21 00:00:00,2026-07-17 00:00:00,1,891.0751617061208,+89107.52%,11.487967192507519,+1148.80%,879.5871945136132,+87958.72%,0.5507056602315588,+55.07%,-0.5202755505649379,-52.03%,1.1845733080657705,1.18,1.0584884483492998,1.06,0.7028985507246377,+70.29%,1.4487328753711077,1.45,138,1,2010-01-01,2010-12-31,200,20,single,1d,ichimoku_cloud+ema_trend,dual_momentum,150,5,2.5,1,10,3.0
purged_cv_fold_01_train,2011-01-21 00:00:00,2026-07-17 00:00:00,1,838.8700667289264,+83887.01%,11.487967192507519,+1148.80%,827.3820995364189,+82738.21%,0.5446786051198125,+54.47%,-0.5588320342740536,-55.88%,1.1765174823656428,1.18,0.9746731964415265,0.97,0.7028985507246377,+70.29%,1.4344063556447777,1.43,138,1,2010-01-01,2010-12-31,200,20,single,1d,ichimoku_cloud+ema_trend,dual_momentum,150,5,3.0,1,10,3.0
purged_cv_fold_01_train,2011-01-21 00:00:00,2026-07-17 00:00:00,1,634.8673290393892,+63486.73%,11.487967192507519,+1148.80%,623.3793618468817,+62337.94%,0.5171699505612473,+51.72%,-0.5584249667467621,-55.84%,1.1178374157627036,1.12,0.926122543506864,0.93,0.6802721088435374,+68.03%,1.4967500486406482,1.50,147,1,2010-01-01,2010-12-31,200,20,single,1d,ichimoku_cloud+ema_trend,dual_momentum,150,6,1.5,1,10,3.0
purged_cv_fold_01_train,2011-01-21 00:00:00,2026-07-17 00:00:00,1,609.6250672747043,+60962.51%,11.487967192507519,+1148.80%,598.1371000821968,+59813.71%,0.5132064842996282,+51.32%,-0.5574417008817111,-55.74%,1.1106871703412413,1.11,0.9206460217954352,0.92,0.6785714285714286,+67.86%,1.5036481677651399,1.50,140,1,2010-01-01,2010-12-31,200,20,single,1d,ichimoku_cloud+ema_trend,dual_momentum,150,6,2.0,1,10,3.0
purged_cv_fold_01_train,2011-01-21 00:00:00,2026-07-17 00:00:00,1,650.6902226685669,+65069.02%,11.487967192507519,+1148.80%,639.2022554760593,+63920.23%,0.5195800274148803,+51.96%,-0.5272006268207157,-52.72%,1.1335962049309845,1.13,0.9855451624710854,0.99,0.6911764705882353,+69.12%,1.4587789888795915,1.46,136,1,2010-01-01,2010-12-31,200,20,single,1d,ichimoku_cloud+ema_trend,dual_momentum,150,6,2.5,1,10,3.0
purged_cv_fold_01_train,2011-01-21 00:00:00,2026-07-17 00:00:00,1,621.9619801907598,+62196.20%,11.487967192507519,+1148.80%,610.4740129982523,+61047.40%,0.5151623575660387,+51.52%,-0.5579356252594692,-55.79%,1.1277586898389116,1.13,0.9233365539733394,0.92,0.6911764705882353,+69.12%,1.4499419156245132,1.45,136,1,2010-01-01,2010-12-31,200,20,single,1d,ichimoku_cloud+ema_trend,dual_momentum,150,6,3.0,1,10,3.0
purged_cv_fold_02_train,2012-01-23 00:00:00,2026-07-17 00:00:00,1,774.4248844987608,+77442.49%,10.629536819579943,+1062.95%,763.7953476791808,+76379.53%,0.5832411082658806,+58.32%,-0.5252873617161098,-52.53%,1.2092853030284574,1.21,1.1103277001762166,1.11,0.6736111111111112,+67.36%,1.6111659694537899,1.61,144,2,2011-01-01,2011-12-31,200,20,single,1d,ichimoku_cloud+ema_trend,dual_momentum,150,4,1.5,1,10,3.0
purged_cv_fold_02_train,2012-01-23 00:00:00,2026-07-17 00:00:00,1,776.881051795833,+77688.11%,10.629536819579943,+1062.95%,766.251514976253,+76625.15%,0.5835869221618988,+58.36%,-0.5239705335676073,-52.40%,1.2081186586758281,1.21,1.1137781321181859,1.11,0.6739130434782609,+67.39%,1.6179854767053738,1.62,138,2,2011-01-01,2011-12-31,200,20,single,1d,ichimoku_cloud+ema_trend,dual_momentum,150,4,2.0,1,10,3.0
purged_cv_fold_02_train,2012-01-23 00:00:00,2026-07-17 00:00:00,1,805.8097118258245,+80580.97%,10.629536819579943,+1062.95%,795.1801750062446,+79518.02%,0.5875851567980079,+58.76%,-0.4965392713510385,-49.65%,1.2277049948284096,1.23,1.1833608955022668,1.18,0.6838235294117647,+68.38%,1.6180406043612316,1.62,136,2,2011-01-01,2011-12-31,200,20,single,1d,ichimoku_cloud+ema_trend,dual_momentum,150,4,2.5,1,10,3.0
purged_cv_fold_02_train,2012-01-23 00:00:00,2026-07-17 00:00:00,1,779.4330927182709,+77943.31%,10.629536819579943,+1062.95%,768.803555898691,+76880.36%,0.5839451593667166,+58.39%,-0.5242279918679753,-52.42%,1.2237352488513644,1.22,1.1139144960305378,1.11,0.6911764705882353,+69.12%,1.5619345422841344,1.56,136,2,2011-01-01,2011-12-31,200,20,single,1d,ichimoku_cloud+ema_trend,dual_momentum,150,4,3.0,1,10,3.0
purged_cv_fold_02_train,2012-01-23 00:00:00,2026-07-17 00:00:00,1,817.7068272928279,+81770.68%,10.629536819579943,+1062.95%,807.077290473248,+80707.73%,0.5891908451345587,+58.92%,-0.5596340554767343,-55.96%,1.2093555063135077,1.21,1.0528144943442477,1.05,0.6901408450704225,+69.01%,1.5166058633316273,1.52,142,2,2011-01-01,2011-12-31,200,20,single,1d,ichimoku_cloud+ema_trend,dual_momentum,150,5,1.5,1,10,3.0
purged_cv_fold_02_train,2012-01-23 00:00:00,2026-07-17 00:00:00,1,951.1913246372367,+95119.13%,10.629536819579943,+1062.95%,940.5617878176568,+94056.18%,0.6058537774039712,+60.59%,-0.5586209887838274,-55.86%,1.2295550520179124,1.23,1.0845524775626032,1.08,0.6962962962962963,+69.63%,1.5204233155981963,1.52,135,2,2011-01-01,2011-12-31,200,20,single,1d,ichimoku_cloud+ema_trend,dual_momentum,150,5,2.0,1,10,3.0
purged_cv_fold_02_train,2012-01-23 00:00:00,2026-07-17 00:00:00,1,1143.1940136161345,+114319.40%,10.629536819579943,+1062.95%,1132.5644767965546,+113256.45%,0.6263543082427685,+62.64%,-0.5203743761386719,-52.04%,1.2708359580003834,1.27,1.2036609352107195,1.20,0.706766917293233,+70.68%,1.5439105380336948,1.54,133,2,2011-01-01,2011-12-31,200,20,single,1d,ichimoku_cloud+ema_trend,dual_momentum,150,5,2.5,1,10,3.0
purged_cv_fold_02_train,2012-01-23 00:00:00,2026-07-17 00:00:00,1,1074.7781838643261,+107477.82%,10.629536819579943,+1062.95%,1064.1486470447462,+106414.86%,0.619444210793217,+61.94%,-0.5590784147998633,-55.91%,1.2622476503716051,1.26,1.107973755371978,1.11,0.706766917293233,+70.68%,1.5272784567160982,1.53,133,2,2011-01-01,2011-12-31,200,20,single,1d,ichimoku_cloud+ema_trend,dual_momentum,150,5,3.0,1,10,3.0
purged_cv_fold_02_train,2012-01-23 00:00:00,2026-07-17 00:00:00,1,656.9493254897666,+65694.93%,10.629536819579943,+1062.95%,646.3197886701867,+64631.98%,0.5653805250108523,+56.54%,-0.5590329510935681,-55.90%,1.1710073818636315,1.17,1.0113545613096102,1.01,0.6762589928057554,+67.63%,1.596034790503723,1.60,139,2,2011-01-01,2011-12-31,200,20,single,1d,ichimoku_cloud+ema_trend,dual_momentum,150,6,1.5,1,10,3.0
purged_cv_fold_02_train,2012-01-23 00:00:00,2026-07-17 00:00:00,1,633.2185273747268,+63321.85%,10.629536819579943,+1062.95%,622.5889905551469,+62258.90%,0.5614144759790596,+56.14%,-0.5568827272751615,-55.69%,1.163812063305638,1.16,1.0081377074237372,1.01,0.6766917293233082,+67.67%,1.5873579048524653,1.59,133,2,2011-01-01,2011-12-31,200,20,single,1d,ichimoku_cloud+ema_trend,dual_momentum,150,6,2.0,1,10,3.0
purged_cv_fold_02_train,2012-01-23 00:00:00,2026-07-17 00:00:00,1,815.2853333199636,+81528.53%,10.629536819579943,+1062.95%,804.6557965003836,+80465.58%,0.5888657980127685,+58.89%,-0.5270758165393561,-52.71%,1.2138659937077756,1.21,1.1172316762303942,1.12,0.6946564885496184,+69.47%,1.5545535478754886,1.55,131,2,2011-01-01,2011-12-31,200,20,single,1d,ichimoku_cloud+ema_trend,dual_momentum,150,6,2.5,1,10,3.0
purged_cv_fold_02_train,2012-01-23 00:00:00,2026-07-17 00:00:00,1,782.7346316008787,+78273.46%,10.629536819579943,+1062.95%,772.1050947812988,+77210.51%,0.5844069911751493,+58.44%,-0.5573546070944991,-55.74%,1.2083666004485447,1.21,1.0485371139599522,1.05,0.6946564885496184,+69.47%,1.5443095441889607,1.54,131,2,2011-01-01,2011-12-31,200,20,single,1d,ichimoku_cloud+ema_trend,dual_momentum,150,6,3.0,1,10,3.0
purged_cv_fold_03_train,2010-10-19 00:00:00,2026-07-17 00:00:00,2,975.053600635046,+97505.36%,10.270818976092599,+1027.08%,964.7827816589534,+96478.28%,0.6275245883865321,+62.75%,-0.5253145606265642,-52.53%,1.1736322795568512,1.17,1.194569188484054,1.19,0.6811594202898551,+68.12%,10.04078308503681,10.04,138,3,2012-01-01,2012-12-31,200,20,single,1d,ichimoku_cloud+ema_trend,dual_momentum,150,4,1.5,1,10,3.0
purged_cv_fold_03_train,2010-10-19 00:00:00,2026-07-17 00:00:00,2,918.8232564634566,+91882.33%,10.270818976092599,+1027.08%,908.5524374873639,+90855.24%,0.6207058123859526,+62.07%,-0.5241074128657137,-52.41%,1.1680831284682847,1.17,1.1843103095834082,1.18,0.6818181818181818,+68.18%,10.04118009632104,10.04,132,3,2012-01-01,2012-12-31,200,20,single,1d,ichimoku_cloud+ema_trend,dual_momentum,150,4,2.0,1,10,3.0
purged_cv_fold_03_train,2010-10-19 00:00:00,2026-07-17 00:00:00,2,685.483977200141,+68548.40%,10.270818976092599,+1027.08%,675.2131582240484,+67521.32%,0.5874964315637781,+58.75%,-0.49634426292985034,-49.63%,0.9031423560541524,0.90,1.1836470680568951,1.18,0.6818181818181818,+68.18%,1.123566037650891,1.12,132,3,2012-01-01,2012-12-31,200,20,single,1d,ichimoku_cloud+ema_trend,dual_momentum,150,4,2.5,1,10,3.0
purged_cv_fold_03_train,2010-10-19 00:00:00,2026-07-17 00:00:00,2,662.8877519331317,+66288.78%,10.270818976092599,+1027.08%,652.616932957039,+65261.69%,0.5837413106888534,+58.37%,-0.5240295664258255,-52.40%,0.9010675933445425,0.90,1.1139472810099158,1.11,0.6893939393939394,+68.94%,1.093677874329077,1.09,132,3,2012-01-01,2012-12-31,200,20,single,1d,ichimoku_cloud+ema_trend,dual_momentum,150,4,3.0,1,10,3.0
purged_cv_fold_03_train,2010-10-19 00:00:00,2026-07-17 00:00:00,2,958.1437786335473,+95814.38%,10.270818976092599,+1027.08%,947.8729596574547,+94787.30%,0.6255132455370904,+62.55%,-0.560084351939766,-56.01%,1.061997245643568,1.06,1.11681971362121,1.12,0.6985294117647058,+69.85%,1.4655148830120637,1.47,136,3,2012-01-01,2012-12-31,200,20,single,1d,ichimoku_cloud+ema_trend,dual_momentum,150,5,1.5,1,10,3.0
purged_cv_fold_03_train,2010-10-19 00:00:00,2026-07-17 00:00:00,2,1045.6969875858097,+104569.70%,10.270818976092599,+1027.08%,1035.426168609717,+103542.62%,0.6355915448336806,+63.56%,-0.5589981512006301,-55.90%,1.0678099889792916,1.07,1.1370190464289396,1.14,0.7054263565891473,+70.54%,1.4633507110823814,1.46,129,3,2012-01-01,2012-12-31,200,20,single,1d,ichimoku_cloud+ema_trend,dual_momentum,150,5,2.0,1,10,3.0
purged_cv_fold_03_train,2010-10-19 00:00:00,2026-07-17 00:00:00,2,903.8309945341624,+90383.10%,10.270818976092599,+1027.08%,893.5601755580698,+89356.02%,0.6188223788873155,+61.88%,-0.5204213599015012,-52.04%,0.8038005784842712,0.80,1.1890795162681993,1.19,0.7054263565891473,+70.54%,0.9989738427780215,1.00,129,3,2012-01-01,2012-12-31,200,20,single,1d,ichimoku_cloud+ema_trend,dual_momentum,150,5,2.5,1,10,3.0
purged_cv_fold_03_train,2010-10-19 00:00:00,2026-07-17 00:00:00,2,850.3159388399167,+85031.59%,10.270818976092599,+1027.08%,840.0451198638241,+84004.51%,0.6118542743172952,+61.19%,-0.558863890003974,-55.89%,0.7993414950975808,0.80,1.0948180500854052,1.09,0.7054263565891473,+70.54%,0.9904636421401813,0.99,129,3,2012-01-01,2012-12-31,200,20,single,1d,ichimoku_cloud+ema_trend,dual_momentum,150,5,3.0,1,10,3.0
purged_cv_fold_03_train,2010-10-19 00:00:00,2026-07-17 00:00:00,2,746.3884125817417,+74638.84%,10.270818976092599,+1027.08%,736.1175936056491,+73611.76%,0.5970732548899831,+59.71%,-0.558210385527103,-55.82%,0.998929573860134,1.00,1.069620469934795,1.07,0.6842105263157895,+68.42%,1.328933235742758,1.33,133,3,2012-01-01,2012-12-31,200,20,single,1d,ichimoku_cloud+ema_trend,dual_momentum,150,6,1.5,1,10,3.0
purged_cv_fold_03_train,2010-10-19 00:00:00,2026-07-17 00:00:00,2,670.8750263134322,+67087.50%,10.270818976092599,+1027.08%,660.6042073373395,+66060.42%,0.5850820510148784,+58.51%,-0.5575965694102566,-55.76%,0.9898554719057038,0.99,1.0492927738664029,1.05,0.6850393700787402,+68.50%,1.320839792248038,1.32,127,3,2012-01-01,2012-12-31,200,20,single,1d,ichimoku_cloud+ema_trend,dual_momentum,150,6,2.0,1,10,3.0
purged_cv_fold_03_train,2010-10-19 00:00:00,2026-07-17 00:00:00,2,658.4005006784787,+65840.05%,10.270818976092599,+1027.08%,648.129681702386,+64812.97%,0.5829814921939636,+58.30%,-0.5272555631051548,-52.73%,0.7336754423955929,0.73,1.1056905474085912,1.11,0.6929133858267716,+69.29%,0.991559361282875,0.99,127,3,2012-01-01,2012-12-31,200,20,single,1d,ichimoku_cloud+ema_trend,dual_momentum,150,6,2.5,1,10,3.0
purged_cv_fold_03_train,2010-10-19 00:00:00,2026-07-17 00:00:00,2,631.7501530658981,+63175.02%,10.270818976092599,+1027.08%,621.4793340898054,+62147.93%,0.5783673003357919,+57.84%,-0.5571475276372372,-55.71%,0.7307430430305175,0.73,1.0380864522338347,1.04,0.6929133858267716,+69.29%,0.9862501317095456,0.99,127,3,2012-01-01,2012-12-31,200,20,single,1d,ichimoku_cloud+ema_trend,dual_momentum,150,6,3.0,1,10,3.0
purged_cv_fold_04_train,2010-10-19 00:00:00,2026-07-17 00:00:00,2,481.3637288956253,+48136.37%,8.635491003695206,+863.55%,472.72823789193006,+47272.82%,0.5480865379148774,+54.81%,-0.5246105484772466,-52.46%,0.9267153993445415,0.93,1.0447493659930647,1.04,0.6985294117647058,+69.85%,1.0400755085632793,1.04,136,4,2013-01-01,2013-12-31,200,20,single,1d,ichimoku_cloud+ema_trend,dual_momentum,150,4,1.5,1,10,3.0
purged_cv_fold_04_train,2010-10-19 00:00:00,2026-07-17 00:00:00,2,452.35926061193754,+45235.93%,8.635491003695206,+863.55%,443.7237696082423,+44372.38%,0.5413111546061697,+54.13%,-0.5233421804383486,-52.33%,0.919927453027632,0.92,1.0343350389849533,1.03,0.6976744186046512,+69.77%,1.0666512971263094,1.07,129,4,2013-01-01,2013-12-31,200,20,single,1d,ichimoku_cloud+ema_trend,dual_momentum,150,4,2.0,1,10,3.0
purged_cv_fold_04_train,2010-10-19 00:00:00,2026-07-17 00:00:00,2,316.36177294949044,+31636.18%,8.635491003695206,+863.55%,307.7262819457952,+30772.63%,0.5029173340638693,+50.29%,-0.4956680662960793,-49.57%,0.7231842846767629,0.72,1.014625246734091,1.01,0.6904761904761905,+69.05%,0.9945508791783539,0.99,126,4,2013-01-01,2013-12-31,200,20,single,1d,ichimoku_cloud+ema_trend,dual_momentum,150,4,2.5,1,10,3.0
purged_cv_fold_04_train,2010-10-19 00:00:00,2026-07-17 00:00:00,2,310.6980105220699,+31069.80%,8.635491003695206,+863.55%,302.0625195183747,+30206.25%,0.5010043234618058,+50.10%,-0.5234660068904069,-52.35%,0.721980999557262,0.72,0.957090464074196,0.96,0.6984126984126984,+69.84%,0.9644841576255423,0.96,126,4,2013-01-01,2013-12-31,200,20,single,1d,ichimoku_cloud+ema_trend,dual_momentum,150,4,3.0,1,10,3.0
purged_cv_fold_04_train,2010-10-19 00:00:00,2026-07-17 00:00:00,2,461.0122466708526,+46101.22%,8.635491003695206,+863.55%,452.3767556671574,+45237.68%,0.5433736656043504,+54.34%,-0.5596945217844156,-55.97%,0.8168887361348462,0.82,0.9708397071173198,0.97,0.7142857142857143,+71.43%,0.9071699301342998,0.91,133,4,2013-01-01,2013-12-31,200,20,single,1d,ichimoku_cloud+ema_trend,dual_momentum,150,5,1.5,1,10,3.0
purged_cv_fold_04_train,2010-10-19 00:00:00,2026-07-17 00:00:00,2,458.1876684714203,+45818.77%,8.635491003695206,+863.55%,449.5521774677251,+44955.22%,0.5427043792606159,+54.27%,-0.5584051069201597,-55.84%,0.8137737713271511,0.81,0.9718829081880359,0.97,0.7142857142857143,+71.43%,0.9280891120437733,0.93,126,4,2013-01-01,2013-12-31,200,20,single,1d,ichimoku_cloud+ema_trend,dual_momentum,150,5,2.0,1,10,3.0
purged_cv_fold_04_train,2010-10-19 00:00:00,2026-07-17 00:00:00,2,372.48675720839634,+37248.68%,8.635491003695206,+863.55%,363.8512662047011,+36385.13%,0.5203275480306135,+52.03%,-0.5193777838676159,-51.94%,0.6242353898338018,0.62,1.0018286576601816,1.00,0.7073170731707317,+70.73%,0.9178485301727481,0.92,123,4,2013-01-01,2013-12-31,200,20,single,1d,ichimoku_cloud+ema_trend,dual_momentum,150,5,2.5,1,10,3.0
purged_cv_fold_04_train,2010-10-19 00:00:00,2026-07-17 00:00:00,2,354.6921952567033,+35469.22%,8.635491003695206,+863.55%,346.0567042530081,+34605.67%,0.5150871893990541,+51.51%,-0.5581910092747451,-55.82%,0.6203138025932937,0.62,0.9227794443846461,0.92,0.7073170731707317,+70.73%,0.9100840458199477,0.91,123,4,2013-01-01,2013-12-31,200,20,single,1d,ichimoku_cloud+ema_trend,dual_momentum,150,5,3.0,1,10,3.0
purged_cv_fold_04_train,2010-10-19 00:00:00,2026-07-17 00:00:00,2,392.3997739755968,+39239.98%,8.635491003695206,+863.55%,383.7642829719016,+38376.43%,0.5259234844982759,+52.59%,-0.5582888443913803,-55.83%,0.8122523248140644,0.81,0.9420275718953554,0.94,0.7022900763358778,+70.23%,0.9413644147031366,0.94,131,4,2013-01-01,2013-12-31,200,20,single,1d,ichimoku_cloud+ema_trend,dual_momentum,150,6,1.5,1,10,3.0
purged_cv_fold_04_train,2010-10-19 00:00:00,2026-07-17 00:00:00,2,351.24126104400534,+35124.13%,8.635491003695206,+863.55%,342.6057700403101,+34260.58%,0.5140427829016789,+51.40%,-0.5571442235833852,-55.71%,0.8009841280505905,0.80,0.922638629537446,0.92,0.7016129032258065,+70.16%,0.949434835902857,0.95,124,4,2013-01-01,2013-12-31,200,20,single,1d,ichimoku_cloud+ema_trend,dual_momentum,150,6,2.0,1,10,3.0
purged_cv_fold_04_train,2010-10-19 00:00:00,2026-07-17 00:00:00,2,325.3170746792116,+32531.71%,8.635491003695206,+863.55%,316.6815836755164,+31668.16%,0.5058783145955206,+50.59%,-0.5260788856626741,-52.61%,0.6238703935466368,0.62,0.9616016312045903,0.96,0.7024793388429752,+70.25%,0.9254892026807036,0.93,121,4,2013-01-01,2013-12-31,200,20,single,1d,ichimoku_cloud+ema_trend,dual_momentum,150,6,2.5,1,10,3.0
purged_cv_fold_04_train,2010-10-19 00:00:00,2026-07-17 00:00:00,2,315.80107591778915,+31580.11%,8.635491003695206,+863.55%,307.1655849140939,+30716.56%,0.5027293723071953,+50.27%,-0.556842812570507,-55.68%,0.6216570869211077,0.62,0.902820977407408,0.90,0.7024793388429752,+70.25%,0.92108215415409,0.92,121,4,2013-01-01,2013-12-31,200,20,single,1d,ichimoku_cloud+ema_trend,dual_momentum,150,6,3.0,1,10,3.0
purged_cv_fold_05_train,2010-10-19 00:00:00,2026-07-17 00:00:00,2,722.189162817002,+72218.92%,8.682301577526323,+868.23%,713.5068612394757,+71350.69%,0.5930706725034587,+59.31%,-0.5243968314214942,-52.44%,0.9465785885534819,0.95,1.130957772753525,1.13,0.7164179104477612,+71.64%,1.190384818131101,1.19,134,5,2014-01-01,2014-12-31,200,20,single,1d,ichimoku_cloud+ema_trend,dual_momentum,150,4,1.5,1,10,3.0
purged_cv_fold_05_train,2010-10-19 00:00:00,2026-07-17 00:00:00,2,722.863914979107,+72286.39%,8.682301577526323,+868.23%,714.1816134015806,+71418.16%,0.5931757581033601,+59.32%,-0.5234103394837302,-52.34%,0.9771612409610504,0.98,1.1332901040671906,1.13,0.7165354330708661,+71.65%,1.2420917189257714,1.24,127,5,2014-01-01,2014-12-31,200,20,single,1d,ichimoku_cloud+ema_trend,dual_momentum,150,4,2.0,1,10,3.0
purged_cv_fold_05_train,2010-10-19 00:00:00,2026-07-17 00:00:00,2,622.1801751606656,+62218.02%,8.682301577526323,+868.23%,613.4978735831393,+61349.79%,0.5763881934461432,+57.64%,-0.49625852055906683,-49.63%,0.9903208966493844,0.99,1.1614676011946459,1.16,0.7235772357723578,+72.36%,1.2186925231083099,1.22,123,5,2014-01-01,2014-12-31,200,20,single,1d,ichimoku_cloud+ema_trend,dual_momentum,150,4,2.5,1,10,3.0
purged_cv_fold_05_train,2010-10-19 00:00:00,2026-07-17 00:00:00,2,606.3400332753669,+60634.00%,8.682301577526323,+868.23%,597.6577316978405,+59765.77%,0.5735200815843955,+57.35%,-0.5240987455576419,-52.41%,0.9884521827872965,0.99,1.0942977567598815,1.09,0.7317073170731707,+73.17%,1.1856232790427281,1.19,123,5,2014-01-01,2014-12-31,200,20,single,1d,ichimoku_cloud+ema_trend,dual_momentum,150,4,3.0,1,10,3.0
purged_cv_fold_05_train,2010-10-19 00:00:00,2026-07-17 00:00:00,2,669.5741477523652,+66957.41%,8.682301577526323,+868.23%,660.8918461748389,+66089.18%,0.5845820642104493,+58.46%,-0.5602214692313479,-56.02%,0.8883172862403634,0.89,1.0434838654300869,1.04,0.7218045112781954,+72.18%,1.1052329380882107,1.11,133,5,2014-01-01,2014-12-31,200,20,single,1d,ichimoku_cloud+ema_trend,dual_momentum,150,5,1.5,1,10,3.0
purged_cv_fold_05_train,2010-10-19 00:00:00,2026-07-17 00:00:00,2,779.9979522793202,+77999.80%,8.682301577526323,+868.23%,771.3156507017939,+77131.57%,0.6017594095222287,+60.18%,-0.558546009023223,-55.85%,0.9774878495472101,0.98,1.0773676649745947,1.08,0.728,+72.80%,1.1461140822112372,1.15,125,5,2014-01-01,2014-12-31,200,20,single,1d,ichimoku_cloud+ema_trend,dual_momentum,150,5,2.0,1,10,3.0
purged_cv_fold_05_train,2010-10-19 00:00:00,2026-07-17 00:00:00,2,774.5592088542365,+77455.92%,8.682301577526323,+868.23%,765.8769072767102,+76587.69%,0.6009678944134502,+60.10%,-0.520231513305229,-52.02%,1.001139223807523,1.00,1.1551931765826184,1.16,0.7355371900826446,+73.55%,1.119051733747163,1.12,121,5,2014-01-01,2014-12-31,200,20,single,1d,ichimoku_cloud+ema_trend,dual_momentum,150,5,2.5,1,10,3.0
purged_cv_fold_05_train,2010-10-19 00:00:00,2026-07-17 00:00:00,2,734.6155772496571,+73461.56%,8.682301577526323,+868.23%,725.9332756721308,+72593.33%,0.5949915067669334,+59.50%,-0.5588228051983987,-55.88%,0.996562293747216,1.00,1.0647230235274556,1.06,0.7355371900826446,+73.55%,1.1112385484202856,1.11,121,5,2014-01-01,2014-12-31,200,20,single,1d,ichimoku_cloud+ema_trend,dual_momentum,150,5,3.0,1,10,3.0
purged_cv_fold_05_train,2010-10-19 00:00:00,2026-07-17 00:00:00,2,611.4984257803656,+61149.84%,8.682301577526323,+868.23%,602.8161242028392,+60281.61%,0.5744616477259044,+57.45%,-0.5582079362987586,-55.82%,0.8983337845866974,0.90,1.0291176645300266,1.03,0.7131782945736435,+71.32%,1.1831017365358965,1.18,129,5,2014-01-01,2014-12-31,200,20,single,1d,ichimoku_cloud+ema_trend,dual_momentum,150,6,1.5,1,10,3.0
purged_cv_fold_05_train,2010-10-19 00:00:00,2026-07-17 00:00:00,2,586.5061678119863,+58650.62%,8.682301577526323,+868.23%,577.82386623446,+57782.39%,0.5698291866661025,+56.98%,-0.556902540444921,-55.69%,0.9242131363106106,0.92,1.0232116847785504,1.02,0.7131147540983607,+71.31%,1.2235615845951078,1.22,122,5,2014-01-01,2014-12-31,200,20,single,1d,ichimoku_cloud+ema_trend,dual_momentum,150,6,2.0,1,10,3.0
purged_cv_fold_05_train,2010-10-19 00:00:00,2026-07-17 00:00:00,2,624.8690965351976,+62486.91%,8.682301577526323,+868.23%,616.1867949576713,+61618.68%,0.5768683274826432,+57.69%,-0.5269946699681252,-52.70%,0.9226645862142162,0.92,1.0946378784391397,1.09,0.7288135593220338,+72.88%,1.1492018829999835,1.15,118,5,2014-01-01,2014-12-31,200,20,single,1d,ichimoku_cloud+ema_trend,dual_momentum,150,6,2.5,1,10,3.0
purged_cv_fold_05_train,2010-10-19 00:00:00,2026-07-17 00:00:00,2,604.9742032229286,+60497.42%,8.682301577526323,+868.23%,596.2919016454023,+59629.19%,0.5732695310967695,+57.33%,-0.5568050655116616,-55.68%,0.919885813232787,0.92,1.0295695326873118,1.03,0.7288135593220338,+72.88%,1.1452686623164494,1.15,118,5,2014-01-01,2014-12-31,200,20,single,1d,ichimoku_cloud+ema_trend,dual_momentum,150,6,3.0,1,10,3.0
purged_cv_fold_06_train,2010-10-19 00:00:00,2026-07-17 00:00:00,2,747.7128249368687,+74771.28%,11.524956274318159,+1152.50%,736.1878686625506,+73618.79%,0.5971284704236484,+59.71%,-0.5244956910294334,-52.45%,1.0938368295564198,1.09,1.138481174653042,1.14,0.708029197080292,+70.80%,1.3498539529423854,1.35,137,6,2015-01-01,2015-12-31,200,20,single,1d,ichimoku_cloud+ema_trend,dual_momentum,150,4,1.5,1,10,3.0
purged_cv_fold_06_train,2010-10-19 00:00:00,2026-07-17 00:00:00,2,758.2002244617411,+75820.02%,11.524956274318159,+1152.50%,746.675268187423,+74667.53%,0.598700896233469,+59.87%,-0.5222713722999413,-52.23%,1.1136910569410814,1.11,1.14634063436591,1.15,0.7076923076923077,+70.77%,1.3921369471973617,1.39,130,6,2015-01-01,2015-12-31,200,20,single,1d,ichimoku_cloud+ema_trend,dual_momentum,150,4,2.0,1,10,3.0
purged_cv_fold_06_train,2010-10-19 00:00:00,2026-07-17 00:00:00,2,650.6619303841152,+65066.19%,11.524956274318159,+1152.50%,639.136974109797,+63913.70%,0.5815193280589042,+58.15%,-0.496190392610551,-49.62%,1.1222733021476694,1.12,1.1719681330374447,1.17,0.7142857142857143,+71.43%,1.3902224779700387,1.39,126,6,2015-01-01,2015-12-31,200,20,single,1d,ichimoku_cloud+ema_trend,dual_momentum,150,4,2.5,1,10,3.0
purged_cv_fold_06_train,2010-10-19 00:00:00,2026-07-17 00:00:00,2,625.87507347265,+62587.51%,11.524956274318159,+1152.50%,614.3501171983319,+61435.01%,0.577186618255844,+57.72%,-0.5230762504802221,-52.31%,1.1152987352696855,1.12,1.1034464243519844,1.10,0.7222222222222222,+72.22%,1.3493109126599605,1.35,126,6,2015-01-01,2015-12-31,200,20,single,1d,ichimoku_cloud+ema_trend,dual_momentum,150,4,3.0,1,10,3.0
purged_cv_fold_06_train,2010-10-19 00:00:00,2026-07-17 00:00:00,2,650.1047233441956,+65010.47%,11.524956274318159,+1152.50%,638.5797670698774,+63857.98%,0.5814236242007569,+58.14%,-0.5596193273821577,-55.96%,1.030690225291058,1.03,1.038962730112624,1.04,0.7132352941176471,+71.32%,1.2350360371299898,1.24,136,6,2015-01-01,2015-12-31,200,20,single,1d,ichimoku_cloud+ema_trend,dual_momentum,150,5,1.5,1,10,3.0
purged_cv_fold_06_train,2010-10-19 00:00:00,2026-07-17 00:00:00,2,752.5455764219163,+75254.56%,11.524956274318159,+1152.50%,741.0206201475982,+74102.06%,0.5978555938017243,+59.79%,-0.556618620122205,-55.66%,1.0910322218990909,1.09,1.0740847901754809,1.07,0.71875,+71.88%,1.2686542224261186,1.27,128,6,2015-01-01,2015-12-31,200,20,single,1d,ichimoku_cloud+ema_trend,dual_momentum,150,5,2.0,1,10,3.0
purged_cv_fold_06_train,2010-10-19 00:00:00,2026-07-17 00:00:00,2,746.0017511052366,+74600.18%,11.524956274318159,+1152.50%,734.4767948309185,+73447.68%,0.5968699808603883,+59.69%,-0.5194845507712866,-51.95%,1.11143277152656,1.11,1.1489657969119704,1.15,0.7258064516129032,+72.58%,1.2671932509880608,1.27,124,6,2015-01-01,2015-12-31,200,20,single,1d,ichimoku_cloud+ema_trend,dual_momentum,150,5,2.5,1,10,3.0
purged_cv_fold_06_train,2010-10-19 00:00:00,2026-07-17 00:00:00,2,695.5511822957362,+69555.12%,11.524956274318159,+1152.50%,684.0262260214181,+68402.62%,0.5889900180570231,+58.90%,-0.5582474484777511,-55.82%,1.1012802855432184,1.10,1.055069789683951,1.06,0.7258064516129032,+72.58%,1.2544599796737947,1.25,124,6,2015-01-01,2015-12-31,200,20,single,1d,ichimoku_cloud+ema_trend,dual_momentum,150,5,3.0,1,10,3.0
purged_cv_fold_06_train,2010-10-19 00:00:00,2026-07-17 00:00:00,2,549.3128931500808,+54931.29%,11.524956274318159,+1152.50%,537.7879368757626,+53778.79%,0.5627194465368341,+56.27%,-0.5578267036273175,-55.78%,1.0032141453622265,1.00,1.008771080476609,1.01,0.7045454545454546,+70.45%,1.2769753081148476,1.28,132,6,2015-01-01,2015-12-31,200,20,single,1d,ichimoku_cloud+ema_trend,dual_momentum,150,6,1.5,1,10,3.0
purged_cv_fold_06_train,2010-10-19 00:00:00,2026-07-17 00:00:00,2,565.5783770544542,+56557.84%,11.524956274318159,+1152.50%,554.0534207801361,+55405.34%,0.5659429894121095,+56.59%,-0.5560984358533281,-55.61%,1.0237392685907496,1.02,1.017702897408217,1.02,0.704,+70.40%,1.3192822396269754,1.32,125,6,2015-01-01,2015-12-31,200,20,single,1d,ichimoku_cloud+ema_trend,dual_momentum,150,6,2.0,1,10,3.0
purged_cv_fold_06_train,2010-10-19 00:00:00,2026-07-17 00:00:00,2,603.2712750689695,+60327.13%,11.524956274318159,+1152.50%,591.7463187946514,+59174.63%,0.5730944102310318,+57.31%,-0.5259480709753963,-52.59%,1.0312466477180702,1.03,1.0896406733999429,1.09,0.71900826446281,+71.90%,1.265129614773262,1.27,121,6,2015-01-01,2015-12-31,200,20,single,1d,ichimoku_cloud+ema_trend,dual_momentum,150,6,2.5,1,10,3.0
purged_cv_fold_06_train,2010-10-19 00:00:00,2026-07-17 00:00:00,2,575.6105033522122,+57561.05%,11.524956274318159,+1152.50%,564.085547077894,+56408.55%,0.5678885727678156,+56.79%,-0.556108551813395,-55.61%,1.0225200162611032,1.02,1.0211829523498739,1.02,0.71900826446281,+71.90%,1.2558078201778422,1.26,121,6,2015-01-01,2015-12-31,200,20,single,1d,ichimoku_cloud+ema_trend,dual_momentum,150,6,3.0,1,10,3.0
purged_cv_fold_07_train,2010-10-19 00:00:00,2026-07-17 00:00:00,2,207.8635610001295,+20786.36%,11.062753054688216,+1106.28%,196.80080794544128,+19680.08%,0.45963087069895536,+45.96%,-0.5201352663232379,-52.01%,0.921698153631405,0.92,0.8836756521972072,0.88,0.6802721088435374,+68.03%,1.2570630533033555,1.26,147,7,2016-01-01,2016-12-31,200,20,single,1d,ichimoku_cloud+ema_trend,dual_momentum,150,4,1.5,1,10,3.0
purged_cv_fold_07_train,2010-10-19 00:00:00,2026-07-17 00:00:00,2,209.73984761828007,+20973.98%,11.062753054688216,+1106.28%,198.67709456359185,+19867.71%,0.46055535235509937,+46.06%,-0.5206305006534845,-52.06%,0.9355314104541077,0.94,0.8846107782333535,0.88,0.6785714285714286,+67.86%,1.2978672064453487,1.30,140,7,2016-01-01,2016-12-31,200,20,single,1d,ichimoku_cloud+ema_trend,dual_momentum,150,4,2.0,1,10,3.0
purged_cv_fold_07_train,2010-10-19 00:00:00,2026-07-17 00:00:00,2,179.60337553709036,+17960.34%,11.062753054688216,+1106.28%,168.54062248240214,+16854.06%,0.44468459416978123,+44.47%,-0.49233021575513725,-49.23%,0.9369414856016443,0.94,0.9032242587177448,0.90,0.6838235294117647,+68.38%,1.3051485829713005,1.31,136,7,2016-01-01,2016-12-31,200,20,single,1d,ichimoku_cloud+ema_trend,dual_momentum,150,4,2.5,1,10,3.0
purged_cv_fold_07_train,2010-10-19 00:00:00,2026-07-17 00:00:00,2,174.89061500806307,+17489.06%,11.062753054688216,+1106.28%,163.82786195337485,+16382.79%,0.44198269112564437,+44.20%,-0.5198082480332455,-51.98%,0.9331886748346712,0.93,0.8502802577641598,0.85,0.6911764705882353,+69.12%,1.2709191291969915,1.27,136,7,2016-01-01,2016-12-31,200,20,single,1d,ichimoku_cloud+ema_trend,dual_momentum,150,4,3.0,1,10,3.0
purged_cv_fold_07_train,2010-10-19 00:00:00,2026-07-17 00:00:00,2,186.24622661671285,+18624.62%,11.062753054688216,+1106.28%,175.18347356202463,+17518.35%,0.4483838520776562,+44.84%,-0.5567996421935723,-55.68%,0.885746415019591,0.89,0.8052876081442862,0.81,0.696551724137931,+69.66%,1.0952614739587165,1.10,145,7,2016-01-01,2016-12-31,200,20,single,1d,ichimoku_cloud+ema_trend,dual_momentum,150,5,1.5,1,10,3.0
purged_cv_fold_07_train,2010-10-19 00:00:00,2026-07-17 00:00:00,2,214.12549313607838,+21412.55%,11.062753054688216,+1106.28%,203.06274008139016,+20306.27%,0.46268675739691156,+46.27%,-0.5545669462497301,-55.46%,0.9333652703165651,0.93,0.8343208345283466,0.83,0.7007299270072993,+70.07%,1.1274515697021645,1.13,137,7,2016-01-01,2016-12-31,200,20,single,1d,ichimoku_cloud+ema_trend,dual_momentum,150,5,2.0,1,10,3.0
purged_cv_fold_07_train,2010-10-19 00:00:00,2026-07-17 00:00:00,2,212.76412831894737,+21276.41%,11.062753054688216,+1106.28%,201.70137526425916,+20170.14%,0.46202949487031186,+46.20%,-0.5180551775290447,-51.81%,0.9484640667628856,0.95,0.8918538312348171,0.89,0.706766917293233,+70.68%,1.130656717986257,1.13,133,7,2016-01-01,2016-12-31,200,20,single,1d,ichimoku_cloud+ema_trend,dual_momentum,150,5,2.5,1,10,3.0
purged_cv_fold_07_train,2010-10-19 00:00:00,2026-07-17 00:00:00,2,200.3762954063606,+20037.63%,11.062753054688216,+1106.28%,189.3135423516724,+18931.35%,0.4558632234361777,+45.59%,-0.5563142623031205,-55.63%,0.941473353908719,0.94,0.8194347230087554,0.82,0.706766917293233,+70.68%,1.1200835551410737,1.12,133,7,2016-01-01,2016-12-31,200,20,single,1d,ichimoku_cloud+ema_trend,dual_momentum,150,5,3.0,1,10,3.0
purged_cv_fold_07_train,2010-10-19 00:00:00,2026-07-17 00:00:00,2,155.85405831724523,+15585.41%,11.062753054688216,+1106.28%,144.79130526255702,+14479.13%,0.4303358887423865,+43.03%,-0.5540713472520273,-55.41%,0.8521328221157591,0.85,0.7766795573831433,0.78,0.6830985915492958,+68.31%,1.1502170678831605,1.15,142,7,2016-01-01,2016-12-31,200,20,single,1d,ichimoku_cloud+ema_trend,dual_momentum,150,6,1.5,1,10,3.0
purged_cv_fold_07_train,2010-10-19 00:00:00,2026-07-17 00:00:00,2,161.72025420773133,+16172.03%,11.062753054688216,+1106.28%,150.6575011530431,+15065.75%,0.4340588696287808,+43.41%,-0.5520605183053361,-55.21%,0.8679800030552367,0.87,0.7862523314675975,0.79,0.6814814814814815,+68.15%,1.1866703538107117,1.19,135,7,2016-01-01,2016-12-31,200,20,single,1d,ichimoku_cloud+ema_trend,dual_momentum,150,6,2.0,1,10,3.0
purged_cv_fold_07_train,2010-10-19 00:00:00,2026-07-17 00:00:00,2,173.47164610244766,+17347.16%,11.062753054688216,+1106.28%,162.40889304775945,+16240.89%,0.4411559907204379,+44.12%,-0.5207647358161922,-52.08%,0.8765713436599297,0.88,0.8471310754731042,0.85,0.6946564885496184,+69.47%,1.1529286125975853,1.15,131,7,2016-01-01,2016-12-31,200,20,single,1d,ichimoku_cloud+ema_trend,dual_momentum,150,6,2.5,1,10,3.0
purged_cv_fold_07_train,2010-10-19 00:00:00,2026-07-17 00:00:00,2,164.33582387940405,+16433.58%,11.062753054688216,+1106.28%,153.27307082471583,+15327.31%,0.43567879219334316,+43.57%,-0.556101332175825,-55.61%,0.8695898880131137,0.87,0.7834521641742672,0.78,0.6946564885496184,+69.47%,1.1457002092820707,1.15,131,7,2016-01-01,2016-12-31,200,20,single,1d,ichimoku_cloud+ema_trend,dual_momentum,150,6,3.0,1,10,3.0
purged_cv_fold_08_train,2010-10-19 00:00:00,2026-07-17 00:00:00,2,345.15979717401603,+34515.98%,7.791871308419175,+779.19%,337.3679258655969,+33736.79%,0.5123000278450172,+51.23%,-0.4848039744212794,-48.48%,1.072603927355064,1.07,1.0567158168547615,1.06,0.6739130434782609,+67.39%,1.4538773517491057,1.45,138,8,2017-01-01,2017-12-31,200,20,single,1d,ichimoku_cloud+ema_trend,dual_momentum,150,4,1.5,1,10,3.0
purged_cv_fold_08_train,2010-10-19 00:00:00,2026-07-17 00:00:00,2,350.0138885422849,+35001.39%,7.791871308419175,+779.19%,342.22201723386576,+34222.20%,0.5137905689888644,+51.38%,-0.4848613330697009,-48.49%,1.0823832305653087,1.08,1.0596649679940653,1.06,0.6766917293233082,+67.67%,1.4654048632967065,1.47,133,8,2017-01-01,2017-12-31,200,20,single,1d,ichimoku_cloud+ema_trend,dual_momentum,150,4,2.0,1,10,3.0
purged_cv_fold_08_train,2010-10-19 00:00:00,2026-07-17 00:00:00,2,303.39418621329065,+30339.42%,7.791871308419175,+779.19%,295.6023149048715,+29560.23%,0.49860649165881354,+49.86%,-0.4848814978543109,-48.49%,1.0827225146506496,1.08,1.0283058723940555,1.03,0.6821705426356589,+68.22%,1.4789329637264552,1.48,129,8,2017-01-01,2017-12-31,200,20,single,1d,ichimoku_cloud+ema_trend,dual_momentum,150,4,2.5,1,10,3.0
purged_cv_fold_08_train,2010-10-19 00:00:00,2026-07-17 00:00:00,2,268.9473452293482,+26894.73%,7.791871308419175,+779.19%,261.155473920929,+26115.55%,0.48592813858479955,+48.59%,-0.48481999653846686,-48.48%,1.0695249140734697,1.07,1.0022856772704192,1.00,0.689922480620155,+68.99%,1.4240274237714678,1.42,129,8,2017-01-01,2017-12-31,200,20,single,1d,ichimoku_cloud+ema_trend,dual_momentum,150,4,3.0,1,10,3.0
purged_cv_fold_08_train,2010-10-19 00:00:00,2026-07-17 00:00:00,2,311.4284379333591,+31142.84%,7.791871308419175,+779.19%,303.6365666249399,+30363.66%,0.5013709857929463,+50.14%,-0.47135545717966965,-47.14%,1.0433780338833556,1.04,1.0636791791758877,1.06,0.6911764705882353,+69.12%,1.2706686450763172,1.27,136,8,2017-01-01,2017-12-31,200,20,single,1d,ichimoku_cloud+ema_trend,dual_momentum,150,5,1.5,1,10,3.0
purged_cv_fold_08_train,2010-10-19 00:00:00,2026-07-17 00:00:00,2,364.1147428876693,+36411.47%,7.791871308419175,+779.19%,356.32287157925015,+35632.29%,0.5180143325075881,+51.80%,-0.4696794268731651,-46.97%,1.085609621633282,1.09,1.102910416911822,1.10,0.7,+70.00%,1.2848884942985408,1.28,130,8,2017-01-01,2017-12-31,200,20,single,1d,ichimoku_cloud+ema_trend,dual_momentum,150,5,2.0,1,10,3.0
purged_cv_fold_08_train,2010-10-19 00:00:00,2026-07-17 00:00:00,2,366.1480424177989,+36614.80%,7.791871308419175,+779.19%,358.3561711093797,+35835.62%,0.5186108384780048,+51.86%,-0.4406434854009268,-44.06%,1.1024345179904385,1.10,1.1769397611907009,1.18,0.7063492063492064,+70.63%,1.297016744270515,1.30,126,8,2017-01-01,2017-12-31,200,20,single,1d,ichimoku_cloud+ema_trend,dual_momentum,150,5,2.5,1,10,3.0
purged_cv_fold_08_train,2010-10-19 00:00:00,2026-07-17 00:00:00,2,315.2357780846443,+31523.58%,7.791871308419175,+779.19%,307.44390677622516,+30744.39%,0.5026580506939946,+50.27%,-0.4710570759677277,-47.11%,1.0854009496959345,1.09,1.0670852351837548,1.07,0.7063492063492064,+70.63%,1.269437265800089,1.27,126,8,2017-01-01,2017-12-31,200,20,single,1d,ichimoku_cloud+ema_trend,dual_momentum,150,5,3.0,1,10,3.0
purged_cv_fold_08_train,2010-10-19 00:00:00,2026-07-17 00:00:00,2,260.0325408427958,+26003.25%,7.791871308419175,+779.19%,252.24066953437665,+25224.07%,0.48240220046638593,+48.24%,-0.5012723787008967,-50.13%,1.0122932613812656,1.01,0.962355439804174,0.96,0.6842105263157895,+68.42%,1.2980495675177353,1.30,133,8,2017-01-01,2017-12-31,200,20,single,1d,ichimoku_cloud+ema_trend,dual_momentum,150,6,1.5,1,10,3.0
purged_cv_fold_08_train,2010-10-19 00:00:00,2026-07-17 00:00:00,2,253.34374483718892,+25334.37%,7.791871308419175,+779.19%,245.55187352876976,+24555.19%,0.4796824231638044,+47.97%,-0.5013820353352165,-50.14%,1.0067139222405324,1.01,0.9567204035204331,0.96,0.6875,+68.75%,1.2791043001818738,1.28,128,8,2017-01-01,2017-12-31,200,20,single,1d,ichimoku_cloud+ema_trend,dual_momentum,150,6,2.0,1,10,3.0
purged_cv_fold_08_train,2010-10-19 00:00:00,2026-07-17 00:00:00,2,274.32218607446345,+27432.22%,7.791871308419175,+779.19%,266.5303147660443,+26653.03%,0.4880020358613659,+48.80%,-0.5012532277071076,-50.13%,1.0210099441971332,1.02,0.9735638772714605,0.97,0.7016129032258065,+70.16%,1.2432670433489965,1.24,124,8,2017-01-01,2017-12-31,200,20,single,1d,ichimoku_cloud+ema_trend,dual_momentum,150,6,2.5,1,10,3.0
purged_cv_fold_08_train,2010-10-19 00:00:00,2026-07-17 00:00:00,2,240.95108553086686,+24095.11%,7.791871308419175,+779.19%,233.1592142224477,+23315.92%,0.4744628553574013,+47.45%,-0.5014312847992713,-50.14%,1.006266572281616,1.01,0.9462170984152578,0.95,0.7016129032258065,+70.16%,1.2211805104065652,1.22,124,8,2017-01-01,2017-12-31,200,20,single,1d,ichimoku_cloud+ema_trend,dual_momentum,150,6,3.0,1,10,3.0
purged_cv_fold_09_train,2010-10-19 00:00:00,2026-07-17 00:00:00,2,1702.777440390793,+170277.74%,10.80739235885061,+1080.74%,1691.9700480319423,+169197.00%,0.6927868454715358,+69.28%,-0.4848646041828357,-48.49%,1.3455514151198176,1.35,1.428825365875327,1.43,0.6906474820143885,+69.06%,1.8272336639940787,1.83,139,9,2018-01-01,2018-12-31,200,20,single,1d,ichimoku_cloud+ema_trend,dual_momentum,150,4,1.5,1,10,3.0
purged_cv_fold_09_train,2010-10-19 00:00:00,2026-07-17 00:00:00,2,1705.5274027806227,+170552.74%,10.80739235885061,+1080.74%,1694.720010421772,+169472.00%,0.6929799883911401,+69.30%,-0.48483449951316393,-48.48%,1.3483348652836638,1.35,1.4293124542229996,1.43,0.6893939393939394,+68.94%,1.8799703700235462,1.88,132,9,2018-01-01,2018-12-31,200,20,single,1d,ichimoku_cloud+ema_trend,dual_momentum,150,4,2.0,1,10,3.0
purged_cv_fold_09_train,2010-10-19 00:00:00,2026-07-17 00:00:00,2,1383.083094494801,+138308.31%,10.80739235885061,+1080.74%,1372.2757021359503,+137227.57%,0.6680827922599013,+66.81%,-0.48482255075457714,-48.48%,1.3418702088652947,1.34,1.3779944666767217,1.38,0.6976744186046512,+69.77%,1.8736177280951436,1.87,129,9,2018-01-01,2018-12-31,200,20,single,1d,ichimoku_cloud+ema_trend,dual_momentum,150,4,2.5,1,10,3.0
purged_cv_fold_09_train,2010-10-19 00:00:00,2026-07-17 00:00:00,2,1418.5048629527755,+141850.49%,10.80739235885061,+1080.74%,1407.697470593925,+140769.75%,0.6710675089635729,+67.11%,-0.4848327209471234,-48.48%,1.353274461309887,1.35,1.3841217392519194,1.38,0.7054263565891473,+70.54%,1.8807467707567325,1.88,129,9,2018-01-01,2018-12-31,200,20,single,1d,ichimoku_cloud+ema_trend,dual_momentum,150,4,3.0,1,10,3.0
purged_cv_fold_09_train,2010-10-19 00:00:00,2026-07-17 00:00:00,2,1688.8864344937062,+168888.64%,10.80739235885061,+1080.74%,1678.0790421348556,+167807.90%,0.6918067645994352,+69.18%,-0.4407099989000308,-44.07%,1.3312513012116867,1.33,1.5697550913891618,1.57,0.708029197080292,+70.80%,1.6565231032207854,1.66,137,9,2018-01-01,2018-12-31,200,20,single,1d,ichimoku_cloud+ema_trend,dual_momentum,150,5,1.5,1,10,3.0
purged_cv_fold_09_train,2010-10-19 00:00:00,2026-07-17 00:00:00,2,1955.3258586686504,+195532.59%,10.80739235885061,+1080.74%,1944.5184663097998,+194451.85%,0.7094204887853905,+70.94%,-0.4406630289806128,-44.07%,1.3615417179995282,1.36,1.6098933700576044,1.61,0.7131782945736435,+71.32%,1.70015421622525,1.70,129,9,2018-01-01,2018-12-31,200,20,single,1d,ichimoku_cloud+ema_trend,dual_momentum,150,5,2.0,1,10,3.0
purged_cv_fold_09_train,2010-10-19 00:00:00,2026-07-17 00:00:00,2,1789.7331126135946,+178973.31%,10.80739235885061,+1080.74%,1778.925720254744,+177892.57%,0.6987583873956866,+69.88%,-0.4406229966965026,-44.06%,1.368953964679755,1.37,1.585841848098059,1.59,0.7222222222222222,+72.22%,1.6873276790334857,1.69,126,9,2018-01-01,2018-12-31,200,20,single,1d,ichimoku_cloud+ema_trend,dual_momentum,150,5,2.5,1,10,3.0
purged_cv_fold_09_train,2010-10-19 00:00:00,2026-07-17 00:00:00,2,1833.0671714759408,+183306.72%,10.80739235885061,+1080.74%,1822.2597791170901,+182225.98%,0.701634348793142,+70.16%,-0.44068253754162845,-44.07%,1.380375346715626,1.38,1.592153736581548,1.59,0.7222222222222222,+72.22%,1.7267699599435546,1.73,126,9,2018-01-01,2018-12-31,200,20,single,1d,ichimoku_cloud+ema_trend,dual_momentum,150,5,3.0,1,10,3.0
purged_cv_fold_09_train,2010-10-19 00:00:00,2026-07-17 00:00:00,2,1355.4786773736578,+135547.87%,10.80739235885061,+1080.74%,1344.6712850148072,+134467.13%,0.6657071560700474,+66.57%,-0.5013723387120993,-50.14%,1.2877416589372928,1.29,1.3277700117642774,1.33,0.6940298507462687,+69.40%,1.748508545772896,1.75,134,9,2018-01-01,2018-12-31,200,20,single,1d,ichimoku_cloud+ema_trend,dual_momentum,150,6,1.5,1,10,3.0
purged_cv_fold_09_train,2010-10-19 00:00:00,2026-07-17 00:00:00,2,1283.8671280467383,+128386.71%,10.80739235885061,+1080.74%,1273.0597356878877,+127305.97%,0.6593282223842452,+65.93%,-0.5013573928332606,-50.14%,1.2783637121207105,1.28,1.315086267419461,1.32,0.6929133858267716,+69.29%,1.7596125065535113,1.76,127,9,2018-01-01,2018-12-31,200,20,single,1d,ichimoku_cloud+ema_trend,dual_momentum,150,6,2.0,1,10,3.0
purged_cv_fold_09_train,2010-10-19 00:00:00,2026-07-17 00:00:00,2,1289.8296173070978,+128982.96%,10.80739235885061,+1080.74%,1279.0222249482472,+127902.22%,0.6598717920037964,+65.99%,-0.5012930862158917,-50.13%,1.2903553707858628,1.29,1.316339303589776,1.32,0.7096774193548387,+70.97%,1.6908005786229579,1.69,124,9,2018-01-01,2018-12-31,200,20,single,1d,ichimoku_cloud+ema_trend,dual_momentum,150,6,2.5,1,10,3.0
purged_cv_fold_09_train,2010-10-19 00:00:00,2026-07-17 00:00:00,2,1319.363829386073,+131936.38%,10.80739235885061,+1080.74%,1308.5564370272223,+130855.64%,0.6625303434381056,+66.25%,-0.5013332474952055,-50.13%,1.3010924174695964,1.30,1.3215368155778293,1.32,0.7096774193548387,+70.97%,1.7293760152193043,1.73,124,9,2018-01-01,2018-12-31,200,20,single,1d,ichimoku_cloud+ema_trend,dual_momentum,150,6,3.0,1,10,3.0
purged_cv_fold_10_train,2010-10-19 00:00:00,2026-07-17 00:00:00,2,612.2205486123682,+61222.05%,9.88302120182603,+988.30%,602.3375274105422,+60233.75%,0.574592869041574,+57.46%,-0.4848059875969989,-48.48%,1.2034560604825821,1.20,1.185201676013976,1.19,0.6788321167883211,+67.88%,1.5432863349489967,1.54,137,10,2019-01-01,2019-12-31,200,20,single,1d,ichimoku_cloud+ema_trend,dual_momentum,150,4,1.5,1,10,3.0
purged_cv_fold_10_train,2010-10-19 00:00:00,2026-07-17 00:00:00,2,640.013491063325,+64001.35%,9.88302120182603,+988.30%,630.1304698614989,+63013.05%,0.579537231301023,+57.95%,-0.48475813299296433,-48.48%,1.209885230797775,1.21,1.195518325237535,1.20,0.6717557251908397,+67.18%,1.6079556965789097,1.61,131,10,2019-01-01,2019-12-31,200,20,single,1d,ichimoku_cloud+ema_trend,dual_momentum,150,4,2.0,1,10,3.0
purged_cv_fold_10_train,2010-10-19 00:00:00,2026-07-17 00:00:00,2,485.25976640387927,+48525.98%,9.88302120182603,+988.30%,475.37674520205326,+47537.67%,0.548967633962848,+54.90%,-0.48483275372804935,-48.48%,1.1881409120336235,1.19,1.132282482447077,1.13,0.6771653543307087,+67.72%,1.5885207696177566,1.59,127,10,2019-01-01,2019-12-31,200,20,single,1d,ichimoku_cloud+ema_trend,dual_momentum,150,4,2.5,1,10,3.0
purged_cv_fold_10_train,2010-10-19 00:00:00,2026-07-17 00:00:00,2,530.2090906586847,+53020.91%,9.88302120182603,+988.30%,520.3260694568586,+52032.61%,0.5586843557290748,+55.87%,-0.4846510861152139,-48.47%,1.2053155630432308,1.21,1.1527558107984128,1.15,0.6850393700787402,+68.50%,1.5745367852873375,1.57,127,10,2019-01-01,2019-12-31,200,20,single,1d,ichimoku_cloud+ema_trend,dual_momentum,150,4,3.0,1,10,3.0
purged_cv_fold_10_train,2010-10-19 00:00:00,2026-07-17 00:00:00,2,651.0645165929985,+65106.45%,9.88302120182603,+988.30%,641.1814953911725,+64118.15%,0.58144802957166,+58.14%,-0.4406821366856267,-44.07%,1.2029166153671296,1.20,1.3194272723299711,1.32,0.6985294117647058,+69.85%,1.4326887393319132,1.43,136,10,2019-01-01,2019-12-31,200,20,single,1d,ichimoku_cloud+ema_trend,dual_momentum,150,5,1.5,1,10,3.0
purged_cv_fold_10_train,2010-10-19 00:00:00,2026-07-17 00:00:00,2,784.8961396283642,+78489.61%,9.88302120182603,+988.30%,775.0131184265381,+77501.31%,0.6024678844136786,+60.25%,-0.44060275450220376,-44.06%,1.2342711919472333,1.23,1.3673720335551494,1.37,0.6976744186046512,+69.77%,1.488839181339051,1.49,129,10,2019-01-01,2019-12-31,200,20,single,1d,ichimoku_cloud+ema_trend,dual_momentum,150,5,2.0,1,10,3.0
purged_cv_fold_10_train,2010-10-19 00:00:00,2026-07-17 00:00:00,2,670.2984838242618,+67029.85%,9.88302120182603,+988.30%,660.4154626224357,+66041.55%,0.5847030666606208,+58.47%,-0.4405456959684252,-44.05%,1.2285975404565785,1.23,1.32722455811378,1.33,0.704,+70.40%,1.4739855354734543,1.47,125,10,2019-01-01,2019-12-31,200,20,single,1d,ichimoku_cloud+ema_trend,dual_momentum,150,5,2.5,1,10,3.0
purged_cv_fold_10_train,2010-10-19 00:00:00,2026-07-17 00:00:00,2,731.677682437814,+73167.77%,9.88302120182603,+988.30%,721.794661235988,+72179.47%,0.5945401136662016,+59.45%,-0.4404679357999667,-44.05%,1.2456482638493558,1.25,1.3497920401093737,1.35,0.704,+70.40%,1.5022696606132921,1.50,125,10,2019-01-01,2019-12-31,200,20,single,1d,ichimoku_cloud+ema_trend,dual_momentum,150,5,3.0,1,10,3.0
purged_cv_fold_10_train,2010-10-19 00:00:00,2026-07-17 00:00:00,2,514.942337007813,+51494.23%,9.88302120182603,+988.30%,505.05931580598696,+50505.93%,0.5554728230333925,+55.55%,-0.5011520731422283,-50.12%,1.1603576042583146,1.16,1.1083917493358304,1.11,0.6842105263157895,+68.42%,1.4818477525973934,1.48,133,10,2019-01-01,2019-12-31,200,20,single,1d,ichimoku_cloud+ema_trend,dual_momentum,150,6,1.5,1,10,3.0
purged_cv_fold_10_train,2010-10-19 00:00:00,2026-07-17 00:00:00,2,504.0486668153166,+50404.87%,9.88302120182603,+988.30%,494.1656456134906,+49416.56%,0.5531267718478552,+55.31%,-0.5011714296098682,-50.12%,1.1545449645173242,1.15,1.1036678054022975,1.10,0.6771653543307087,+67.72%,1.5160034115385435,1.52,127,10,2019-01-01,2019-12-31,200,20,single,1d,ichimoku_cloud+ema_trend,dual_momentum,150,6,2.0,1,10,3.0
purged_cv_fold_10_train,2010-10-19 00:00:00,2026-07-17 00:00:00,2,469.8429101151152,+46984.29%,9.88302120182603,+988.30%,459.9598889132892,+45995.99%,0.5454418439416064,+54.54%,-0.5012434349377295,-50.12%,1.1566385386347795,1.16,1.0881775319598306,1.09,0.6910569105691057,+69.11%,1.4519660611211846,1.45,123,10,2019-01-01,2019-12-31,200,20,single,1d,ichimoku_cloud+ema_trend,dual_momentum,150,6,2.5,1,10,3.0
purged_cv_fold_10_train,2010-10-19 00:00:00,2026-07-17 00:00:00,2,513.3688700604062,+51336.89%,9.88302120182603,+988.30%,503.48584885858014,+50348.58%,0.5551368232154834,+55.51%,-0.5013302415226037,-50.13%,1.1732792062098631,1.17,1.1073276200722746,1.11,0.6910569105691057,+69.11%,1.4798981904429613,1.48,123,10,2019-01-01,2019-12-31,200,20,single,1d,ichimoku_cloud+ema_trend,dual_momentum,150,6,3.0,1,10,3.0
purged_cv_fold_11_train,2010-10-19 00:00:00,2026-07-17 00:00:00,2,84.73928339045591,+8473.93%,6.656941200443814,+665.69%,78.0823421900121,+7808.23%,0.3701256569319482,+37.01%,-0.5250586359835019,-52.51%,0.9731486688876507,0.97,0.7049225202032066,0.70,0.6564885496183206,+65.65%,1.3719619002557195,1.37,131,11,2020-01-01,2020-12-31,200,20,single,1d,ichimoku_cloud+ema_trend,dual_momentum,150,4,1.5,1,10,3.0
purged_cv_fold_11_train,2010-10-19 00:00:00,2026-07-17 00:00:00,2,87.48605182516096,+8748.61%,6.656941200443814,+665.69%,80.82911062471715,+8082.91%,0.3731855744921504,+37.32%,-0.5237434992081096,-52.37%,0.9784079894985903,0.98,0.7125350005420593,0.71,0.6532258064516129,+65.32%,1.400958329356682,1.40,124,11,2020-01-01,2020-12-31,200,20,single,1d,ichimoku_cloud+ema_trend,dual_momentum,150,4,2.0,1,10,3.0
purged_cv_fold_11_train,2010-10-19 00:00:00,2026-07-17 00:00:00,2,73.36857544895088,+7336.86%,6.656941200443814,+665.69%,66.71163424850707,+6671.16%,0.35640416632870586,+35.64%,-0.4966644564039341,-49.67%,0.9593251019505289,0.96,0.717595474637397,0.72,0.6583333333333333,+65.83%,1.3893410304191967,1.39,120,11,2020-01-01,2020-12-31,200,20,single,1d,ichimoku_cloud+ema_trend,dual_momentum,150,4,2.5,1,10,3.0
purged_cv_fold_11_train,2010-10-19 00:00:00,2026-07-17 00:00:00,2,71.9820892193982,+7198.21%,6.656941200443814,+665.69%,65.3251480189544,+6532.51%,0.35459951036535653,+35.46%,-0.52404735097034,-52.40%,0.9569262300390534,0.96,0.6766554772364952,0.68,0.6666666666666666,+66.67%,1.3299443878195363,1.33,120,11,2020-01-01,2020-12-31,200,20,single,1d,ichimoku_cloud+ema_trend,dual_momentum,150,4,3.0,1,10,3.0
purged_cv_fold_11_train,2010-10-19 00:00:00,2026-07-17 00:00:00,2,73.66497340934995,+7366.50%,6.656941200443814,+665.69%,67.00803220890614,+6700.80%,0.35678589963614393,+35.68%,-0.5600318578131119,-56.00%,0.9431242849018828,0.94,0.6370814350265175,0.64,0.6742424242424242,+67.42%,1.240164995247568,1.24,132,11,2020-01-01,2020-12-31,200,20,single,1d,ichimoku_cloud+ema_trend,dual_momentum,150,5,1.5,1,10,3.0
purged_cv_fold_11_train,2010-10-19 00:00:00,2026-07-17 00:00:00,2,86.13384149128792,+8613.38%,6.656941200443814,+665.69%,79.47690029084411,+7947.69%,0.3716904067878195,+37.17%,-0.5586962091162317,-55.87%,0.9676389146752904,0.97,0.6652817769710204,0.67,0.6774193548387096,+67.74%,1.2645852582919477,1.26,124,11,2020-01-01,2020-12-31,200,20,single,1d,ichimoku_cloud+ema_trend,dual_momentum,150,5,2.0,1,10,3.0
purged_cv_fold_11_train,2010-10-19 00:00:00,2026-07-17 00:00:00,2,83.88102848024903,+8388.10%,6.656941200443814,+665.69%,77.22408727980522,+7722.41%,0.36915086217562476,+36.92%,-0.5202062357369605,-52.02%,0.9744398845260951,0.97,0.709624062181146,0.71,0.6833333333333333,+68.33%,1.2669121332850968,1.27,120,11,2020-01-01,2020-12-31,200,20,single,1d,ichimoku_cloud+ema_trend,dual_momentum,150,5,2.5,1,10,3.0
purged_cv_fold_11_train,2010-10-19 00:00:00,2026-07-17 00:00:00,2,79.48793029307049,+7948.79%,6.656941200443814,+665.69%,72.83098909262668,+7283.10%,0.3640131190138316,+36.40%,-0.5590194350649826,-55.90%,0.9660324312055986,0.97,0.6511636200475164,0.65,0.6833333333333333,+68.33%,1.2547141385195473,1.25,120,11,2020-01-01,2020-12-31,200,20,single,1d,ichimoku_cloud+ema_trend,dual_momentum,150,5,3.0,1,10,3.0
purged_cv_fold_11_train,2010-10-19 00:00:00,2026-07-17 00:00:00,2,69.32319327401905,+6932.32%,6.656941200443814,+665.69%,62.66625207357524,+6266.63%,0.3510477144286748,+35.10%,-0.5588701467345085,-55.89%,0.9285177820832204,0.93,0.6281382472831208,0.63,0.6615384615384615,+66.15%,1.3070481982180007,1.31,130,11,2020-01-01,2020-12-31,200,20,single,1d,ichimoku_cloud+ema_trend,dual_momentum,150,6,1.5,1,10,3.0
purged_cv_fold_11_train,2010-10-19 00:00:00,2026-07-17 00:00:00,2,68.49370359517357,+6849.37%,6.656941200443814,+665.69%,61.83676239472976,+6183.68%,0.3499141063240818,+34.99%,-0.5575219025816154,-55.75%,0.9259109472911446,0.93,0.6276239636573884,0.63,0.6585365853658537,+65.85%,1.3204008507818643,1.32,123,11,2020-01-01,2020-12-31,200,20,single,1d,ichimoku_cloud+ema_trend,dual_momentum,150,6,2.0,1,10,3.0
purged_cv_fold_11_train,2010-10-19 00:00:00,2026-07-17 00:00:00,2,71.59917295468779,+7159.92%,6.656941200443814,+665.69%,64.94223175424398,+6494.22%,0.354095490637234,+35.41%,-0.5270460221274755,-52.70%,0.945703553837215,0.95,0.6718492802732693,0.67,0.6722689075630253,+67.23%,1.2765277662535346,1.28,119,11,2020-01-01,2020-12-31,200,20,single,1d,ichimoku_cloud+ema_trend,dual_momentum,150,6,2.5,1,10,3.0
purged_cv_fold_11_train,2010-10-19 00:00:00,2026-07-17 00:00:00,2,69.26039413725854,+6926.04%,6.656941200443814,+665.69%,62.60345293681473,+6260.35%,0.3509623269599156,+35.10%,-0.5575942938572984,-55.76%,0.9404416310142254,0.94,0.629422379006151,0.63,0.6722689075630253,+67.23%,1.2689865640266387,1.27,119,11,2020-01-01,2020-12-31,200,20,single,1d,ichimoku_cloud+ema_trend,dual_momentum,150,6,3.0,1,10,3.0
purged_cv_fold_12_train,2010-10-19 00:00:00,2026-07-17 00:00:00,2,209.2157505322304,+20921.58%,8.1767188302996,+817.67%,201.0390317019308,+20103.90%,0.4599765823742301,+46.00%,-0.5250586359835019,-52.51%,1.1469175245472587,1.15,0.8760480274981769,0.88,0.6716417910447762,+67.16%,1.4302276157336462,1.43,134,12,2021-01-01,2021-12-31,200,20,single,1d,ichimoku_cloud+ema_trend,dual_momentum,150,4,1.5,1,10,3.0
purged_cv_fold_12_train,2010-10-19 00:00:00,2026-07-17 00:00:00,2,216.7586658994149,+21675.87%,8.1767188302996,+817.67%,208.5819470691153,+20858.19%,0.4636229149595146,+46.36%,-0.5237434992081096,-52.37%,1.152832501113006,1.15,0.8852098702141483,0.89,0.6692913385826772,+66.93%,1.447056222750372,1.45,127,12,2021-01-01,2021-12-31,200,20,single,1d,ichimoku_cloud+ema_trend,dual_momentum,150,4,2.0,1,10,3.0
purged_cv_fold_12_train,2010-10-19 00:00:00,2026-07-17 00:00:00,2,185.34645047826243,+18534.65%,8.1767188302996,+817.67%,177.16973164796283,+17716.97%,0.4475785941639927,+44.76%,-0.4966644564039341,-49.67%,1.128603786620362,1.13,0.9011689650688026,0.90,0.6747967479674797,+67.48%,1.4251614242596444,1.43,123,12,2021-01-01,2021-12-31,200,20,single,1d,ichimoku_cloud+ema_trend,dual_momentum,150,4,2.5,1,10,3.0
purged_cv_fold_12_train,2010-10-19 00:00:00,2026-07-17 00:00:00,2,180.78147013943823,+18078.15%,8.1767188302996,+817.67%,172.60475130913863,+17260.48%,0.4450403946193544,+44.50%,-0.52404735097034,-52.40%,1.127651733658431,1.13,0.8492369893585107,0.85,0.6829268292682927,+68.29%,1.3453046905977226,1.35,123,12,2021-01-01,2021-12-31,200,20,single,1d,ichimoku_cloud+ema_trend,dual_momentum,150,4,3.0,1,10,3.0
purged_cv_fold_12_train,2010-10-19 00:00:00,2026-07-17 00:00:00,2,211.43294576437808,+21143.29%,8.1767188302996,+817.67%,203.25622693407848,+20325.62%,0.46106085305302713,+46.11%,-0.5600318578131119,-56.00%,1.1401178274298513,1.14,0.8232761165649395,0.82,0.6865671641791045,+68.66%,1.3801801398832765,1.38,134,12,2021-01-01,2021-12-31,200,20,single,1d,ichimoku_cloud+ema_trend,dual_momentum,150,5,1.5,1,10,3.0
purged_cv_fold_12_train,2010-10-19 00:00:00,2026-07-17 00:00:00,2,245.69631475984488,+24569.63%,8.1767188302996,+817.67%,237.5195959295453,+23751.96%,0.4766016518121814,+47.66%,-0.5586962091162317,-55.87%,1.1609588635569486,1.16,0.8530604719263966,0.85,0.6904761904761905,+69.05%,1.3954624250190082,1.40,126,12,2021-01-01,2021-12-31,200,20,single,1d,ichimoku_cloud+ema_trend,dual_momentum,150,5,2.0,1,10,3.0
purged_cv_fold_12_train,2010-10-19 00:00:00,2026-07-17 00:00:00,2,245.55477894283663,+24555.48%,8.1767188302996,+817.67%,237.37806011253704,+23737.81%,0.47654169271795777,+47.65%,-0.5202062357369605,-52.02%,1.1684474727245981,1.17,0.9160630149749273,0.92,0.6967213114754098,+69.67%,1.394733754440765,1.39,122,12,2021-01-01,2021-12-31,200,20,single,1d,ichimoku_cloud+ema_trend,dual_momentum,150,5,2.5,1,10,3.0
purged_cv_fold_12_train,2010-10-19 00:00:00,2026-07-17 00:00:00,2,230.4058129540033,+23040.58%,8.1767188302996,+817.67%,222.2290941237037,+22222.91%,0.4699315568094904,+46.99%,-0.5590194350649826,-55.90%,1.1612038866390637,1.16,0.8406354543914268,0.84,0.6967213114754098,+69.67%,1.3827447810867912,1.38,122,12,2021-01-01,2021-12-31,200,20,single,1d,ichimoku_cloud+ema_trend,dual_momentum,150,5,3.0,1,10,3.0
purged_cv_fold_12_train,2010-10-19 00:00:00,2026-07-17 00:00:00,2,165.6688374834236,+16566.88%,8.1767188302996,+817.67%,157.492118653124,+15749.21%,0.43619288412567103,+43.62%,-0.5588701467345085,-55.89%,1.0899582955201124,1.09,0.7804905784901133,0.78,0.6717557251908397,+67.18%,1.3908914941834905,1.39,131,12,2021-01-01,2021-12-31,200,20,single,1d,ichimoku_cloud+ema_trend,dual_momentum,150,6,1.5,1,10,3.0
purged_cv_fold_12_train,2010-10-19 00:00:00,2026-07-17 00:00:00,2,163.3594034662983,+16335.94%,8.1767188302996,+817.67%,155.1826846359987,+15518.27%,0.43477562854105667,+43.48%,-0.5575219025816154,-55.75%,1.0885899862476565,1.09,0.7798359607538649,0.78,0.6693548387096774,+66.94%,1.3928880766139522,1.39,124,12,2021-01-01,2021-12-31,200,20,single,1d,ichimoku_cloud+ema_trend,dual_momentum,150,6,2.0,1,10,3.0
purged_cv_fold_12_train,2010-10-19 00:00:00,2026-07-17 00:00:00,2,174.721616216807,+17472.16%,8.1767188302996,+817.67%,166.54489738650742,+16654.49%,0.441577930041571,+44.16%,-0.5270460221274755,-52.70%,1.1149876694007004,1.11,0.8378356187171211,0.84,0.6833333333333333,+68.33%,1.3352045345412575,1.34,120,12,2021-01-01,2021-12-31,200,20,single,1d,ichimoku_cloud+ema_trend,dual_momentum,150,6,2.5,1,10,3.0
purged_cv_fold_12_train,2010-10-19 00:00:00,2026-07-17 00:00:00,2,167.4712166693395,+16747.12%,8.1767188302996,+817.67%,159.2944978390399,+15929.45%,0.43728634760110907,+43.73%,-0.5575942938572984,-55.76%,1.1113261072157974,1.11,0.7842374866788379,0.78,0.6833333333333333,+68.33%,1.3264501951557797,1.33,120,12,2021-01-01,2021-12-31,200,20,single,1d,ichimoku_cloud+ema_trend,dual_momentum,150,6,3.0,1,10,3.0
purged_cv_fold_13_train,2010-10-19 00:00:00,2026-07-17 00:00:00,2,385.74591856639216,+38574.59%,15.312497160371034,+1531.25%,370.4334214060211,+37043.34%,0.5243323586696558,+52.43%,-0.5250586359835019,-52.51%,1.1687149227469464,1.17,0.9986167691300121,1.00,0.6595744680851063,+65.96%,1.499308103607009,1.50,141,13,2022-01-01,2022-12-31,200,20,single,1d,ichimoku_cloud+ema_trend,dual_momentum,150,4,1.5,1,10,3.0
purged_cv_fold_13_train,2010-10-19 00:00:00,2026-07-17 00:00:00,2,394.5443069231252,+39454.43%,15.312497160371034,+1531.25%,379.23180976275415,+37923.18%,0.5267605399151718,+52.68%,-0.5237434992081096,-52.37%,1.1776277945708986,1.18,1.0057605310836772,1.01,0.6567164179104478,+65.67%,1.5266946170505742,1.53,134,13,2022-01-01,2022-12-31,200,20,single,1d,ichimoku_cloud+ema_trend,dual_momentum,150,4,2.0,1,10,3.0
purged_cv_fold_13_train,2010-10-19 00:00:00,2026-07-17 00:00:00,2,328.553461408261,+32855.35%,15.312497160371034,+1531.25%,313.24096424788996,+31324.10%,0.5071692866298538,+50.72%,-0.4966644564039341,-49.67%,1.1269318382174025,1.13,1.0211507590093707,1.02,0.6615384615384615,+66.15%,1.478887862715693,1.48,130,13,2022-01-01,2022-12-31,200,20,single,1d,ichimoku_cloud+ema_trend,dual_momentum,150,4,2.5,1,10,3.0
purged_cv_fold_13_train,2010-10-19 00:00:00,2026-07-17 00:00:00,2,323.9728772148115,+32397.29%,15.312497160371034,+1531.25%,308.66038005444045,+30866.04%,0.5056773511327302,+50.57%,-0.52404735097034,-52.40%,1.1299456674406267,1.13,0.964945916044427,0.96,0.6692307692307692,+66.92%,1.4001462280704593,1.40,130,13,2022-01-01,2022-12-31,200,20,single,1d,ichimoku_cloud+ema_trend,dual_momentum,150,4,3.0,1,10,3.0
purged_cv_fold_13_train,2010-10-19 00:00:00,2026-07-17 00:00:00,2,391.44766269400674,+39144.77%,15.312497160371034,+1531.25%,376.1351655336357,+37613.52%,0.5259117032166749,+52.59%,-0.5600318578131119,-56.00%,1.1710026955773842,1.17,0.939074618487466,0.94,0.6762589928057554,+67.63%,1.4352305021440945,1.44,139,13,2022-01-01,2022-12-31,200,20,single,1d,ichimoku_cloud+ema_trend,dual_momentum,150,5,1.5,1,10,3.0
purged_cv_fold_13_train,2010-10-19 00:00:00,2026-07-17 00:00:00,2,464.9162732075565,+46491.63%,15.312497160371034,+1531.25%,449.6037760471855,+44960.38%,0.5445525316549538,+54.46%,-0.5586962091162317,-55.87%,1.1972345152060015,1.20,0.9746844935933053,0.97,0.6793893129770993,+67.94%,1.4626434331351668,1.46,131,13,2022-01-01,2022-12-31,200,20,single,1d,ichimoku_cloud+ema_trend,dual_momentum,150,5,2.0,1,10,3.0
purged_cv_fold_13_train,2010-10-19 00:00:00,2026-07-17 00:00:00,2,450.6695419225196,+45066.95%,15.312497160371034,+1531.25%,435.3570447621486,+43535.70%,0.5411622851349844,+54.12%,-0.5202062357369605,-52.02%,1.1832706900566206,1.18,1.0402841180254907,1.04,0.6850393700787402,+68.50%,1.4386089104214472,1.44,127,13,2022-01-01,2022-12-31,200,20,single,1d,ichimoku_cloud+ema_trend,dual_momentum,150,5,2.5,1,10,3.0
purged_cv_fold_13_train,2010-10-19 00:00:00,2026-07-17 00:00:00,2,429.53780863458,+42953.78%,15.312497160371034,+1531.25%,414.225311474209,+41422.53%,0.5359459904758817,+53.59%,-0.5590194350649826,-55.90%,1.1808039841747386,1.18,0.9587251477465737,0.96,0.6850393700787402,+68.50%,1.430080454003689,1.43,127,13,2022-01-01,2022-12-31,200,20,single,1d,ichimoku_cloud+ema_trend,dual_momentum,150,5,3.0,1,10,3.0
purged_cv_fold_13_train,2010-10-19 00:00:00,2026-07-17 00:00:00,2,273.148393279071,+27314.84%,15.312497160371034,+1531.25%,257.83589611869996,+25783.59%,0.487666803179172,+48.77%,-0.5588701467345085,-55.89%,1.0977603471947532,1.10,0.87259411873871,0.87,0.6617647058823529,+66.18%,1.4192318628215612,1.42,136,13,2022-01-01,2022-12-31,200,20,single,1d,ichimoku_cloud+ema_trend,dual_momentum,150,6,1.5,1,10,3.0
purged_cv_fold_13_train,2010-10-19 00:00:00,2026-07-17 00:00:00,2,266.1004139929943,+26610.04%,15.312497160371034,+1531.25%,250.78791683262324,+25078.79%,0.48492775295881785,+48.49%,-0.5575219025816154,-55.75%,1.1007913347478906,1.10,0.8697913942274752,0.87,0.6589147286821705,+65.89%,1.4308870005604524,1.43,129,13,2022-01-01,2022-12-31,200,20,single,1d,ichimoku_cloud+ema_trend,dual_momentum,150,6,2.0,1,10,3.0
purged_cv_fold_13_train,2010-10-19 00:00:00,2026-07-17 00:00:00,2,276.87743879466154,+27687.74%,15.312497160371034,+1531.25%,261.5649416342905,+26156.49%,0.48908965733128507,+48.91%,-0.5270460221274755,-52.70%,1.1140138061381437,1.11,0.9279828265414551,0.93,0.672,+67.20%,1.3485327725605611,1.35,125,13,2022-01-01,2022-12-31,200,20,single,1d,ichimoku_cloud+ema_trend,dual_momentum,150,6,2.5,1,10,3.0
purged_cv_fold_13_train,2010-10-19 00:00:00,2026-07-17 00:00:00,2,268.79535371218634,+26879.54%,15.312497160371034,+1531.25%,253.4828565518153,+25348.29%,0.48598292803283694,+48.60%,-0.5575942938572984,-55.76%,1.1140835522338743,1.11,0.8715708417152696,0.87,0.672,+67.20%,1.3434263065979528,1.34,125,13,2022-01-01,2022-12-31,200,20,single,1d,ichimoku_cloud+ema_trend,dual_momentum,150,6,3.0,1,10,3.0
purged_cv_fold_14_train,2010-10-19 00:00:00,2026-07-17 00:00:00,2,532.1699263184361,+53216.99%,7.95136486613807,+795.14%,524.218561452298,+52421.86%,0.5592247195820204,+55.92%,-0.5250586359835019,-52.51%,1.3048174140364206,1.30,1.0650709868518229,1.07,0.6814814814814815,+68.15%,1.4203063139685073,1.42,135,14,2023-01-01,2023-12-31,200,20,single,1d,ichimoku_cloud+ema_trend,dual_momentum,150,4,1.5,1,10,3.0
purged_cv_fold_14_train,2010-10-19 00:00:00,2026-07-17 00:00:00,2,546.8088178630103,+54680.88%,7.95136486613807,+795.14%,538.8574529968722,+53885.75%,0.5622153349141956,+56.22%,-0.5237434992081096,-52.37%,1.3178274933805607,1.32,1.0734554906442844,1.07,0.676923076923077,+67.69%,1.4858489437517237,1.49,130,14,2023-01-01,2023-12-31,200,20,single,1d,ichimoku_cloud+ema_trend,dual_momentum,150,4,2.0,1,10,3.0
purged_cv_fold_14_train,2010-10-19 00:00:00,2026-07-17 00:00:00,2,461.38652788966994,+46138.65%,7.95136486613807,+795.14%,453.43516302353186,+45343.52%,0.5435918231169456,+54.36%,-0.4966644564039341,-49.67%,1.256275615835422,1.26,1.0944850514425495,1.09,0.6825396825396826,+68.25%,1.419248240118256,1.42,126,14,2023-01-01,2023-12-31,200,20,single,1d,ichimoku_cloud+ema_trend,dual_momentum,150,4,2.5,1,10,3.0
purged_cv_fold_14_train,2010-10-19 00:00:00,2026-07-17 00:00:00,2,428.85710804659277,+42885.71%,7.95136486613807,+795.14%,420.9057431804547,+42090.57%,0.5356464221841313,+53.56%,-0.52404735097034,-52.40%,1.244216141752024,1.24,1.0221336319939678,1.02,0.6904761904761905,+69.05%,1.2681044247985627,1.27,126,14,2023-01-01,2023-12-31,200,20,single,1d,ichimoku_cloud+ema_trend,dual_momentum,150,4,3.0,1,10,3.0
purged_cv_fold_14_train,2010-10-19 00:00:00,2026-07-17 00:00:00,2,511.6791883724736,+51167.92%,7.95136486613807,+795.14%,503.72782350633554,+50372.78%,0.5549078486591095,+55.49%,-0.5600318578131119,-56.00%,1.3063100471431341,1.31,0.9908505041587966,0.99,0.6992481203007519,+69.92%,1.3850030125425725,1.39,133,14,2023-01-01,2023-12-31,200,20,single,1d,ichimoku_cloud+ema_trend,dual_momentum,150,5,1.5,1,10,3.0
purged_cv_fold_14_train,2010-10-19 00:00:00,2026-07-17 00:00:00,2,610.6847907576985,+61068.48%,7.95136486613807,+795.14%,602.7334258915604,+60273.34%,0.5744520105307265,+57.45%,-0.5586962091162317,-55.87%,1.3354403799016752,1.34,1.0282010172208218,1.03,0.7007874015748031,+70.08%,1.4528723501516652,1.45,127,14,2023-01-01,2023-12-31,200,20,single,1d,ichimoku_cloud+ema_trend,dual_momentum,150,5,2.0,1,10,3.0
purged_cv_fold_14_train,2010-10-19 00:00:00,2026-07-17 00:00:00,2,596.6763318731732,+59667.63%,7.95136486613807,+795.14%,588.7249670070352,+58872.50%,0.5718736392535808,+57.19%,-0.5202062357369605,-52.02%,1.3162167938682927,1.32,1.099320999955767,1.10,0.7073170731707317,+70.73%,1.410909459232444,1.41,123,14,2023-01-01,2023-12-31,200,20,single,1d,ichimoku_cloud+ema_trend,dual_momentum,150,5,2.5,1,10,3.0
purged_cv_fold_14_train,2010-10-19 00:00:00,2026-07-17 00:00:00,2,537.896755331696,+53789.68%,7.95136486613807,+795.14%,529.9453904655579,+52994.54%,0.5604036481406949,+56.04%,-0.5590194350649826,-55.90%,1.3008435218661571,1.30,1.0024761448151642,1.00,0.7073170731707317,+70.73%,1.3930890158753249,1.39,123,14,2023-01-01,2023-12-31,200,20,single,1d,ichimoku_cloud+ema_trend,dual_momentum,150,5,3.0,1,10,3.0
purged_cv_fold_14_train,2010-10-19 00:00:00,2026-07-17 00:00:00,2,403.0909941578372,+40309.10%,7.95136486613807,+795.14%,395.1396292916991,+39513.96%,0.5289459059443342,+52.89%,-0.5588701467345085,-55.89%,1.2269394163650875,1.23,0.9464558252663479,0.95,0.6793893129770993,+67.94%,1.395325095340195,1.40,131,14,2023-01-01,2023-12-31,200,20,single,1d,ichimoku_cloud+ema_trend,dual_momentum,150,6,1.5,1,10,3.0
purged_cv_fold_14_train,2010-10-19 00:00:00,2026-07-17 00:00:00,2,394.2492258211717,+39424.92%,7.95136486613807,+795.14%,386.2978609550336,+38629.79%,0.5265548178266126,+52.66%,-0.5575219025816154,-55.75%,1.234840884159279,1.23,0.9444558418035074,0.94,0.6746031746031746,+67.46%,1.451796153476781,1.45,126,14,2023-01-01,2023-12-31,200,20,single,1d,ichimoku_cloud+ema_trend,dual_momentum,150,6,2.0,1,10,3.0
purged_cv_fold_14_train,2010-10-19 00:00:00,2026-07-17 00:00:00,2,413.99548175962866,+41399.55%,7.95136486613807,+795.14%,406.0441168934906,+40604.41%,0.5318287456456474,+53.18%,-0.5270460221274755,-52.70%,1.2537499408332278,1.25,1.0090745842248574,1.01,0.6885245901639344,+68.85%,1.2979715967860872,1.30,122,14,2023-01-01,2023-12-31,200,20,single,1d,ichimoku_cloud+ema_trend,dual_momentum,150,6,2.5,1,10,3.0
purged_cv_fold_14_train,2010-10-19 00:00:00,2026-07-17 00:00:00,2,380.26169125159544,+38026.17%,7.95136486613807,+795.14%,372.31032638545736,+37231.03%,0.5226686843813075,+52.27%,-0.5575942938572984,-55.76%,1.2407138448582864,1.24,0.9373637609625016,0.94,0.6885245901639344,+68.85%,1.284984025003414,1.28,122,14,2023-01-01,2023-12-31,200,20,single,1d,ichimoku_cloud+ema_trend,dual_momentum,150,6,3.0,1,10,3.0
purged_cv_fold_15_train,2010-10-19 00:00:00,2026-07-17 00:00:00,2,913.4111541883798,+91341.12%,8.539484483995684,+853.95%,904.8716697043841,+90487.17%,0.619877845674615,+61.99%,-0.5250586359835019,-52.51%,1.5350993668785928,1.54,1.1805878490380501,1.18,0.6917293233082706,+69.17%,3.2418043476260094,3.24,133,15,2024-01-01,2024-12-31,200,20,single,1d,ichimoku_cloud+ema_trend,dual_momentum,150,4,1.5,1,10,3.0
purged_cv_fold_15_train,2010-10-19 00:00:00,2026-07-17 00:00:00,2,869.7146833833854,+86971.47%,8.539484483995684,+853.95%,861.1751988993897,+86117.52%,0.6142762383568388,+61.43%,-0.5237434992081096,-52.37%,1.5312101196744727,1.53,1.172857017386589,1.17,0.6821705426356589,+68.22%,3.278472518694336,3.28,129,15,2024-01-01,2024-12-31,200,20,single,1d,ichimoku_cloud+ema_trend,dual_momentum,150,4,2.0,1,10,3.0
purged_cv_fold_15_train,2010-10-19 00:00:00,2026-07-17 00:00:00,2,913.2945595743329,+91329.46%,8.539484483995684,+853.95%,904.7550750903372,+90475.51%,0.6198632328870726,+61.99%,-0.4966644564039341,-49.67%,1.518897465022373,1.52,1.2480523316992542,1.25,0.6854838709677419,+68.55%,3.361042469917048,3.36,124,15,2024-01-01,2024-12-31,200,20,single,1d,ichimoku_cloud+ema_trend,dual_momentum,150,4,2.5,1,10,3.0
purged_cv_fold_15_train,2010-10-19 00:00:00,2026-07-17 00:00:00,2,847.4979984260362,+84749.80%,8.539484483995684,+853.95%,838.9585139420406,+83895.85%,0.6113272518466157,+61.13%,-0.52404735097034,-52.40%,1.503176015684072,1.50,1.1665496461620612,1.17,0.6935483870967742,+69.35%,1.998281652072692,2.00,124,15,2024-01-01,2024-12-31,200,20,single,1d,ichimoku_cloud+ema_trend,dual_momentum,150,4,3.0,1,10,3.0
purged_cv_fold_15_train,2010-10-19 00:00:00,2026-07-17 00:00:00,2,699.0707524107446,+69907.08%,8.539484483995684,+853.95%,690.5312679267489,+69053.13%,0.5895566856469165,+58.96%,-0.5600318578131119,-56.00%,1.4592778316476234,1.46,1.0527199076657838,1.05,0.7153846153846154,+71.54%,1.298490374015874,1.30,130,15,2024-01-01,2024-12-31,200,20,single,1d,ichimoku_cloud+ema_trend,dual_momentum,150,5,1.5,1,10,3.0
purged_cv_fold_15_train,2010-10-19 00:00:00,2026-07-17 00:00:00,2,770.9067302192052,+77090.67%,8.539484483995684,+853.95%,762.3672457352095,+76236.72%,0.6005792219115955,+60.06%,-0.5586962091162317,-55.87%,1.4688278978743243,1.47,1.0749656291056924,1.07,0.712,+71.20%,1.334436221358282,1.33,125,15,2024-01-01,2024-12-31,200,20,single,1d,ichimoku_cloud+ema_trend,dual_momentum,150,5,2.0,1,10,3.0
purged_cv_fold_15_train,2010-10-19 00:00:00,2026-07-17 00:00:00,2,937.1249781438158,+93712.50%,8.539484483995684,+853.95%,928.5854936598201,+92858.55%,0.6228144967885292,+62.28%,-0.5202062357369605,-52.02%,1.517490491699704,1.52,1.1972453500220095,1.20,0.7166666666666667,+71.67%,1.4096350882516675,1.41,120,15,2024-01-01,2024-12-31,200,20,single,1d,ichimoku_cloud+ema_trend,dual_momentum,150,5,2.5,1,10,3.0
purged_cv_fold_15_train,2010-10-19 00:00:00,2026-07-17 00:00:00,2,852.6933217079095,+85269.33%,8.539484483995684,+853.95%,844.1538372239138,+84415.38%,0.6120232389268339,+61.20%,-0.5590194350649826,-55.90%,1.5002169876183695,1.50,1.0948156728320007,1.09,0.7166666666666667,+71.67%,1.3893437040148382,1.39,120,15,2024-01-01,2024-12-31,200,20,single,1d,ichimoku_cloud+ema_trend,dual_momentum,150,5,3.0,1,10,3.0
purged_cv_fold_15_train,2010-10-19 00:00:00,2026-07-17 00:00:00,2,675.9066408758706,+67590.66%,8.539484483995684,+853.95%,667.3671563918749,+66736.72%,0.5857774224983039,+58.58%,-0.5588701467345085,-55.89%,1.4359667474129933,1.44,1.048145845543934,1.05,0.689922480620155,+68.99%,1.841799817481693,1.84,129,15,2024-01-01,2024-12-31,200,20,single,1d,ichimoku_cloud+ema_trend,dual_momentum,150,6,1.5,1,10,3.0
purged_cv_fold_15_train,2010-10-19 00:00:00,2026-07-17 00:00:00,2,614.8202998012565,+61482.03%,8.539484483995684,+853.95%,606.2808153172608,+60628.08%,0.5752026965933108,+57.52%,-0.5575219025816154,-55.75%,1.4276058213962692,1.43,1.0317131828002168,1.03,0.68,+68.00%,1.8705959919866864,1.87,125,15,2024-01-01,2024-12-31,200,20,single,1d,ichimoku_cloud+ema_trend,dual_momentum,150,6,2.0,1,10,3.0
purged_cv_fold_15_train,2010-10-19 00:00:00,2026-07-17 00:00:00,2,801.4884132392544,+80148.84%,8.539484483995684,+853.95%,792.9489287552587,+79294.89%,0.6049847151659891,+60.50%,-0.5270460221274755,-52.70%,1.5440858032640465,1.54,1.1478783441413825,1.15,0.6916666666666667,+69.17%,1.5014272351380362,1.50,120,15,2024-01-01,2024-12-31,200,20,single,1d,ichimoku_cloud+ema_trend,dual_momentum,150,6,2.5,1,10,3.0
purged_cv_fold_15_train,2010-10-19 00:00:00,2026-07-17 00:00:00,2,730.6292680304177,+73062.93%,8.539484483995684,+853.95%,722.089783546422,+72208.98%,0.5945226834357269,+59.45%,-0.5575942938572984,-55.76%,1.5271662952970508,1.53,1.0662280622044518,1.07,0.6916666666666667,+69.17%,1.4845762079501452,1.48,120,15,2024-01-01,2024-12-31,200,20,single,1d,ichimoku_cloud+ema_trend,dual_momentum,150,6,3.0,1,10,3.0
purged_cv_fold_16_train,2010-10-19 00:00:00,2026-07-17 00:00:00,2,507.2402449401623,+50724.02%,9.638636593787904,+963.86%,497.6016083463744,+49760.16%,0.5538189394604427,+55.38%,-0.5250586359835019,-52.51%,1.8673606428059157,1.87,1.054775412698563,1.05,0.6715328467153284,+67.15%,inf,inf,137,16,2025-01-01,2025-12-31,200,20,single,1d,ichimoku_cloud+ema_trend,dual_momentum,150,4,1.5,1,10,3.0
purged_cv_fold_16_train,2010-10-19 00:00:00,2026-07-17 00:00:00,2,476.72113846379347,+47672.11%,9.638636593787904,+963.86%,467.08250187000556,+46708.25%,0.547027930766913,+54.70%,-0.5237434992081096,-52.37%,1.8626203603659106,1.86,1.044457700370523,1.04,0.6717557251908397,+67.18%,inf,inf,131,16,2025-01-01,2025-12-31,200,20,single,1d,ichimoku_cloud+ema_trend,dual_momentum,150,4,2.0,1,10,3.0
purged_cv_fold_16_train,2010-10-19 00:00:00,2026-07-17 00:00:00,2,495.0502717354659,+49505.03%,9.638636593787904,+963.86%,485.411635141678,+48541.16%,0.5511531471975195,+55.12%,-0.4966644564039341,-49.67%,1.8168882296052162,1.82,1.1097092616373379,1.11,0.6746031746031746,+67.46%,inf,inf,126,16,2025-01-01,2025-12-31,200,20,single,1d,ichimoku_cloud+ema_trend,dual_momentum,150,4,2.5,1,10,3.0
purged_cv_fold_16_train,2010-10-19 00:00:00,2026-07-17 00:00:00,2,490.95869590663807,+49095.87%,9.638636593787904,+963.86%,481.32005931285016,+48132.01%,0.5502447126080556,+55.02%,-0.52404735097034,-52.40%,1.8164547161540243,1.82,1.0499904475983093,1.05,0.6746031746031746,+67.46%,inf,inf,126,16,2025-01-01,2025-12-31,200,20,single,1d,ichimoku_cloud+ema_trend,dual_momentum,150,4,3.0,1,10,3.0
purged_cv_fold_16_train,2010-10-19 00:00:00,2026-07-17 00:00:00,2,435.7832117049188,+43578.32%,9.638636593787904,+963.86%,426.1445751111309,+42614.46%,0.5372558446562556,+53.73%,-0.5600318578131119,-56.00%,1.7783702976862483,1.78,0.9593308615588493,0.96,0.6865671641791045,+68.66%,inf,inf,134,16,2025-01-01,2025-12-31,200,20,single,1d,ichimoku_cloud+ema_trend,dual_momentum,150,5,1.5,1,10,3.0
purged_cv_fold_16_train,2010-10-19 00:00:00,2026-07-17 00:00:00,2,474.48119754013743,+47448.12%,9.638636593787904,+963.86%,464.8425609463495,+46484.26%,0.5465137542650813,+54.65%,-0.5586962091162317,-55.87%,1.7862232741658144,1.79,0.9781948496296026,0.98,0.6929133858267716,+69.29%,inf,inf,127,16,2025-01-01,2025-12-31,200,20,single,1d,ichimoku_cloud+ema_trend,dual_momentum,150,5,2.0,1,10,3.0
purged_cv_fold_16_train,2010-10-19 00:00:00,2026-07-17 00:00:00,2,570.6368511039445,+57063.69%,9.638636593787904,+963.86%,560.9982145101567,+56099.82%,0.5667917010868377,+56.68%,-0.5202062357369605,-52.02%,1.899256870041183,1.90,1.0895519164315304,1.09,0.6967213114754098,+69.67%,inf,inf,122,16,2025-01-01,2025-12-31,200,20,single,1d,ichimoku_cloud+ema_trend,dual_momentum,150,5,2.5,1,10,3.0
purged_cv_fold_16_train,2010-10-19 00:00:00,2026-07-17 00:00:00,2,550.0471138487126,+55004.71%,9.638636593787904,+963.86%,540.4084772549247,+54040.85%,0.5627317206896871,+56.27%,-0.5590194350649826,-55.90%,1.8961718299755947,1.90,1.006640709413391,1.01,0.6967213114754098,+69.67%,inf,inf,122,16,2025-01-01,2025-12-31,200,20,single,1d,ichimoku_cloud+ema_trend,dual_momentum,150,5,3.0,1,10,3.0
purged_cv_fold_16_train,2010-10-19 00:00:00,2026-07-17 00:00:00,2,393.5673593826178,+39356.74%,9.638636593787904,+963.86%,383.9287227888299,+38392.87%,0.5262433689520316,+52.62%,-0.5588701467345085,-55.89%,1.6843600864896833,1.68,0.941620109835682,0.94,0.6666666666666666,+66.67%,10.567281269825465,10.57,132,16,2025-01-01,2025-12-31,200,20,single,1d,ichimoku_cloud+ema_trend,dual_momentum,150,6,1.5,1,10,3.0
purged_cv_fold_16_train,2010-10-19 00:00:00,2026-07-17 00:00:00,2,353.0644157116931,+35306.44%,9.638636593787904,+963.86%,343.42577911790517,+34342.58%,0.5145957295223147,+51.46%,-0.5575219025816154,-55.75%,1.675424552884301,1.68,0.9230054050602672,0.92,0.6666666666666666,+66.67%,10.557615768231981,10.56,126,16,2025-01-01,2025-12-31,200,20,single,1d,ichimoku_cloud+ema_trend,dual_momentum,150,6,2.0,1,10,3.0
purged_cv_fold_16_train,2010-10-19 00:00:00,2026-07-17 00:00:00,2,454.8615281108992,+45486.15%,9.638636593787904,+963.86%,445.2228915171113,+44522.29%,0.5419113246623637,+54.19%,-0.5270460221274755,-52.70%,1.9792964193892568,1.98,1.0282049420938286,1.03,0.6776859504132231,+67.77%,inf,inf,121,16,2025-01-01,2025-12-31,200,20,single,1d,ichimoku_cloud+ema_trend,dual_momentum,150,6,2.5,1,10,3.0
purged_cv_fold_16_train,2010-10-19 00:00:00,2026-07-17 00:00:00,2,445.98971525438935,+44598.97%,9.638636593787904,+963.86%,436.35107866060144,+43635.11%,0.5397694122116818,+53.98%,-0.5575942938572984,-55.76%,1.9776563874920878,1.98,0.9680325250061143,0.97,0.6776859504132231,+67.77%,inf,inf,121,16,2025-01-01,2025-12-31,200,20,single,1d,ichimoku_cloud+ema_trend,dual_momentum,150,6,3.0,1,10,3.0
purged_cv_fold_17_train,2010-10-19 00:00:00,2025-06-13 00:00:00,1,268.49717352002824,+26849.72%,9.369146500139092,+936.91%,259.12802701988915,+25912.80%,0.46522872634064893,+46.52%,-0.5250586359835019,-52.51%,1.083157946370669,1.08,0.8860509940365349,0.89,0.6666666666666666,+66.67%,1.4619865661381823,1.46,144,17,2026-01-01,2026-12-31,200,20,single,1d,ichimoku_cloud+ema_trend,dual_momentum,150,4,1.5,1,10,3.0
purged_cv_fold_17_train,2010-10-19 00:00:00,2025-06-13 00:00:00,1,269.1857974126943,+26918.58%,9.369146500139092,+936.91%,259.8166509125552,+25981.67%,0.4654839800887338,+46.55%,-0.5237434992081096,-52.37%,1.0821383236436384,1.08,0.8887632606276487,0.89,0.6642335766423357,+66.42%,1.486794241091331,1.49,137,17,2026-01-01,2026-12-31,200,20,single,1d,ichimoku_cloud+ema_trend,dual_momentum,150,4,2.0,1,10,3.0
purged_cv_fold_17_train,2010-10-19 00:00:00,2025-06-13 00:00:00,1,263.02237077846956,+26302.24%,9.369146500139092,+936.91%,253.65322427833047,+25365.32%,0.463177470139128,+46.32%,-0.4966644564039341,-49.67%,1.0858514105507902,1.09,0.9325762376730834,0.93,0.6716417910447762,+67.16%,1.4646753314567758,1.46,134,17,2026-01-01,2026-12-31,200,20,single,1d,ichimoku_cloud+ema_trend,dual_momentum,150,4,2.5,1,10,3.0
purged_cv_fold_17_train,2010-10-19 00:00:00,2025-06-13 00:00:00,1,260.84282527593274,+26084.28%,9.369146500139092,+936.91%,251.47367877579364,+25147.37%,0.4623498073835368,+46.23%,-0.52404735097034,-52.40%,1.0849942738407463,1.08,0.8822672350646131,0.88,0.6716417910447762,+67.16%,1.465733802612823,1.47,134,17,2026-01-01,2026-12-31,200,20,single,1d,ichimoku_cloud+ema_trend,dual_momentum,150,4,3.0,1,10,3.0
purged_cv_fold_17_train,2010-10-19 00:00:00,2025-06-13 00:00:00,1,258.5369317405995,+25853.69%,9.369146500139092,+936.91%,249.16778524046043,+24916.78%,0.4614671475606982,+46.15%,-0.5600318578131119,-56.00%,1.0703708449012332,1.07,0.8240016011994343,0.82,0.676056338028169,+67.61%,1.3961081768927166,1.40,142,17,2026-01-01,2026-12-31,200,20,single,1d,ichimoku_cloud+ema_trend,dual_momentum,150,5,1.5,1,10,3.0
purged_cv_fold_17_train,2010-10-19 00:00:00,2025-06-13 00:00:00,1,300.3848370044433,+30038.48%,9.369146500139092,+936.91%,291.0156905043042,+29101.57%,0.4764560933813844,+47.65%,-0.5586962091162317,-55.87%,1.0917945966417455,1.09,0.8527999395862411,0.85,0.6791044776119403,+67.91%,1.4200022671978056,1.42,134,17,2026-01-01,2026-12-31,200,20,single,1d,ichimoku_cloud+ema_trend,dual_momentum,150,5,2.0,1,10,3.0
purged_cv_fold_17_train,2010-10-19 00:00:00,2025-06-13 00:00:00,1,301.41365093960025,+30141.37%,9.369146500139092,+936.91%,292.04450443946115,+29204.45%,0.47679957346102353,+47.68%,-0.5202062357369605,-52.02%,1.099730720353199,1.10,0.9165587428715767,0.92,0.6870229007633588,+68.70%,1.4065851761343584,1.41,131,17,2026-01-01,2026-12-31,200,20,single,1d,ichimoku_cloud+ema_trend,dual_momentum,150,5,2.5,1,10,3.0
purged_cv_fold_17_train,2010-10-19 00:00:00,2025-06-13 00:00:00,1,290.51924728074204,+29051.92%,9.369146500139092,+936.91%,281.15010078060294,+28115.01%,0.4731057348418888,+47.31%,-0.5590194350649826,-55.90%,1.094201635749636,1.09,0.8463135718830475,0.85,0.6870229007633588,+68.70%,1.395481951573823,1.40,131,17,2026-01-01,2026-12-31,200,20,single,1d,ichimoku_cloud+ema_trend,dual_momentum,150,5,3.0,1,10,3.0
purged_cv_fold_17_train,2010-10-19 00:00:00,2025-06-13 00:00:00,1,221.1460346147649,+22114.60%,9.369146500139092,+936.91%,211.7768881146258,+21177.69%,0.446030614134026,+44.60%,-0.5588701467345085,-55.89%,1.0408870317387886,1.04,0.798093469010992,0.80,0.6690647482014388,+66.91%,1.4257179215421036,1.43,139,17,2026-01-01,2026-12-31,200,20,single,1d,ichimoku_cloud+ema_trend,dual_momentum,150,6,1.5,1,10,3.0
purged_cv_fold_17_train,2010-10-19 00:00:00,2025-06-13 00:00:00,1,211.63259003301746,+21163.26%,9.369146500139092,+936.91%,202.26344353287837,+20226.34%,0.44171688272785614,+44.17%,-0.5575219025816154,-55.75%,1.0326134249309182,1.03,0.7922861517771375,0.79,0.6666666666666666,+66.67%,1.437129846746415,1.44,132,17,2026-01-01,2026-12-31,200,20,single,1d,ichimoku_cloud+ema_trend,dual_momentum,150,6,2.0,1,10,3.0
purged_cv_fold_17_train,2010-10-19 00:00:00,2025-06-13 00:00:00,1,196.73533054680482,+19673.53%,9.369146500139092,+936.91%,187.36618404666572,+18736.62%,0.43458649834941854,+43.46%,-0.5270460221274755,-52.70%,1.0281833424491047,1.03,0.8245703033582634,0.82,0.6744186046511628,+67.44%,1.4008087086487122,1.40,129,17,2026-01-01,2026-12-31,200,20,single,1d,ichimoku_cloud+ema_trend,dual_momentum,150,6,2.5,1,10,3.0
purged_cv_fold_17_train,2010-10-19 00:00:00,2025-06-13 00:00:00,1,192.88838768509467,+19288.84%,9.369146500139092,+936.91%,183.51924118495558,+18351.92%,0.4326639310391813,+43.27%,-0.5575942938572984,-55.76%,1.0252516364254807,1.03,0.7759475586561693,0.78,0.6744186046511628,+67.44%,1.395250380273198,1.40,129,17,2026-01-01,2026-12-31,200,20,single,1d,ichimoku_cloud+ema_trend,dual_momentum,150,6,3.0,1,10,3.0
