,equity
2015-10-19,10000.0
2015-10-20,9747.700517999998
2015-10-21,9660.830517999999
2015-10-22,9799.210517999998
2015-10-23,10396.250517999999
2015-10-26,10559.110518
2015-10-27,10599.910517999999
2015-10-28,10703.440518
2015-10-29,10864.090517999997
2015-10-30,10853.040517999998
2015-11-02,10894.690518
2015-11-03,10843.010517999997
2015-11-04,11108.890518
2015-11-05,11045.966411225
2015-11-06,11100.286411224999
2015-11-09,10692.886411225
2015-11-10,10968.366411224999
2015-11-11,10983.886411225
2015-11-12,10601.706411225
2015-11-13,10090.516411225
2015-11-16,10837.416411224998
2015-11-17,11395.166411224998
2015-11-18,11737.576411224998
2015-11-19,11697.806411225
2015-11-20,12048.946411224999
2015-11-23,12164.376411225
2015-11-24,11997.536411224999
2015-11-25,12079.986411225
2015-11-27,12204.146411225
2015-11-30,11999.476411225
2015-12-01,12197.356411225
2015-12-02,11996.230570360003
2015-12-03,11759.11057036
2015-12-04,12155.350570360002
2015-12-07,12092.95057036
2015-12-08,12301.990570360002
2015-12-09,12061.750570360004
2015-12-10,11996.230570360003
2015-12-11,11634.310570360001
2015-12-14,11865.190570360002
2015-12-15,12099.190570360002
2015-12-16,12255.190570360002
2015-12-17,12149.11057036
2015-12-18,12024.310570360001
2015-12-21,12108.550570360003
2015-12-22,12255.190570360002
2015-12-23,12139.750570360004
2015-12-24,12164.710570360003
2015-12-28,12199.030570360002
2015-12-29,12370.630570360001
2015-12-30,12323.830570360002
2015-12-31,12099.190570360002
2016-01-04,11759.11057036
2016-01-05,11609.350570360002
2016-01-06,11500.150570360001
2016-01-07,11337.910570360003
2016-01-08,11425.603582000002
2016-01-11,11425.603582000002
2016-01-12,11425.603582000002
2016-01-13,11425.603582000002
2016-01-14,11425.603582000002
2016-01-15,11425.603582000002
2016-01-19,11425.603582000002
2016-01-20,11425.603582000002
2016-01-21,11425.603582000002
2016-01-22,11425.603582000002
2016-01-25,11425.603582000002
2016-01-26,11425.603582000002
2016-01-27,11425.603582000002
2016-01-28,11425.603582000002
2016-01-29,11425.603582000002
2016-02-01,11425.603582000002
2016-02-02,11425.603582000002
2016-02-03,11425.603582000002
2016-02-04,11425.603582000002
2016-02-05,11425.603582000002
2016-02-08,11425.603582000002
2016-02-09,11425.603582000002
2016-02-10,11425.603582000002
2016-02-11,11425.603582000002
2016-02-12,11425.603582000002
2016-02-16,11425.603582000002
2016-02-17,11425.603582000002
2016-02-18,11425.603582000002
2016-02-19,11425.603582000002
2016-02-22,11425.603582000002
2016-02-23,11425.603582000002
2016-02-24,11425.603582000002
2016-02-25,11425.603582000002
2016-02-26,11425.603582000002
2016-02-29,11425.603582000002
2016-03-01,11425.603582000002
2016-03-02,11480.62790302
2016-03-03,11379.70790302
2016-03-04,11344.907903020001
2016-03-07,11271.827903020003
2016-03-08,11066.507903020001
2016-03-09,11059.547903020002
2016-03-10,11042.14790302
2016-03-11,11230.06790302
2016-03-14,11257.907903020001
2016-03-15,11202.22790302
2016-03-16,11536.307903020002
2016-03-17,11438.867903020002
2016-03-18,11783.387903020002
2016-03-21,12152.363299379998
2016-03-22,12074.353299379998
2016-03-23,11939.853299379998
2016-03-24,11883.363299379998
2016-03-28,11665.473299379999
2016-03-29,11977.513299379998
2016-03-30,12114.70329938
2016-03-31,11910.263299379998
2016-04-01,12066.28329938
2016-04-04,11945.23329938
2016-04-05,11762.313299379999
2016-04-06,11765.00329938
2016-04-07,11668.16329938
2016-04-08,11955.99329938
2016-04-11,12292.24329938
2016-04-12,12612.353299379998
2016-04-13,13107.313299379999
2016-04-14,13110.00329938
2016-04-15,12932.46329938
2016-04-18,13083.103299379998
2016-04-19,12854.45329938
2016-04-20,13021.23329938
2016-04-21,12703.813299379999
2016-04-22,12679.603299379998
2016-04-25,12383.70329938
2016-04-26,12222.303299379999
2016-04-27,12133.53329938
2016-04-28,12128.15329938
2016-04-29,11735.41329938
2016-05-02,11645.8630864
2016-05-03,11645.8630864
2016-05-04,11645.8630864
2016-05-05,11645.8630864
2016-05-06,11645.8630864
2016-05-09,11645.8630864
2016-05-10,11645.8630864
2016-05-11,11645.8630864
2016-05-12,11645.8630864
2016-05-13,11645.8630864
2016-05-16,11645.8630864
2016-05-17,11645.8630864
2016-05-18,11645.8630864
2016-05-19,11645.8630864
2016-05-20,11645.8630864
2016-05-23,11645.8630864
2016-05-24,11645.8630864
2016-05-25,11645.8630864
2016-05-26,11672.797748275
2016-05-27,11736.547748275
2016-05-31,11945.647748275
2016-06-01,11968.597748275
2016-06-02,12052.747748275
2016-06-03,11884.447748274999
2016-06-06,11823.247748275
2016-06-07,11846.197748274999
2016-06-08,11807.947748274999
2016-06-09,12113.947748275
2016-06-10,11813.047748275
2016-06-13,11963.497748274998
2016-06-14,11986.447748275
2016-06-15,12108.847748274999
2016-06-16,12157.297748275
2016-06-17,11945.647748275
2016-06-20,12159.847748275
2016-06-21,12085.897748275
2016-06-22,12075.697748274999
2016-06-23,12396.997748275
2016-06-24,11693.197748274999
2016-06-27,11568.247748275
2016-06-28,11736.547748275
2016-06-29,11927.797748275
2016-06-30,12019.597748274999
2016-07-01,11930.347748274999
2016-07-05,12106.297748275
2016-07-06,12182.797748275
2016-07-07,12498.997748275
2016-07-08,12998.797748275
2016-07-11,13297.147748275
2016-07-12,13496.047748275
2016-07-13,13490.947748274999
2016-07-14,13628.647748275
2016-07-15,13470.547748275
2016-07-18,13539.397748275
2016-07-19,13679.647748275
2016-07-20,13858.147748275
2016-07-21,13603.147748275
2016-07-22,13972.897748275
2016-07-25,14230.447748274999
2016-07-26,14472.697748275
2016-07-27,14327.347748275
2016-07-28,14357.947748274999
2016-07-29,14592.547748275
2016-08-01,14498.197748274999
2016-08-02,14322.247748274998
2016-08-03,14360.497748274998
2016-08-04,14625.697748274999
2016-08-05,14873.047748275
2016-08-08,15010.747748275
2016-08-09,15048.997748275
2016-08-10,14952.097748274999
2016-08-11,15255.547748275
2016-08-12,16107.247748274998
2016-08-15,16091.947748274999
2016-08-16,15995.047748275
2016-08-17,15625.297748275
2016-08-18,15867.547748275
2016-08-19,15908.347748274999
2016-08-22,15974.647748275
2016-08-23,16103.473748274999
2016-08-24,15856.123748274998
2016-08-25,15751.573748275
2016-08-26,15879.073748275
2016-08-29,15868.873748275
2016-08-30,15777.073748275001
2016-08-31,15703.123748275
2016-09-01,16164.673748275
2016-09-02,16006.573748275
2016-09-06,16157.023748274998
2016-09-07,15919.873748274998
2016-09-08,16034.623748275
2016-09-09,15239.023748275
2016-09-12,15552.673748275
2016-09-13,15328.273748274998
2016-09-14,15463.423748275
2016-09-15,16047.373748274998
2016-09-16,16085.623748275
2016-09-19,16297.273748275
2016-09-20,16149.373748275
2016-09-21,16600.723748275
2016-09-22,16641.523748274998
2016-09-23,16623.673748275
2016-09-26,16468.123748275
2016-09-27,17029.123748275
2016-09-28,17090.323748275
2016-09-29,17248.423748275
2016-09-30,17534.023748274998
2016-10-03,17516.173748275
2016-10-04,17477.923748275
2016-10-05,17460.073748275
2016-10-06,17233.123748275
2016-10-07,17108.173748275
2016-10-10,17171.923748275
2016-10-11,16924.573748274997
2016-10-12,17001.073748275
2016-10-13,16725.673748275
2016-10-14,16888.873748274997
2016-10-17,16791.973748275
2016-10-18,17046.973748275
2016-10-19,17011.273748274998
2016-10-20,17332.573748275
2016-10-21,17284.123748275
2016-10-24,18092.473748275
2016-10-25,18388.273748275
2016-10-26,18462.223748275
2016-10-27,18084.823748275
2016-10-28,18054.223748275
2016-10-31,18207.223748275
2016-11-01,17669.173748275
2016-11-02,17595.223748275002
2016-11-03,17391.223748275
2016-11-04,17291.773748274998
2016-11-07,18235.273748274998
2016-11-08,18207.223748275
2016-11-09,17901.223748275
2016-11-10,17342.773748274998
2016-11-11,22493.773748274998
2016-11-14,21389.623748275
2016-11-15,22039.873748275
2016-11-16,23427.073748274997
2016-11-17,23620.873748275
2016-11-18,23868.223748275
2016-11-21,23771.323748275
2016-11-22,23942.173748275
2016-11-23,24059.473748275
2016-11-25,24107.923748275
2016-11-28,24095.173748275
2016-11-29,23875.873748275
2016-11-30,23608.123748275
2016-12-01,22445.323748275
2016-12-02,22651.873748275
2016-12-05,23526.523748274998
2016-12-06,23911.573748275
2016-12-07,24339.973748275
2016-12-08,23934.523748275
2016-12-09,23511.223748275
2016-12-12,22942.573748275
2016-12-13,23345.473748275002
2016-12-14,24691.873748275
2016-12-15,25268.173748275
2016-12-16,25701.673748275
2016-12-19,26012.773748274998
2016-12-20,26915.473748275002
2016-12-21,27083.773748274998
2016-12-22,27410.173748275
2016-12-23,28091.023748275
2016-12-27,30013.723748275
2016-12-28,27955.873748275
2016-12-29,28511.773748275
2016-12-30,27315.823748274997
2017-01-03,26109.673748275003
2017-01-04,25722.302737420003
2017-01-05,25676.312737420005
2017-01-06,25308.392737420007
2017-01-09,25019.312737420005
2017-01-10,24743.37273742001
2017-01-11,24244.052737420003
2017-01-12,24165.212737420006
2017-01-13,24263.762737420006
2017-01-17,24342.60273742001
2017-01-18,24487.142737420007
2017-01-19,23895.842737420007
2017-01-20,23981.252737420007
2017-01-23,23915.552737420003
2017-01-24,24618.542737420004
2017-01-25,28054.65273742001
2017-01-26,28862.762737420006
2017-01-27,29256.962737420006
2017-01-30,29519.762737420006
2017-01-31,29684.012737420006
2017-02-01,29440.922737420005
2017-02-02,29272.30282738501
2017-02-03,29016.772827385008
2017-02-06,29758.06282738501
2017-02-07,30218.522827385008
2017-02-08,30086.962827385007
2017-02-09,29522.772827385008
2017-02-10,28824.49282738501
2017-02-13,27498.772827385008
2017-02-14,27160.300868945014
2017-02-15,27330.400868945013
2017-02-16,27001.540868945012
2017-02-17,26757.730868945015
2017-02-21,26922.160868945015
2017-02-22,26876.800868945014
2017-02-23,26899.480868945015
2017-02-24,27103.600868945014
2017-02-27,27069.580868945013
2017-02-28,27353.080868945013
2017-03-01,28084.510868945013
2017-03-02,27367.49921093001
2017-03-03,27885.34661093001
2017-03-06,28059.989210930013
2017-03-07,27299.93921093001
2017-03-08,26855.000310930012
2017-03-09,26815.64661093001
2017-03-10,26939.450310930013
2017-03-13,27097.25921093001
2017-03-14,26956.340310930012
2017-03-15,27023.90031093001
2017-03-16,26826.96291093001
2017-03-17,26421.60291093001
2017-03-20,26421.60291093001
2017-03-21,25712.222910930013
2017-03-22,25307.29674295536
2017-03-23,24893.806742955363
2017-03-24,25013.73674295536
2017-03-27,25058.48674295536
2017-03-28,24985.09674295536
2017-03-29,24949.29674295536
2017-03-30,24679.006742955364
2017-03-31,23945.10674295536
2017-04-03,23738.99911205536
2017-04-04,23983.770312055363
2017-04-05,23900.25031205536
2017-04-06,24300.599112055363
2017-04-07,24611.63911205536
2017-04-10,24499.31911205536
2017-04-11,24865.07911205536
2017-04-12,24335.15911205536
2017-04-13,24130.67911205536
2017-04-17,24320.75911205536
2017-04-18,23949.210312055362
2017-04-19,23929.07911205536
2017-04-20,24392.75911205536
2017-04-21,24601.561855329164
2017-04-24,24291.850255329162
2017-04-25,24683.890255329163
2017-04-26,24611.290255329164
2017-04-27,24833.881855329164
2017-04-28,24635.538655329165
2017-05-01,24964.561855329164
2017-05-02,24950.041855329164
2017-05-03,24964.561855329164
2017-05-04,25061.410255329167
2017-05-05,25438.930255329167
2017-05-08,25104.970255329165
2017-05-09,25104.970255329165
2017-05-10,25061.410255329167
2017-05-11,25264.690255329162
2017-05-12,25152.681289861568
2017-05-15,26411.00128986157
2017-05-16,26901.00128986157
2017-05-17,25119.36128986157
2017-05-18,26167.961289861567
2017-05-19,26769.681289861568
2017-05-22,27338.08128986157
2017-05-23,26971.56128986157
2017-05-24,27273.401289861566
2017-05-25,27212.641289861567
2017-05-26,27914.321289861567
2017-05-30,28508.20128986157
2017-05-31,28406.281289861567
2017-06-01,28408.24128986157
2017-06-02,28267.121289861567
2017-06-05,29123.641289861567
2017-06-06,28992.321289861567
2017-06-07,29341.20128986157
2017-06-08,31461.921289861566
2017-06-09,29435.281289861567
2017-06-12,29507.801289861567
2017-06-13,29788.08128986157
2017-06-14,29850.801289861567
2017-06-15,29978.20128986157
2017-06-16,29831.20128986157
2017-06-19,30948.401289861566
2017-06-20,30903.321289861567
2017-06-21,31369.801289861567
2017-06-22,31154.20128986157
2017-06-23,30264.361289861572
2017-06-26,29935.08128986157
2017-06-27,28843.361289861572
2017-06-28,29856.681289861568
2017-06-29,28862.96128986157
2017-06-30,28447.44128986157
2017-07-03,27422.361289861572
2017-07-05,27745.45365806157
2017-07-06,27745.45365806157
2017-07-07,27745.45365806157
2017-07-10,27745.45365806157
2017-07-11,27745.45365806157
2017-07-12,27745.45365806157
2017-07-13,27745.45365806157
2017-07-14,27745.45365806157
2017-07-17,27745.45365806157
2017-07-18,28277.135493761572
2017-07-19,28130.93549376157
2017-07-20,27801.652785731585
2017-07-21,28469.81278573158
2017-07-24,28981.372785731586
2017-07-25,28261.012785731582
2017-07-26,28513.31278573158
2017-07-27,27255.292785731584
2017-07-28,26900.332785731585
2017-07-31,26494.912785731583
2017-08-01,26735.032785731582
2017-08-02,27491.932785731584
2017-08-03,26879.452785731584
2017-08-04,26968.192785731582
2017-08-07,27304.012785731582
2017-08-08,26745.47278573158
2017-08-09,26627.152785731585
2017-08-10,25924.192785731582
2017-08-11,26835.952785731584
2017-08-14,26959.492785731585
2017-08-15,26651.512785731582
2017-08-16,26416.612785731584
2017-08-17,25924.192785731582
2017-08-18,25852.852785731582
2017-08-21,26005.97278573158
2017-08-22,27131.75278573158
2017-08-23,26743.732785731583
2017-08-24,27236.152785731585
2017-08-25,26747.212785731586
2017-08-28,26769.832785731585
2017-08-29,26681.09278573158
2017-08-30,27272.692785731582
2017-08-31,28012.192785731582
2017-09-01,28307.992785731585
2017-09-05,27756.412785731583
2017-09-06,27410.152785731585
2017-09-07,27815.572785731583
2017-09-08,27714.652785731585
2017-09-11,27537.172785731582
2017-09-12,27364.912785731583
2017-09-13,27361.432785731584
2017-09-14,26766.352785731582
2017-09-15,26806.372785731586
2017-09-18,26735.032785731582
2017-09-19,26700.232785731583
2017-09-20,26651.512785731582
2017-09-21,26536.672785731582
2017-09-22,26397.47278573158
2017-09-25,26021.63278573158
2017-09-26,25910.272785731584
2017-09-27,26016.412785731583
2017-09-28,26112.112785731584
2017-09-29,26533.192785731582
2017-10-02,26566.25278573158
2017-10-03,26614.97278573158
2017-10-04,26614.97278573158
2017-10-05,26578.432785731584
2017-10-06,27065.63278573158
2017-10-09,27143.932785731584
2017-10-10,26964.712785731586
2017-10-11,26877.712785731586
2017-10-12,26870.75278573158
2017-10-13,26684.572785731583
2017-10-16,26996.032785731582
2017-10-17,27056.932785731584
2017-10-18,27006.47278573158
2017-10-19,26978.63278573158
2017-10-20,26983.852785731582
2017-10-23,26362.672785731582
2017-10-24,26371.372785731586
2017-10-25,25621.432785731584
2017-10-26,25077.918070771582
2017-10-27,25867.678070771584
2017-10-30,25666.979756311586
2017-10-31,26035.25975631159
2017-11-01,25600.019756311587
2017-11-02,25440.179756311587
2017-11-03,26291.219756311588
2017-11-06,26631.41975631159
2017-11-07,26843.09975631159
2017-11-08,27521.33975631159
2017-11-09,27185.45975631159
2017-11-10,27167.09975631159
2017-11-13,27628.25975631159
2017-11-14,27659.57975631159
2017-11-15,27137.93975631159
2017-11-16,27756.779756311586
2017-11-17,27645.539756311588
2017-11-20,27820.499756311587
2017-11-21,27919.85975631159
2017-11-22,27698.45975631159
2017-11-24,27739.499756311587
2017-11-27,28566.77975631159
2017-11-28,28762.259756311592
2017-11-29,28129.379756311588
2017-11-30,28400.45975631159
2017-12-01,27664.979756311586
2017-12-04,24611.81975631159
2017-12-05,24369.74937819159
2017-12-06,24369.74937819159
2017-12-07,24369.74937819159
2017-12-08,24369.74937819159
2017-12-11,24369.74937819159
2017-12-12,24369.74937819159
2017-12-13,24369.74937819159
2017-12-14,24369.74937819159
2017-12-15,24369.74937819159
2017-12-18,24369.74937819159
2017-12-19,24134.940776631593
2017-12-20,24079.690776631593
2017-12-21,23980.240776631592
2017-12-22,24199.030776631593
2017-12-26,23986.870776631593
2017-12-27,23763.66077663159
2017-12-28,23891.84077663159
2017-12-29,23723.880776631595
2018-01-02,24028.86077663159
2018-01-03,23880.79077663159
2018-01-04,24066.430776631594
2018-01-05,24570.31077663159
2018-01-08,24350.565280161598
2018-01-09,23841.345280161597
2018-01-10,23973.825280161596
2018-01-11,24269.8352801616
2018-01-12,24336.075280161596
2018-01-16,23644.695280161595
2018-01-17,24085.6052801616
2018-01-18,24329.865280161597
2018-01-19,24491.325280161596
2018-01-22,23892.861097526602
2018-01-23,24343.201097526602
2018-01-24,24353.8810975266
2018-01-25,24467.8010975266
2018-01-26,25394.291097526602
2018-01-29,24753.4910975266
2018-01-30,24158.0810975266
2018-01-31,23438.9610975266
2018-02-01,22866.6910975266
2018-02-02,23027.7810975266
2018-02-05,21694.561097526603
2018-02-06,20697.642274071604
2018-02-07,20697.642274071604
2018-02-08,20697.642274071604
2018-02-09,20697.642274071604
2018-02-12,20697.642274071604
2018-02-13,20697.642274071604
2018-02-14,20697.642274071604
2018-02-15,20697.642274071604
2018-02-16,20435.656948971606
2018-02-20,20870.576948971604
2018-02-21,20242.266948971603
2018-02-22,20307.836948971606
2018-02-23,20621.576948971608
2018-02-26,20675.526948971605
2018-02-27,20632.366948971605
2018-02-28,20295.386948971605
2018-03-01,19482.816948971606
2018-03-02,19842.206948971605
2018-03-05,19768.336948971606
2018-03-06,20308.666948971604
2018-03-07,20282.106948971606
2018-03-08,20227.326948971608
2018-03-09,20571.776948971605
2018-03-12,20939.466948971603
2018-03-13,19897.247622866602
2018-03-14,20014.147622866603
2018-03-15,19700.187622866604
2018-03-16,20281.347622866604
2018-03-19,20134.3876228666
2018-03-20,20471.7276228666
2018-03-21,20445.007622866604
2018-03-22,19726.9076228666
2018-03-23,18153.767622866602
2018-03-26,18716.4305124866
2018-03-27,18716.4305124866
2018-03-28,18716.4305124866
2018-03-29,18716.4305124866
2018-04-02,18716.4305124866
2018-04-03,18716.4305124866
2018-04-04,18716.4305124866
2018-04-05,18716.4305124866
2018-04-06,18716.4305124866
2018-04-09,18716.4305124866
2018-04-10,18716.4305124866
2018-04-11,18716.4305124866
2018-04-12,18716.4305124866
2018-04-13,18716.4305124866
2018-04-16,18716.4305124866
2018-04-17,18716.4305124866
2018-04-18,18716.4305124866
2018-04-19,18716.4305124866
2018-04-20,18716.4305124866
2018-04-23,18716.4305124866
2018-04-24,18716.4305124866
2018-04-25,18716.4305124866
2018-04-26,18716.4305124866
2018-04-27,18716.4305124866
2018-04-30,18716.4305124866
2018-05-01,18716.4305124866
2018-05-02,18716.4305124866
2018-05-03,18716.4305124866
2018-05-04,18716.4305124866
2018-05-07,18716.4305124866
2018-05-08,18716.4305124866
2018-05-09,18716.4305124866
2018-05-10,18716.4305124866
2018-05-11,18417.6963802866
2018-05-14,18533.616380286603
2018-05-15,18399.2163802866
2018-05-16,18514.576380286602
2018-05-17,18348.256380286603
2018-05-18,18290.016380286605
2018-05-21,18717.8563802866
2018-05-22,18706.656380286604
2018-05-23,19440.256380286603
2018-05-24,19696.176380286604
2018-05-25,19808.176380286604
2018-05-29,19720.816380286604
2018-05-30,19934.176380286604
2018-05-31,19825.536380286605
2018-06-01,20292.016380286605
2018-06-04,20397.296380286603
2018-06-05,20620.736380286602
2018-06-06,20713.136380286604
2018-06-07,20374.3363802866
2018-06-08,20327.8563802866
2018-06-11,20377.136380286604
2018-06-12,20510.416380286602
2018-06-13,21412.016380286605
2018-06-14,22136.656380286604
2018-06-15,22086.816380286604
2018-06-18,21998.341980286605
2018-06-19,22814.816380286604
2018-06-20,23474.4963802866
2018-06-21,23400.576380286602
2018-06-22,23156.981980286604
2018-06-25,21666.816380286604
2018-06-26,22501.776380286603
2018-06-27,21997.776380286603
2018-06-28,22279.456380286603
2018-06-29,22056.016380286605
2018-07-02,22434.016380286605
2018-07-03,22005.0563802866
2018-07-05,22445.776380286603
2018-07-06,22997.936380286603
2018-07-09,23598.256380286603
2018-07-10,23411.2163802866
2018-07-11,23580.3363802866
2018-07-12,23291.936380286603
2018-07-13,22300.736380286602
2018-07-16,22562.816380286604
2018-07-17,21386.816380286604
2018-07-18,21158.598638206604
2018-07-19,20829.148638206603
2018-07-20,20837.178638206602
2018-07-23,20708.4786382066
2018-07-24,21008.1186382066
2018-07-25,21386.1886382066
2018-07-26,20774.4786382066
2018-07-27,20876.448638206602
2018-07-30,20457.898638206603
2018-07-31,20438.3186382066
2018-08-01,20655.348638206604
2018-08-02,21064.1086382066
2018-08-03,20942.6686382066
2018-08-06,21211.7286382066
2018-08-07,21373.7586382066
2018-08-08,21638.198638206602
2018-08-09,21770.198638206602
2018-08-10,21635.7786382066
2018-08-13,21744.678638206602
2018-08-14,22002.628638206603
2018-08-15,21595.2986382066
2018-08-16,21638.198638206602
2018-08-17,21590.898638206603
2018-08-20,21530.288638206603
2018-08-21,21604.098638206604
2018-08-22,21840.378638206603
2018-08-23,21818.378638206603
2018-08-24,21845.768638206602
2018-08-27,22090.9586382066
2018-08-28,22147.4986382066
2018-08-29,22865.5786382066
2018-08-30,22912.6586382066
2018-08-31,23026.288638206603
2018-09-04,22810.862940096602
2018-09-05,22384.629340096602
2018-09-06,22508.782940096604
2018-09-07,22300.782940096604
2018-09-10,22577.902940096603
2018-09-11,22766.702940096602
2018-09-12,22606.702940096602
2018-09-13,22996.456540096602
2018-09-14,22817.9093400966
2018-09-17,22440.302940096604
2018-09-18,22674.542940096602
2018-09-19,22641.902940096603
2018-09-20,23022.702940096602
2018-09-21,23140.462940096604
2018-09-24,23146.222940096603
2018-09-25,23194.862940096602
2018-09-26,23351.0229400966
2018-09-27,23704.942940096604
2018-09-28,23710.062940096603
2018-10-01,23676.782940096604
2018-10-02,23395.1829400966
2018-10-03,23232.629340096602
2018-10-04,22279.6629400966
2018-10-05,21455.396508096605
2018-10-08,21455.396508096605
2018-10-09,21455.396508096605
2018-10-10,21455.396508096605
2018-10-11,21455.396508096605
2018-10-12,21455.396508096605
2018-10-15,21455.396508096605
2018-10-16,21455.396508096605
2018-10-17,21455.396508096605
2018-10-18,21455.396508096605
2018-10-19,21455.396508096605
2018-10-22,21455.396508096605
2018-10-23,21455.396508096605
2018-10-24,21455.396508096605
2018-10-25,21455.396508096605
2018-10-26,21455.396508096605
2018-10-29,21455.396508096605
2018-10-30,21455.396508096605
2018-10-31,21455.396508096605
2018-11-01,21455.396508096605
2018-11-02,21455.396508096605
2018-11-05,21455.396508096605
2018-11-06,21455.396508096605
2018-11-07,21455.396508096605
2018-11-08,21455.396508096605
2018-11-09,21455.396508096605
2018-11-12,21455.396508096605
2018-11-13,21455.396508096605
2018-11-14,21455.396508096605
2018-11-15,21455.396508096605
2018-11-16,21455.396508096605
2018-11-19,21455.396508096605
2018-11-20,21455.396508096605
2018-11-21,21455.396508096605
2018-11-23,21455.396508096605
2018-11-26,21455.396508096605
2018-11-27,21455.396508096605
2018-11-28,21455.396508096605
2018-11-29,21455.396508096605
2018-11-30,21455.396508096605
2018-12-03,21455.396508096605
2018-12-04,20722.931285536604
2018-12-06,20207.651285536605
2018-12-07,19805.371285536603
2018-12-10,19895.7712855366
2018-12-11,20008.7712855366
2018-12-12,20553.431285536604
2018-12-13,20234.7712855366
2018-12-14,20164.711285536603
2018-12-17,19794.071285536604
2018-12-18,20257.371285536603
2018-12-19,19351.111285536605
2018-12-20,19120.498879786606
2018-12-21,19120.498879786606
2018-12-24,19120.498879786606
2018-12-26,19120.498879786606
2018-12-27,19120.498879786606
2018-12-28,19120.498879786606
2018-12-31,19120.498879786606
2019-01-02,19120.498879786606
2019-01-03,19120.498879786606
2019-01-04,19120.498879786606
2019-01-07,19120.498879786606
2019-01-08,19120.498879786606
2019-01-09,19120.498879786606
2019-01-10,19405.39893488661
2019-01-11,19432.18893488661
2019-01-14,19060.88893488661
2019-01-15,19262.518934886608
2019-01-16,19239.95893488661
2019-01-17,19843.43893488661
2019-01-18,19912.05893488661
2019-01-22,19249.82893488661
2019-01-23,19083.44893488661
2019-01-24,19399.28893488661
2019-01-25,20095.611078691618
2019-01-28,19911.791078691618
2019-01-29,19917.251078691617
2019-01-30,20552.431078691618
2019-01-31,20381.351078691616
2019-02-01,20395.911078691617
2019-02-04,20064.67107869162
2019-02-05,20272.15107869162
2019-02-06,20870.931078691618
2019-02-07,20590.65107869162
2019-02-08,20765.371078691616
2019-02-11,20985.591078691617
2019-02-12,21586.19107869162
2019-02-13,21438.771078691618
2019-02-14,21462.431078691618
2019-02-15,21788.21107869162
2019-02-19,21724.511078691616
2019-02-20,21926.713078691617
2019-02-21,21779.111078691618
2019-02-22,22414.291078691618
2019-02-25,22649.07107869162
2019-02-26,22419.751078691617
2019-02-27,22508.931078691618
2019-02-28,22878.391078691617
2019-03-01,23122.271078691618
2019-03-04,22425.21107869162
2019-03-05,22450.69107869162
2019-03-06,22161.31107869162
2019-03-07,21897.411078691617
2019-03-08,21664.451078691618
2019-03-11,22266.871078691616
2019-03-12,22348.771078691618
2019-03-13,22447.05107869162
2019-03-14,22365.15107869162
2019-03-15,22672.731078691617
2019-03-18,22874.751078691617
2019-03-19,23198.71107869162
2019-03-20,23062.21107869162
2019-03-21,23742.89107869162
2019-03-22,23167.771078691618
2019-03-25,22665.451078691618
2019-03-26,23120.451078691618
2019-03-27,22849.271078691618
2019-03-28,23109.531078691616
2019-03-29,23149.57107869162
2019-04-01,23684.651078691615
2019-04-02,23568.17107869162
2019-04-03,23473.531078691616
2019-04-04,23337.031078691616
2019-04-05,23566.35107869162
2019-04-08,23715.591078691617
2019-04-09,23539.05107869162
2019-04-10,24023.17107869162
2019-04-11,24110.531078691616
2019-04-12,24536.411078691617
2019-04-15,24472.71107869162
2019-04-16,24640.151078691615
2019-04-17,24793.031078691616
2019-04-18,24634.691078691616
2019-04-22,24541.871078691616
2019-04-23,25035.091078691617
2019-04-24,25502.83107869162
2019-04-25,21160.31107869162
2019-04-26,20757.53821932162
2019-04-29,20952.418219321622
2019-04-30,20531.578219321622
2019-05-01,20556.35821932162
2019-05-02,20456.39821932162
2019-05-03,24513.178219321624
2019-05-06,24040.678219321624
2019-05-07,22852.91821932162
2019-05-08,22712.218219321618
2019-05-09,22988.578219321622
2019-05-10,23626.978219321623
2019-05-13,23004.95821932162
2019-05-14,23830.678219321624
2019-05-15,24260.75821932162
2019-05-16,25218.35821932162
2019-05-17,24329.638219321623
2019-05-20,24309.478219321623
2019-05-21,24261.598219321622
2019-05-22,24116.278219321623
2019-05-23,24585.83821932162
2019-05-24,25084.79821932162
2019-05-28,25422.05821932162
2019-05-29,24289.31821932162
2019-05-30,24485.87821932162
2019-05-31,24159.53821932162
2019-06-03,24086.03821932162
2019-06-04,23369.51821932162
2019-06-05,24101.99821932162
2019-06-06,24628.678219321624
2019-06-07,25586.278219321623
2019-06-10,26089.01821932162
2019-06-11,25956.29821932162
2019-06-12,26380.91821932162
2019-06-13,26892.478219321623
2019-06-14,26069.69821932162
2019-06-17,26189.39821932162
2019-06-18,26353.19821932162
2019-06-19,27136.078219321622
2019-06-20,26928.178219321624
2019-06-21,26684.99821932162
2019-06-24,26313.29821932162
2019-06-25,26008.37821932162
2019-06-26,25784.938219321622
2019-06-27,25845.83821932162
2019-06-28,25892.03821932162
2019-07-01,26208.718219321618
2019-07-02,26530.85821932162
2019-07-03,26805.53821932162
2019-07-05,27001.25821932162
2019-07-08,26656.438219321622
2019-07-09,27101.218219321618
2019-07-10,26797.55821932162
2019-07-11,26837.87821932162
2019-07-12,27278.87821932162
2019-07-15,27292.31821932162
2019-07-16,26823.598219321622
2019-07-17,26730.35821932162
2019-07-18,27441.83821932162
2019-07-19,26519.098219321622
2019-07-22,26931.11821932162
2019-07-23,26860.55821932162
2019-07-24,27917.69821932162
2019-07-25,27602.69821932162
2019-07-26,27695.51821932162
2019-07-29,27640.078219321622
2019-07-30,26816.45821932162
2019-07-31,26297.33821932162
2019-08-01,26508.598219321622
2019-08-02,26015.51821932162
2019-08-05,24316.19821932162
2019-08-06,24755.425479751622
2019-08-07,24755.425479751622
2019-08-08,24755.425479751622
2019-08-09,24755.425479751622
2019-08-12,24755.425479751622
2019-08-13,24755.425479751622
2019-08-14,24755.425479751622
2019-08-15,24755.425479751622
2019-08-16,24755.425479751622
2019-08-19,24755.425479751622
2019-08-20,24755.425479751622
2019-08-21,24755.425479751622
2019-08-22,24755.425479751622
2019-08-23,24755.425479751622
2019-08-26,24755.425479751622
2019-08-27,24755.425479751622
2019-08-28,24755.425479751622
2019-08-29,24755.425479751622
2019-08-30,24755.425479751622
2019-09-03,24755.425479751622
2019-09-04,24755.425479751622
2019-09-05,24755.425479751622
2019-09-06,24558.35277867163
2019-09-09,24362.422778671626
2019-09-10,24517.922778671626
2019-09-11,25080.83277867163
2019-09-12,24825.81277867163
2019-09-13,24617.442778671626
2019-09-16,24502.37277867163
2019-09-17,24704.522778671628
2019-09-18,24769.83277867163
2019-09-19,24561.46277867163
2019-09-20,24004.772778671628
2019-09-23,24253.572778671627
2019-09-24,23628.46277867163
2019-09-25,24259.79277867163
2019-09-26,24287.782778671626
2019-09-27,24063.862778671628
2019-09-30,23955.01277867163
2019-10-01,23703.102778671626
2019-10-02,23242.822778671627
2019-10-03,23783.96277867163
2019-10-04,24331.322778671627
2019-10-07,23973.67277867163
2019-10-08,22888.282778671626
2019-10-09,23068.660136726627
2019-10-10,23068.660136726627
2019-10-11,23068.660136726627
2019-10-14,23068.660136726627
2019-10-15,23068.660136726627
2019-10-16,22410.145450886626
2019-10-17,22347.665450886623
2019-10-18,22405.745450886625
2019-10-21,22934.625450886626
2019-10-22,22482.305450886626
2019-10-23,22690.865450886628
2019-10-24,23334.145450886626
2019-10-25,23248.430731686625
2019-10-28,24211.630731686626
2019-10-29,23802.270731686625
2019-10-30,23894.290731686626
2019-10-31,23333.57073168663
2019-11-01,23954.490731686627
2019-11-04,23940.730731686628
2019-11-05,23927.830731686627
2019-11-06,23717.990731686627
2019-11-07,23597.59073168663
2019-11-08,24091.348944746627
2019-11-11,23530.708944746628
2019-11-12,23307.988944746627
2019-11-13,23179.988944746627
2019-11-14,23182.548944746628
2019-11-15,23267.028944746628
2019-11-18,23182.548944746628
2019-11-19,22537.428944746625
2019-11-20,21938.388944746628
2019-11-21,21807.828944746627
2019-11-22,21751.508944746627
2019-11-25,21853.90894474663
2019-11-26,21684.948944746626
2019-11-27,21511.887278676626
2019-11-29,21370.18727867663
2019-12-02,21141.287278676627
2019-12-03,21233.93727867663
2019-12-04,21664.48727867663
2019-12-05,21626.337278676627
2019-12-06,21631.78727867663
2019-12-09,21250.287278676627
2019-12-10,21528.23727867663
2019-12-11,21544.587278676627
2019-12-12,23244.987278676632
2019-12-13,22460.18727867663
2019-12-16,23114.18727867663
2019-12-17,22902.991860701633
2019-12-18,23752.591860701632
2019-12-19,24405.991860701633
2019-12-20,24498.96186070163
2019-12-23,25316.791860701633
2019-12-24,25678.591860701632
2019-12-26,26019.96186070163
2019-12-27,25986.39186070163
2019-12-30,25045.62186070163
2019-12-31,25263.42186070163
2020-01-02,25979.19186070163
2020-01-03,26744.19186070163
2020-01-06,27256.021860701632
2020-01-07,28307.221860701633
2020-01-08,29691.96186070163
2020-01-09,29043.96186070163
2020-01-10,28852.621860701634
2020-01-13,31655.221860701633
2020-01-14,32438.76186070163
2020-01-15,31273.62186070163
2020-01-16,30973.021860701632
2020-01-17,30793.561860701633
2020-01-21,32995.591860701636
2020-01-22,34337.22186070164
2020-01-23,34495.621860701634
2020-01-24,34052.82186070163
2020-01-27,33644.761860701634
2020-01-28,34177.56186070164
2020-01-29,35023.02186070163
2020-01-30,38612.22186070164
2020-01-31,39197.761860701634
2020-02-03,46963.591860701636
2020-02-04,53387.16186070163
2020-02-05,44245.591860701636
2020-02-06,41301.723518136634
2020-02-07,40270.48351813663
2020-02-10,40833.09351813663
2020-02-11,41574.77351813664
2020-02-12,42711.42351813663
2020-02-13,43595.34351813663
2020-02-14,43305.78351813663
2020-02-18,41532.86351813663
2020-02-19,42613.63351813664
2020-02-20,41420.47089196164
2020-02-21,40954.97089196164
2020-02-24,40604.97089196164
2020-02-25,39337.97089196164
2020-02-26,39243.47089196164
2020-02-27,37913.47089196164
2020-02-28,36349.38909296164
2020-03-02,36349.38909296164
2020-03-03,36349.38909296164
2020-03-04,36349.38909296164
2020-03-05,36349.38909296164
2020-03-06,36349.38909296164
2020-03-09,36349.38909296164
2020-03-10,36349.38909296164
2020-03-11,36349.38909296164
2020-03-12,36349.38909296164
2020-03-13,36349.38909296164
2020-03-16,36349.38909296164
2020-03-17,36349.38909296164
2020-03-18,36349.38909296164
2020-03-19,36349.38909296164
2020-03-20,36349.38909296164
2020-03-23,36349.38909296164
2020-03-24,36349.38909296164
2020-03-25,36349.38909296164
2020-03-26,36349.38909296164
2020-03-27,36349.38909296164
2020-03-30,36349.38909296164
2020-03-31,36349.38909296164
2020-04-01,36349.38909296164
2020-04-02,36349.38909296164
2020-04-03,36349.38909296164
2020-04-06,36349.38909296164
2020-04-07,36349.38909296164
2020-04-08,36349.38909296164
2020-04-09,36349.38909296164
2020-04-13,36349.38909296164
2020-04-14,36349.38909296164
2020-04-15,35191.53003076164
2020-04-16,37111.85003076164
2020-04-17,39074.330030761645
2020-04-20,39145.02183895866
2020-04-21,36043.74183895866
2020-04-22,38404.02183895866
2020-04-23,37027.08783895866
2020-04-24,38042.10183895865
2020-04-27,41869.327838958656
2020-04-28,40328.59383895866
2020-04-29,41960.821838958655
2020-04-30,40992.06183895865
2020-05-01,36802.99383895866
2020-05-04,39916.20783895866
2020-05-05,40281.247838958654
2020-05-06,41028.48783895866
2020-05-07,40896.433838958656
2020-05-08,42944.16783895865
2020-05-11,42521.40783895866
2020-05-12,42423.67383895865
2020-05-13,41464.27383895866
2020-05-14,42107.46183895866
2020-05-15,41891.16783895865
2020-05-18,42643.08783895866
2020-05-19,42350.821838958655
2020-05-20,42743.47383895866
2020-05-21,43369.501838958655
2020-05-22,42812.113838958656
2020-05-26,42915.541838958656
2020-05-27,42986.287838958655
2020-05-28,42236.47383895866
2020-05-29,43754.353838958654
2020-06-01,47035.501838958655
2020-06-02,45761.98860977166
2020-06-03,49219.998609771654
2020-06-04,46259.118609771656
2020-06-05,45656.868609771656
2020-06-08,46145.23860977166
2020-06-09,45181.63860977165
2020-06-10,48595.84860977166
2020-06-11,48825.79860977166
2020-06-12,48267.34860977166
2020-06-15,52537.84860977166
2020-06-16,53313.108609771654
2020-06-17,52042.90860977165
2020-06-18,53096.29860977166
2020-06-19,53514.58860977165
2020-06-22,55220.59860977166
2020-06-23,55557.858609771654
2020-06-24,56234.56860977165
2020-06-25,57025.15860977165
2020-06-26,56431.66860977166
2020-06-29,54627.108609771654
2020-06-30,55717.72860977165
2020-07-01,56941.938609771656
2020-07-02,57513.52860977166
2020-07-06,61634.16853563065
2020-07-07,62438.444535630646
2020-07-08,61383.368535630645
2020-07-09,62632.94653563065
2020-07-10,69249.24853563064
2020-07-13,67155.26653563065
2020-07-14,68023.82653563065
2020-07-15,69309.04453563064
2020-07-16,67312.80853563064
2020-07-17,67321.58653563063
2020-07-20,73576.60453563064
2020-07-21,70292.44453563064
2020-07-22,71347.12453563066
2020-07-23,67685.72581891067
2020-07-24,65781.96581891066
2020-07-27,71798.56581891066
2020-07-28,73217.40581891066
2020-07-29,71439.36581891068
2020-07-30,69751.12581891066
2020-07-31,66581.18581891066
2020-08-03,70065.42581891068
2020-08-04,70496.46581891066
2020-08-05,68107.78581891066
2020-08-06,66275.86581891068
2020-08-07,66581.18581891066
2020-08-10,64704.36581891067
2020-08-11,61974.445818910666
2020-08-12,62468.34581891067
2020-08-13,60950.725818910665
2020-08-14,59856.31853632969
2020-08-17,66513.81653632969
2020-08-18,68366.01653632967
2020-08-19,66419.1406841507
2020-08-20,70576.7006841507
2020-08-21,70332.2806841507
2020-08-24,66520.10868733072
2020-08-25,66821.71218733072
2020-08-26,71106.13518733073
2020-08-27,73930.25868733072
2020-08-28,73093.70868733071
2020-08-31,77484.42013397497
2020-09-01,109040.84013397497
2020-09-02,100917.90013397497
2020-09-03,90864.78013397497
2020-09-04,88144.44013397496
2020-09-08,83620.06013397497
2020-09-09,87539.60088672496
2020-09-10,87539.60088672496
2020-09-11,87539.60088672496
2020-09-14,87539.60088672496
2020-09-15,87539.60088672496
2020-09-16,87539.60088672496
2020-09-17,87539.60088672496
2020-09-18,87539.60088672496
2020-09-21,87539.60088672496
2020-09-22,87539.60088672496
2020-09-23,87539.60088672496
2020-09-24,87539.60088672496
2020-09-25,87539.60088672496
2020-09-28,87539.60088672496
2020-09-29,87539.60088672496
2020-09-30,87539.60088672496
2020-10-01,87539.60088672496
2020-10-02,87539.60088672496
2020-10-05,87539.60088672496
2020-10-06,87539.60088672496
2020-10-07,87539.60088672496
2020-10-08,87539.60088672496
2020-10-09,87539.60088672496
2020-10-12,87539.60088672496
2020-10-13,91337.02669472496
2020-10-14,89657.98669472497
2020-10-15,94436.38669472496
2020-10-16,98413.98669472497
2020-10-19,100057.82669472498
2020-10-20,94545.50669472496
2020-10-21,90351.42669472497
2020-10-22,91645.02669472496
2020-10-23,90057.50669472496
2020-10-26,88851.38341611998
2020-10-27,88964.48341611997
2020-10-28,85926.38341611998
2020-10-29,85353.08341611997
2020-10-30,83307.53341611997
2020-11-02,89617.73341611998
2020-11-03,90898.88341611998
2020-11-04,94496.63341611998
2020-11-05,96144.38341611999
2020-11-06,93402.68341611998
2020-11-09,91128.54331359999
2020-11-10,88511.6433136
2020-11-11,95693.10331359999
2020-11-12,115212.6033136
2020-11-13,129867.24331359999
2020-11-16,121922.1633136
2020-11-17,113633.8833136
2020-11-18,113642.46331359999
2020-11-19,115603.34695311704
2020-11-20,113371.88695311703
2020-11-23,120819.35005311704
2020-11-24,128564.80315311703
2020-11-25,132865.97695311706
2020-11-27,135582.53695311706
2020-11-30,131387.60005311703
2020-12-01,135351.56005311705
2020-12-02,131669.44315311703
2020-12-03,137342.75695311703
2020-12-04,138650.24005311704
2020-12-07,148518.56005311705
2020-12-08,150394.303153117
2020-12-09,139906.85695311707
2020-12-10,145125.14695311704
2020-12-11,141179.69005311705
2020-12-14,148072.75315311702
2020-12-15,146552.72695311706
2020-12-16,144131.87005311705
2020-12-17,151784.87695311703
2020-12-18,160817.02315311704
2020-12-21,150389.66005311703
2020-12-22,148190.56315311702
2020-12-23,149493.40315311705
2020-12-24,153140.87005311705
2020-12-28,153584.39005311707
2020-12-29,154115.71315311705
2020-12-30,160766.15695311705
2020-12-31,163281.74695311702
2021-01-04,168848.89315311704
2021-01-05,170082.43315311702
2021-01-06,174903.35695311707
2021-01-07,188777.21695311705
2021-01-08,203556.62005311705
2021-01-11,187656.91315311706
2021-01-12,196492.66315311706
2021-01-13,197640.68695311702
2021-01-14,195467.02315311704
2021-01-15,191114.98315311706
2021-01-19,195363.07315311703
2021-01-20,196725.926953117
2021-01-21,195464.66695311706
2021-01-22,195845.81695311703
2021-01-25,203736.80005311704
2021-01-26,204265.76695311704
2021-01-27,199892.93695311702
2021-01-28,193256.35315311706
2021-01-29,183577.43005311704
2021-02-01,194268.13315311703
2021-02-02,201886.49005311704
2021-02-03,197705.41315311706
2021-02-04,196619.69005311705
2021-02-05,197137.15315311705
2021-02-08,199722.04315311706
2021-02-09,196497.236953117
2021-02-10,186185.39695311704
2021-02-11,187765.43695311702
2021-02-12,188795.72005311702
2021-02-16,182819.63364722906
2021-02-17,181008.92364722904
2021-02-18,173653.55364722904
2021-02-19,178942.46364722907
2021-02-22,163218.95364722906
2021-02-23,153807.35364722903
2021-02-24,148303.61364722904
2021-02-25,153429.62040089906
2021-02-26,153429.62040089906
2021-03-01,153429.62040089906
2021-03-02,153429.62040089906
2021-03-03,153429.62040089906
2021-03-04,153429.62040089906
2021-03-05,153429.62040089906
2021-03-08,153429.62040089906
2021-03-09,153429.62040089906
2021-03-10,153429.62040089906
2021-03-11,153429.62040089906
2021-03-12,153429.62040089906
2021-03-15,153429.62040089906
2021-03-16,153429.62040089906
2021-03-17,153429.62040089906
2021-03-18,153429.62040089906
2021-03-19,153429.62040089906
2021-03-22,153429.62040089906
2021-03-23,153429.62040089906
2021-03-24,153429.62040089906
2021-03-25,153429.62040089906
2021-03-26,153429.62040089906
2021-03-29,153429.62040089906
2021-03-30,153429.62040089906
2021-03-31,153429.62040089906
2021-04-01,153429.62040089906
2021-04-05,153429.62040089906
2021-04-06,147842.32439183904
2021-04-07,147418.72439183903
2021-04-08,147641.11439183904
2021-04-09,147175.15439183905
2021-04-12,143034.46439183905
2021-04-13,143140.36439183904
2021-04-14,142123.72439183903
2021-04-15,142409.65439183905
2021-04-16,141689.53439183903
2021-04-19,138681.97439183903
2021-04-20,136246.27439183905
2021-04-21,143087.41439183906
2021-04-22,139592.71439183905
2021-04-23,142886.20439183907
2021-04-26,145470.16439183906
2021-04-27,144919.48439183904
2021-04-28,143765.17439183904
2021-04-29,143447.47439183903
2021-04-30,140609.35439183906
2021-05-03,140757.61439183904
2021-05-04,136383.94439183906
2021-05-05,138046.57439183904
2021-05-06,139571.53439183903
2021-05-07,140863.51439183904
2021-05-10,132116.17439183904
2021-05-11,126324.14333183905
2021-05-12,126324.14333183905
2021-05-13,126324.14333183905
2021-05-14,126324.14333183905
2021-05-17,126324.14333183905
2021-05-18,126324.14333183905
2021-05-19,126324.14333183905
2021-05-20,126324.14333183905
2021-05-21,126324.14333183905
2021-05-24,126324.14333183905
2021-05-25,126324.14333183905
2021-05-26,126324.14333183905
2021-05-27,126324.14333183905
2021-05-28,126324.14333183905
2021-06-01,126324.14333183905
2021-06-02,126324.14333183905
2021-06-03,126324.14333183905
2021-06-04,126324.14333183905
2021-06-07,126324.14333183905
2021-06-08,126324.14333183905
2021-06-09,126324.14333183905
2021-06-10,126324.14333183905
2021-06-11,129544.46140173904
2021-06-14,122932.14140173903
2021-06-15,119568.18140173904
2021-06-16,117400.68140173904
2021-06-17,120076.82140173904
2021-06-18,118180.98140173903
2021-06-21,123411.88140173904
2021-06-22,130995.24140173904
2021-06-23,125608.28140173903
2021-06-24,130290.08140173904
2021-06-25,130174.48140173903
2021-06-28,131908.48140173903
2021-06-29,138567.04140173906
2021-06-30,138867.60140173906
2021-07-01,138942.74140173907
2021-07-02,138474.56140173902
2021-07-06,137919.681401739
2021-07-07,131307.36140173904
2021-07-08,126923.26285773909
2021-07-09,129191.35285773908
2021-07-12,131009.65285773909
2021-07-13,130521.58285773908
2021-07-14,129909.10285773908
2021-07-15,124856.41719872908
2021-07-16,127187.44516013908
2021-07-19,139246.48516013907
2021-07-20,136467.04516013907
2021-07-21,142585.36516013907
2021-07-22,143637.64516013907
2021-07-23,154893.04516013907
2021-07-26,149138.80516013908
2021-07-27,145866.52516013908
2021-07-28,155110.60516013906
2021-07-29,153476.68516013908
2021-07-30,157010.9251601391
2021-08-02,153907.36516013907
2021-08-03,171622.96516013908
2021-08-04,186070.7251601391
2021-08-05,184831.96516013908
2021-08-06,183704.2051601391
2021-08-09,215117.2051601391
2021-08-10,202813.96516013908
2021-08-11,171099.04516013907
2021-08-12,173803.0051601391
2021-08-13,173074.84516013906
2021-08-16,166006.36516013907
2021-08-17,178438.36516013907
2021-08-18,177079.7251601391
2021-08-19,166747.84516013906
2021-08-20,170055.64516013907
2021-08-23,182891.68516013908
2021-08-24,175365.88516013906
2021-08-25,176666.80516013908
2021-08-26,177745.7251601391
2021-08-27,169718.2051601391
2021-08-30,164598.88516013906
2021-08-31,162514.7000342341
2021-09-01,162920.7000342341
2021-09-02,162594.4500342341
2021-09-03,165835.2000342341
2021-09-07,164522.9500342341
2021-09-08,162181.2000342341
2021-09-09,161006.7000342341
2021-09-10,163188.9500342341
2021-09-13,160825.4500342341
2021-09-14,161477.9500342341
2021-09-15,162195.7000342341
2021-09-16,161477.9500342341
2021-09-17,158998.4500342341
2021-09-20,153292.7000342341
2021-09-21,154256.9500342341
2021-09-22,159295.7000342341
2021-09-23,163217.9500342341
2021-09-24,160310.7000342341
2021-09-27,157258.4500342341
2021-09-28,150291.2000342341
2021-09-29,151048.8860592966
2021-09-30,151048.8860592966
2021-10-01,151048.8860592966
2021-10-04,151048.8860592966
2021-10-05,151048.8860592966
2021-10-06,151048.8860592966
2021-10-07,151048.8860592966
2021-10-08,151048.8860592966
2021-10-11,151048.8860592966
2021-10-12,151048.8860592966
2021-10-13,151048.8860592966
2021-10-14,151048.8860592966
2021-10-15,151048.8860592966
2021-10-18,151048.8860592966
2021-10-19,148435.32457679661
2021-10-20,148157.3545767966
2021-10-21,150839.58457679662
2021-10-22,153034.4645767966
2021-10-25,155131.8745767966
2021-10-26,153510.98457679662
2021-10-27,149308.9445767966
2021-10-28,150915.39457679662
2021-10-29,165644.1945767966
2021-11-01,162759.80457679663
2021-11-02,162813.95457679662
2021-11-03,161059.49457679663
2021-11-04,162391.58457679662
2021-11-05,157380.8612093066
2021-11-08,162935.42120930663
2021-11-09,162159.2612093066
2021-11-10,155833.8212093066
2021-11-11,160749.5012093066
2021-11-12,160749.5012093066
2021-11-15,158822.3012093066
2021-11-16,159762.1412093066
2021-11-17,154788.38120930662
2021-11-18,167534.3012093066
2021-11-19,174451.10120930662
2021-11-22,169017.9812093066
2021-11-23,167909.18120930658
2021-11-24,172809.0212093066
2021-11-26,166626.1412093066
2021-11-29,176515.5812093066
2021-11-30,172819.5812093066
2021-12-01,166288.22120930662
2021-12-02,169936.7012093066
2021-12-03,162370.4612093066
2021-12-06,158906.78120930662
2021-12-07,171525.9812093066
2021-12-08,168352.7012093066
2021-12-09,161298.62120930658
2021-12-10,159756.8612093066
2021-12-13,149001.50120930662
2021-12-14,145612.31590826664
2021-12-15,145612.31590826664
2021-12-16,145612.31590826664
2021-12-17,145612.31590826664
2021-12-20,145612.31590826664
2021-12-21,145612.31590826664
2021-12-22,145612.31590826664
2021-12-23,145612.31590826664
2021-12-27,145612.31590826664
2021-12-28,145612.31590826664
2021-12-29,145612.31590826664
2021-12-30,145612.31590826664
2021-12-31,145612.31590826664
2022-01-03,145612.31590826664
2022-01-04,145612.31590826664
2022-01-05,145612.31590826664
2022-01-06,145612.31590826664
2022-01-07,145612.31590826664
2022-01-10,145612.31590826664
2022-01-11,145612.31590826664
2022-01-12,145612.31590826664
2022-01-13,145612.31590826664
2022-01-14,145612.31590826664
2022-01-18,145612.31590826664
2022-01-19,145612.31590826664
2022-01-20,145612.31590826664
2022-01-21,145612.31590826664
2022-01-24,145612.31590826664
2022-01-25,145612.31590826664
2022-01-26,145612.31590826664
2022-01-27,145612.31590826664
2022-01-28,145612.31590826664
2022-01-31,145612.31590826664
2022-02-01,145612.31590826664
2022-02-02,145612.31590826664
2022-02-03,145612.31590826664
2022-02-04,145612.31590826664
2022-02-07,145612.31590826664
2022-02-08,145612.31590826664
2022-02-09,145612.31590826664
2022-02-10,145612.31590826664
2022-02-11,145612.31590826664
2022-02-14,145612.31590826664
2022-02-15,145612.31590826664
2022-02-16,145612.31590826664
2022-02-17,145612.31590826664
2022-02-18,145612.31590826664
2022-02-22,145612.31590826664
2022-02-23,145612.31590826664
2022-02-24,145612.31590826664
2022-02-25,145612.31590826664
2022-02-28,145612.31590826664
2022-03-01,145612.31590826664
2022-03-02,145612.31590826664
2022-03-03,145612.31590826664
2022-03-04,145612.31590826664
2022-03-07,145612.31590826664
2022-03-08,145612.31590826664
2022-03-09,145612.31590826664
2022-03-10,145612.31590826664
2022-03-11,145612.31590826664
2022-03-14,145612.31590826664
2022-03-15,145612.31590826664
2022-03-16,145612.31590826664
2022-03-17,145612.31590826664
2022-03-18,145612.31590826664
2022-03-21,145612.31590826664
2022-03-22,145612.31590826664
2022-03-23,148434.78477980016
2022-03-24,152874.18477980018
2022-03-25,152932.98477980017
2022-03-28,153631.23477980017
2022-03-29,151489.93477980018
2022-03-30,149230.93461618153
2022-03-31,147001.9082161815
2022-04-01,147952.54821618152
2022-04-04,156229.52181618154
2022-04-05,152565.88378789136
2022-04-06,152879.16378789133
2022-04-07,155375.61378789134
2022-04-08,159595.10378789133
2022-04-11,162111.13378789136
2022-04-12,163765.64378789134
2022-04-13,167573.95378789134
2022-04-14,169512.37378789135
2022-04-18,168513.79378789134
2022-04-19,168357.15378789135
2022-04-20,170520.74378789135
2022-04-21,169522.16378789133
2022-04-22,164069.13378789136
2022-04-25,166379.57378789134
2022-04-26,164803.38378789136
2022-04-27,162698.53378789136
2022-04-28,163697.11378789134
2022-04-29,159134.97378789133
2022-05-02,158637.05096139133
2022-05-03,158637.05096139133
2022-05-04,158637.05096139133
2022-05-05,158637.05096139133
2022-05-06,158637.05096139133
2022-05-09,158637.05096139133
2022-05-10,158637.05096139133
2022-05-11,158637.05096139133
2022-05-12,158637.05096139133
2022-05-13,158637.05096139133
2022-05-16,158637.05096139133
2022-05-17,158637.05096139133
2022-05-18,158637.05096139133
2022-05-19,158637.05096139133
2022-05-20,158637.05096139133
2022-05-23,158637.05096139133
2022-05-24,158637.05096139133
2022-05-25,158637.05096139133
2022-05-26,158637.05096139133
2022-05-27,158637.05096139133
2022-05-31,158637.05096139133
2022-06-01,158637.05096139133
2022-06-02,158637.05096139133
2022-06-03,158637.05096139133
2022-06-06,158637.05096139133
2022-06-07,158637.05096139133
2022-06-08,158637.05096139133
2022-06-09,158637.05096139133
2022-06-10,158637.05096139133
2022-06-13,158637.05096139133
2022-06-14,158637.05096139133
2022-06-15,158637.05096139133
2022-06-16,158637.05096139133
2022-06-17,158637.05096139133
2022-06-21,158637.05096139133
2022-06-22,158637.05096139133
2022-06-23,158637.05096139133
2022-06-24,158637.05096139133
2022-06-27,158637.05096139133
2022-06-28,158637.05096139133
2022-06-29,158637.05096139133
2022-06-30,158637.05096139133
2022-07-01,158637.05096139133
2022-07-05,158637.05096139133
2022-07-06,158637.05096139133
2022-07-07,158637.05096139133
2022-07-08,158637.05096139133
2022-07-11,158637.05096139133
2022-07-12,158637.05096139133
2022-07-13,158637.05096139133
2022-07-14,158637.05096139133
2022-07-15,158637.05096139133
2022-07-18,158637.05096139133
2022-07-19,158637.05096139133
2022-07-20,158637.05096139133
2022-07-21,156135.94798979635
2022-07-22,154582.12798979634
2022-07-25,156450.01798979632
2022-07-26,158951.55798979633
2022-07-27,158273.82798979632
2022-07-28,154874.15798979634
2022-07-29,154648.24798979633
2022-08-01,151022.66798979632
2022-08-02,151039.19798979635
2022-08-03,151683.86798979633
2022-08-04,151584.68798979634
2022-08-05,158846.86798979633
2022-08-08,162108.7879897963
2022-08-09,164797.66798979632
2022-08-10,163111.60798979632
2022-08-11,161122.49798979633
2022-08-12,162422.85798979632
2022-08-15,168489.36798979633
2022-08-16,167095.33798979633
2022-08-17,165018.06798979634
2022-08-18,162296.12798979634
2022-08-19,164913.37798979634
2022-08-22,162048.17798979633
2022-08-23,158266.81327759134
2022-08-24,159883.8132775913
2022-08-25,161797.8132775913
2022-08-26,156043.85808699136
2022-08-29,156371.95808699136
2022-08-30,153843.65808699135
2022-08-31,157510.65808699137
2022-09-01,159305.55808699137
2022-09-02,156507.05808699134
2022-09-06,158803.75808699138
2022-09-07,160038.95808699136
2022-09-08,165616.65808699137
2022-09-09,168936.25808699138
2022-09-12,170132.85808699136
2022-09-13,166755.35808699136
2022-09-14,169978.45808699136
2022-09-15,167565.95808699136
2022-09-16,165192.05808699134
2022-09-19,172506.75808699135
2022-09-20,169399.45808699136
2022-09-21,168492.35808699136
2022-09-22,164825.35808699136
2022-09-23,161872.45808699136
2022-09-26,160077.55808699137
2022-09-27,162104.05808699137
2022-09-28,164130.55808699137
2022-09-29,160309.15808699137
2022-09-30,160598.65808699135
2022-10-03,167160.65808699137
2022-10-04,172468.15808699137
2022-10-05,170210.05808699137
2022-10-06,166562.35808699136
2022-10-07,162914.65808699137
2022-10-10,163551.55808699137
2022-10-11,160000.35808699136
2022-10-12,158610.75808699135
2022-10-13,161814.55808699134
2022-10-14,156873.75808699138
2022-10-17,159613.44656729136
2022-10-18,159613.44656729136
2022-10-19,159613.44656729136
2022-10-20,159613.44656729136
2022-10-21,159613.44656729136
2022-10-24,159613.44656729136
2022-10-25,159613.44656729136
2022-10-26,159613.44656729136
2022-10-27,159613.44656729136
2022-10-28,159613.44656729136
2022-10-31,159613.44656729136
2022-11-01,159613.44656729136
2022-11-02,159613.44656729136
2022-11-03,159613.44656729136
2022-11-04,159613.44656729136
2022-11-07,159613.44656729136
2022-11-08,159613.44656729136
2022-11-09,159613.44656729136
2022-11-10,159613.44656729136
2022-11-11,159613.44656729136
2022-11-14,153420.6945435214
2022-11-15,166511.37454352138
2022-11-16,158511.5145435214
2022-11-17,165526.05454352137
2022-11-18,164587.6545435214
2022-11-21,158652.2745435214
2022-11-22,156634.7145435214
2022-11-23,156517.41454352136
2022-11-25,154265.25454352138
2022-11-28,173737.05454352137
2022-11-29,184012.5345435214
2022-11-30,192481.5945435214
2022-12-01,196469.79454352136
2022-12-02,202569.3945435214
2022-12-05,205994.55454352137
2022-12-06,203906.61454352137
2022-12-07,201349.47454352136
2022-12-08,213759.81454352138
2022-12-09,210475.41454352136
2022-12-12,201935.97454352136
2022-12-13,208199.79454352136
2022-12-14,211179.2145435214
2022-12-15,204469.6545435214
2022-12-16,204188.1345435214
2022-12-19,204000.4545435214
2022-12-20,200950.6545435214
2022-12-21,201607.5345435214
2022-12-22,200575.29454352136
2022-12-23,197150.1345435214
2022-12-27,199894.9545435214
2022-12-28,191027.0745435214
2022-12-29,193349.61454352137
2022-12-30,191332.05454352137
2023-01-03,198323.1345435214
2023-01-04,213642.5145435214
2023-01-05,223894.5345435214
2023-01-06,225137.91454352136
2023-01-09,224105.67454352137
2023-01-10,220750.8945435214
2023-01-11,218240.67454352137
2023-01-12,219272.91454352136
2023-01-13,227577.75454352138
2023-01-17,215648.51443519644
2023-01-18,215721.1583351964
2023-01-19,208747.60833519642
2023-01-20,226409.52833519643
2023-01-23,236271.64833519646
2023-01-24,240508.6583351964
2023-01-25,243238.58833519643
2023-01-26,241196.09833519644
2023-01-27,238485.99833519643
2023-01-30,233422.73833519645
2023-01-31,233918.48833519645
2023-02-01,239292.41833519645
2023-02-02,242531.3183351964
2023-02-03,241876.92833519643
2023-02-06,238955.37443519643
2023-02-07,239926.9783351964
2023-02-08,242491.6583351964
2023-02-09,239629.52833519643
2023-02-10,229621.98833519645
2023-02-13,237031.79833519642
2023-02-14,237950.58833519643
2023-02-15,238915.64833519646
2023-02-16,231836.33833519643
2023-02-17,230018.58833519643
2023-02-21,223104.52833519643
2023-02-22,221372.70833519642
2023-02-23,213949.67833519643
2023-02-24,207208.80010572146
2023-02-27,211882.49010572143
2023-02-28,218507.28010572144
2023-03-01,216488.16010572144
2023-03-02,218242.36010572143
2023-03-03,219713.74010572143
2023-03-06,224997.82010572145
2023-03-07,226546.17010572145
2023-03-08,224337.31010572144
2023-03-09,215247.69010572144
2023-03-10,209206.44010572144
2023-03-13,208184.35010572142
2023-03-14,217605.12010572143
2023-03-15,212951.12010572143
2023-03-16,217565.74010572143
2023-03-17,215133.13010572144
2023-03-20,211839.53010572144
2023-03-21,218582.46010572146
2023-03-22,216780.1734414965
2023-03-23,222701.5434414965
2023-03-24,219327.2634414965
2023-03-27,217296.1434414965
2023-03-28,216305.1534414965
2023-03-29,221006.21344149648
2023-03-30,224274.02344149648
2023-03-31,227500.88344149647
2023-04-03,229040.60344149647
2023-04-04,224847.32344149647
2023-04-05,220162.6434414965
2023-04-06,221440.2834414965
2023-04-10,225879.2634414965
2023-04-11,222521.36344149648
2023-04-12,217001.30344149648
2023-04-13,216739.2234414965
2023-04-14,219155.27344149648
2023-04-17,221153.63344149647
2023-04-18,226599.9834414965
2023-04-19,228762.1434414965
2023-04-20,221989.0134414965
2023-04-21,222111.86344149648
2023-04-24,221481.2334414965
2023-04-25,214921.0434414965
2023-04-26,220776.8934414965
2023-04-27,222988.1934414965
2023-04-28,227271.5634414965
2023-05-01,236780.1534414965
2023-05-02,231047.1534414965
2023-05-03,227705.63344149647
2023-05-04,225740.0334414965
2023-05-05,234896.4534414965
2023-05-08,238753.9434414965
2023-05-09,234003.74344149648
2023-05-10,236575.4034414965
2023-05-11,234061.07344149647
2023-05-12,232111.85344149647
2023-05-15,237132.32344149647
2023-05-16,239261.7234414965
2023-05-17,247165.07344149647
2023-05-18,259450.07344149647
2023-05-19,256059.41344149646
2023-05-22,255338.6934414965
2023-05-23,251341.9734414965
2023-05-24,250113.4734414965
2023-05-25,311063.4534414965
2023-05-26,318974.9934414965
2023-05-30,328516.3434414965
2023-05-31,309867.7134414965
2023-06-01,325723.55344149645
2023-06-02,322095.3834414965
2023-06-05,320817.7434414965
2023-06-06,316583.5134414965
2023-06-07,306960.2634414965
2023-06-08,315436.99534149654
2023-06-09,317566.31344149646
2023-06-12,323397.5934414965
2023-06-13,320709.6001068266
2023-06-14,323107.0301068266
2023-06-15,333121.9101068266
2023-06-16,332141.6801068266
2023-06-20,331331.8401757016
2023-06-21,325563.5601757016
2023-06-22,325412.3601757016
2023-06-23,319243.4001757016
2023-06-26,307321.2801757016
2023-06-27,316725.9201757016
2023-06-28,310987.88017570163
2023-06-29,308757.6801757016
2023-06-30,319946.4801757016
2023-07-03,320785.6401757016
2023-07-05,320059.88017570163
2023-07-06,318442.0401757016
2023-07-07,321466.0401757016
2023-07-10,319024.1601757016
2023-07-11,320725.1601757016
2023-07-12,332042.55577570165
2023-07-13,347729.4801757016
2023-07-14,343889.0001757016
2023-07-17,351388.52017570165
2023-07-18,359198.0001757016
2023-07-19,356045.4801757016
2023-07-20,344274.5601757016
2023-07-21,335119.4001757016
2023-07-24,337410.08017570165
2023-07-25,345476.6001757016
2023-07-26,343760.4801757016
2023-07-27,347147.3601757016
2023-07-28,353573.3601757016
2023-07-31,353414.6001757016
2023-08-01,351736.2801757016
2023-08-02,334817.0001757016
2023-08-03,336676.7601757016
2023-08-04,337924.1601757016
2023-08-07,343492.1001757016
2023-08-08,337803.2001757016
2023-08-09,321851.6001757016
2023-08-10,316802.97078850167
2023-08-11,316802.97078850167
2023-08-14,316802.97078850167
2023-08-15,316802.97078850167
2023-08-16,316802.97078850167
2023-08-17,316802.97078850167
2023-08-18,316802.97078850167
2023-08-21,316802.97078850167
2023-08-22,316802.97078850167
2023-08-23,316802.97078850167
2023-08-24,316802.97078850167
2023-08-25,316802.97078850167
2023-08-28,316802.97078850167
2023-08-29,316802.97078850167
2023-08-30,316168.0234822817
2023-08-31,316751.3334822817
2023-09-01,311328.4734822817
2023-09-05,311578.4634822817
2023-09-06,302072.43348228175
2023-09-07,296816.23348228174
2023-09-08,292527.94348228176
2023-09-11,290002.46758228174
2023-09-12,288028.12348228175
2023-09-13,291970.2734822818
2023-09-14,292585.63348228176
2023-09-15,281810.42348228174
2023-09-18,282233.48348228174
2023-09-19,279374.62348228175
2023-09-20,271163.4134822817
2023-09-21,263374.2969646968
2023-09-22,272694.5469646968
2023-09-25,275015.0469646968
2023-09-26,275831.0469646968
2023-09-27,271228.2969646968
2023-09-28,270833.0469646968
2023-09-29,270718.2969646968
2023-10-02,270195.5469646968
2023-10-03,271177.2969646968
2023-10-04,272758.2969646968
2023-10-05,272809.2969646968
2023-10-06,272465.0469646968
2023-10-09,273714.5469646968
2023-10-10,273574.2969646968
2023-10-11,273714.5469646968
2023-10-12,273663.5469646968
2023-10-13,273115.2969646968
2023-10-16,274237.2969646968
2023-10-17,274785.5469646968
2023-10-18,274160.7969646968
2023-10-19,274313.7969646968
2023-10-20,274989.5469646968
2023-10-23,276736.2969646968
2023-10-24,277475.7969646968
2023-10-25,276443.0469646968
2023-10-26,275219.0469646968
2023-10-27,273842.0469646968
2023-10-30,273268.2969646968
2023-10-31,271559.7969646968
2023-11-01,273548.7969646968
2023-11-02,274084.2969646968
2023-11-03,274352.0469646968
2023-11-06,273383.0469646968
2023-11-07,273013.2969646968
2023-11-08,272783.7969646968
2023-11-09,271725.5469646968
2023-11-10,272720.0469646968
2023-11-13,272057.0469646968
2023-11-14,273013.2969646968
2023-11-15,270616.2969646968
2023-11-16,272182.7013373219
2023-11-17,271181.7013373219
2023-11-20,277292.2013373219
2023-11-21,274734.7013373219
2023-11-22,267336.64951599186
2023-11-24,270771.5495159919
2023-11-27,269117.1895159919
2023-11-28,271837.0695159919
2023-11-29,280235.0495159919
2023-11-30,276996.4295159919
2023-12-01,277643.998130922
2023-12-04,272981.15813092195
2023-12-05,274185.08813092194
2023-12-06,271375.91813092196
2023-12-07,268127.21813092194
2023-12-08,265585.58813092194
2023-12-11,273325.1381309219
2023-12-12,281294.008130922
2023-12-13,279822.53813092195
2023-12-14,279822.53813092195
2023-12-15,283529.8781309219
2023-12-18,283644.53813092195
2023-12-19,286855.01813092193
2023-12-20,279860.758130922
2023-12-21,280414.9481309219
2023-12-22,276134.3081309219
2023-12-26,277548.4481309219
2023-12-27,276076.9781309219
2023-12-28,277796.8781309219
2023-12-29,279631.438130922
2024-01-02,278351.0681309219
2024-01-03,284676.4781309219
2024-01-04,282364.16813092196
2024-01-05,280051.85813092196
2024-01-08,282001.078130922
2024-01-09,287600.3081309219
2024-01-10,285135.1181309219
2024-01-11,289224.65813092195
2024-01-12,284064.95813092194
2024-01-16,273611.78813092195
2024-01-17,271681.67813092197
2024-01-18,271509.688130922
2024-01-19,274529.0681309219
2024-01-22,270191.09813092195
2024-01-23,269292.92813092197
2024-01-24,276172.52813092194
2024-01-25,276038.758130922
2024-01-26,270955.498130922
2024-01-29,248749.67813092197
2024-01-30,236192.398137447
2024-01-31,229262.84813744697
2024-02-01,234642.05813744696
2024-02-02,237930.65813744697
2024-02-05,237085.01813744698
2024-02-06,236787.47813744697
2024-02-07,249057.08813744696
2024-02-08,253175.66813744698
2024-02-09,258108.56813744694
2024-02-12,251805.41813744698
2024-02-13,252705.86813744696
2024-02-14,262187.998137447
2024-02-15,259705.88813744698
2024-02-16,258030.26813744698
2024-02-20,253700.27813744696
2024-02-21,229153.22813744697
2024-02-22,238802.917235372
2024-02-23,237771.817235372
2024-02-26,236647.42723537202
2024-02-27,239254.63723537204
2024-02-28,235306.40960967203
2024-02-29,239682.389609672
2024-03-01,249246.729609672
2024-03-04,258179.889609672
2024-03-05,260387.509609672
2024-03-06,268650.259809672
2024-03-07,280636.60960967204
2024-03-08,265110.819809672
2024-03-11,259813.70960967202
2024-03-12,278353.48960967205
2024-03-13,275257.98960967205
2024-03-14,264254.490447642
2024-03-15,253850.73044764195
2024-03-18,258200.37044764197
2024-03-19,258039.57044764198
2024-03-20,262871.610447642
2024-03-21,264953.970447642
2024-03-22,263442.450447642
2024-03-25,261175.17044764195
2024-03-26,265396.170447642
2024-03-27,259157.13044764198
2024-03-28,257822.49044764196
2024-04-01,257018.49044764196
2024-04-02,256986.330447642
2024-04-03,257380.29044764198
2024-04-04,248656.89044764198
2024-04-05,253730.13044764198
2024-04-08,252307.050447642
2024-04-09,249927.21044764196
2024-04-10,251342.25044764194
2024-04-11,255579.330447642
2024-04-12,248544.330447642
2024-04-15,240866.13044764198
2024-04-16,240584.73044764195
2024-04-17,236194.89044764198
2024-04-18,236524.530447642
2024-04-19,227310.69044764197
2024-04-22,228311.07674992198
2024-04-23,228311.07674992198
2024-04-24,228311.07674992198
2024-04-25,228311.07674992198
2024-04-26,228311.07674992198
2024-04-29,228311.07674992198
2024-04-30,228311.07674992198
2024-05-01,228311.07674992198
2024-05-02,228311.07674992198
2024-05-03,228311.07674992198
2024-05-06,228311.07674992198
2024-05-07,225480.872932812
2024-05-08,225127.268032812
2024-05-09,220981.41803281198
2024-05-10,223797.608032812
2024-05-13,225094.898032812
2024-05-14,227477.852932812
2024-05-15,235630.08803281197
2024-05-16,234955.298032812
2024-05-17,230274.09803281198
2024-05-20,236003.58803281197
2024-05-21,237512.528032812
2024-05-22,236426.91293281197
2024-05-23,258460.898032812
2024-05-24,265109.198032812
2024-05-28,283614.878032812
2024-05-29,285915.638032812
2024-05-30,275146.388032812
2024-05-31,272987.55803281197
2024-06-03,286351.388032812
2024-06-04,289929.51803281193
2024-06-05,304876.988032812
2024-06-06,301286.408032812
2024-06-07,301012.50803281204
2024-06-10,303258.488032812
2024-06-11,301092.188032812
2024-06-12,311774.288032812
2024-06-13,322755.18803281203
2024-06-14,328407.488032812
2024-06-17,326166.48803281196
2024-06-18,337620.488032812
2024-06-20,325668.488032812
2024-06-21,315185.588032812
2024-06-24,294120.18803281203
2024-06-25,315680.3599490371
2024-06-26,323756.50994903705
2024-06-27,328108.9849490371
2024-06-28,321595.00994903705
2024-07-01,312182.6599490371
2024-07-02,321280.6099490371
2024-07-03,330673.3099490371
2024-07-05,356120.05994903704
2024-07-08,363017.20994903706
2024-07-09,358261.9099490371
2024-07-10,366475.6099490371
2024-07-11,340400.05994903704
2024-07-12,356100.4099490371
2024-07-15,348928.1599490371
2024-07-16,351364.7599490371
2024-07-17,317822.20994903706
2024-07-18,311200.1599490371
2024-07-19,321162.70994903706
2024-07-22,321457.45994903706
2024-07-23,337472.20994903706
2024-07-24,309922.9099490371
2024-07-25,293141.80994903704
2024-07-26,303381.4534022371
2024-07-29,303381.4534022371
2024-07-30,303381.4534022371
2024-07-31,303381.4534022371
2024-08-01,303381.4534022371
2024-08-02,303381.4534022371
2024-08-05,303381.4534022371
2024-08-06,303381.4534022371
2024-08-07,303381.4534022371
2024-08-08,303381.4534022371
2024-08-09,303381.4534022371
2024-08-12,303381.4534022371
2024-08-13,303381.4534022371
2024-08-14,303381.4534022371
2024-08-15,303381.4534022371
2024-08-16,303711.2874425171
2024-08-19,307356.96744251717
2024-08-20,299488.8737497172
2024-08-21,302430.1237497172
2024-08-22,291229.84374971717
2024-08-23,304477.2337497172
2024-08-26,297630.0037497172
2024-08-27,301959.5237497172
2024-08-28,295629.9537497172
2024-08-29,276758.8937497172
2024-08-30,280947.2337497172
2024-09-03,254193.6237497172
2024-09-04,242883.0309484122
2024-09-05,248130.27094841225
2024-09-06,240391.19094841223
2024-09-09,238019.1509484122
2024-09-10,238953.5909484122
2024-09-11,243505.99094841222
2024-09-12,250430.43094841222
2024-09-13,254168.19094841223
2024-09-16,252514.95094841224
2024-09-17,253641.07094841223
2024-09-18,258864.3509484122
2024-09-19,263943.8709484122
2024-09-20,281100.32847245224
2024-09-23,283458.60847245227
2024-09-24,279458.34847245226
2024-09-25,289784.08847245225
2024-09-26,283072.9084724522
2024-09-27,283326.3684724523
2024-09-30,286654.4084724522
2024-10-01,292814.58847245225
2024-10-02,292561.1284724523
2024-10-03,305774.10847245227
2024-10-04,314755.4084724522
2024-10-07,307085.48847245227
2024-10-08,308000.1484724522
2024-10-09,289144.9284724522
2024-10-10,289177.98847245227
2024-10-11,293486.8084724522
2024-10-14,299569.84847245226
2024-10-15,293409.6684724522
2024-10-16,308451.96847245225
2024-10-17,298974.7684724522
2024-10-18,297828.6884724522
2024-10-21,301751.8084724522
2024-10-22,293244.3684724523
2024-10-23,293299.46847245225
2024-10-24,291591.3684724523
2024-10-25,291492.1884724522
2024-10-28,294324.32847245224
2024-10-29,292142.3684724523
2024-10-30,289988.3946770623
2024-10-31,276305.8196770623
2024-11-01,281799.6596770623
2024-11-04,283152.3096770623
2024-11-05,291184.9696770623
2024-11-06,303046.6696770623
2024-11-07,309851.53967706225
2024-11-08,328168.7525884274
2024-11-11,357553.13258842734
2024-11-12,335591.4225884274
2024-11-13,337378.1725884274
2024-11-14,317917.91258842737
2024-11-15,327658.2525884274
2024-11-18,346056.6725884274
2024-11-19,368279.1649388674
2024-11-20,372897.54493886745
2024-11-21,364898.46493886743
2024-11-22,382168.6849388674
2024-11-25,366445.56493886735
2024-11-26,378111.8449388674
2024-11-27,376725.1849388674
2024-11-29,386110.9249388674
2024-12-02,390511.56493886735
2024-12-03,420261.7249388674
2024-12-04,428455.6249388674
2024-12-05,434609.64493886736
2024-12-06,460314.4249388674
2024-12-09,392746.2649388674
2024-12-10,368130.1849388674
2024-12-11,384400.6431732675
2024-12-12,378370.96317326755
2024-12-13,394760.48317326757
2024-12-16,418978.6431732675
2024-12-17,434202.0031732675
2024-12-18,398286.08317326754
2024-12-19,394706.2431732675
2024-12-20,381046.8031732675
2024-12-23,389670.96317326755
2024-12-24,418309.6831732675
2024-12-26,410942.08317326754
2024-12-27,390629.20317326754
2024-12-30,377747.20317326754
2024-12-31,365479.9231732675
2025-01-02,350768.6751504676
2025-01-03,350768.6751504676
2025-01-06,350768.6751504676
2025-01-07,350768.6751504676
2025-01-08,350768.6751504676
2025-01-10,350768.6751504676
2025-01-13,350768.6751504676
2025-01-14,350768.6751504676
2025-01-15,350768.6751504676
2025-01-16,350768.6751504676
2025-01-17,350768.6751504676
2025-01-21,350768.6751504676
2025-01-22,350768.6751504676
2025-01-23,356070.23851734767
2025-01-24,352893.3570542077
2025-01-27,337076.6370542077
2025-01-28,358478.3570542077
2025-01-29,356378.39705420774
2025-01-30,362901.6770542077
2025-01-31,368576.03705420764
2025-02-03,374161.03705420764
2025-02-04,463923.1570542077
2025-02-05,438071.4915798128
2025-02-06,452767.5315798128
2025-02-07,446929.5415798128
2025-02-10,457250.0615798128
2025-02-11,446370.7115798128
2025-02-12,452398.9415798128
2025-02-13,561014.0915798128
2025-02-14,606743.0315798128
2025-02-18,589942.4615798128
2025-02-19,587766.5915798128
2025-02-20,535260.3515798128
2025-02-21,494002.05157981283
2025-02-24,488223.5115798128
2025-02-25,448522.80157981283
2025-02-26,388212.8592143778
2025-02-27,388212.8592143778
2025-02-28,388212.8592143778
2025-03-03,388212.8592143778
2025-03-04,388212.8592143778
2025-03-05,388212.8592143778
2025-03-06,388212.8592143778
2025-03-07,388212.8592143778
2025-03-10,388212.8592143778
2025-03-11,388212.8592143778
2025-03-12,388212.8592143778
2025-03-13,388212.8592143778
2025-03-14,388212.8592143778
2025-03-17,388212.8592143778
2025-03-18,388212.8592143778
2025-03-19,388212.8592143778
2025-03-20,388212.8592143778
2025-03-21,388212.8592143778
2025-03-24,388212.8592143778
2025-03-25,388212.8592143778
2025-03-26,388212.8592143778
2025-03-27,388212.8592143778
2025-03-28,388212.8592143778
2025-03-31,388212.8592143778
2025-04-01,388212.8592143778
2025-04-02,388212.8592143778
2025-04-03,388212.8592143778
2025-04-04,388212.8592143778
2025-04-07,388212.8592143778
2025-04-08,388212.8592143778
2025-04-09,388212.8592143778
2025-04-10,388212.8592143778
2025-04-11,388212.8592143778
2025-04-14,388212.8592143778
2025-04-15,388212.8592143778
2025-04-16,388212.8592143778
2025-04-17,388212.8592143778
2025-04-21,388212.8592143778
2025-04-22,388212.8592143778
2025-04-23,388212.8592143778
2025-04-24,388212.8592143778
2025-04-25,388212.8592143778
2025-04-28,388652.76568206784
2025-04-29,393499.0356820678
2025-04-30,401497.0756820678
2025-05-01,393905.7156820678
2025-05-02,421288.8356820678
2025-05-05,419560.4456820678
2025-05-06,369030.4556820678
2025-05-07,374520.63568206783
2025-05-08,403903.26568206784
2025-05-09,397633.6156820678
2025-05-12,401564.8556820678
2025-05-13,434234.81568206777
2025-05-14,441283.9356820678
2025-05-15,434302.5956820678
2025-05-16,439047.19568206783
2025-05-19,428236.2856820678
2025-05-20,425728.4256820678
2025-05-21,408749.5356820678
2025-05-22,414544.7256820678
2025-05-23,418001.50568206783
2025-05-27,418272.6256820678
2025-05-28,419526.5556820678
2025-05-29,414646.3956820678
2025-05-30,446706.3356820678
2025-06-02,447587.4756820678
2025-06-03,451417.04568206775
2025-06-04,440707.80568206776
2025-06-05,406478.9056820678
2025-06-06,432946.9956820678
2025-06-09,447655.25568206783
2025-06-10,450197.00568206783
2025-06-11,462329.62568206777
2025-06-12,458262.8256820678
2025-06-13,465752.51568206784
2025-06-16,479342.4056820678
2025-06-17,468463.7156820678
2025-06-18,474428.3556820678
2025-06-20,465413.6156820678
2025-06-23,474292.79568206775
2025-06-24,485510.3856820678
2025-06-25,484392.01568206784
2025-06-26,488967.1656820678
2025-06-27,443181.77568206785
2025-06-30,462092.3956820678
2025-07-01,442978.4356820678
2025-07-02,447858.5956820678
2025-07-03,455449.95568206784
2025-07-07,471581.5956820678
2025-07-08,473581.1056820678
2025-07-09,485171.4856820678
2025-07-10,483036.4156820678
2025-07-11,481680.81568206777
2025-07-14,505573.26568206784
2025-07-15,503641.53568206786
2025-07-16,511537.9056820678
2025-07-17,521976.02568206785
2025-07-18,520383.19568206783
2025-07-21,514520.2256820678
2025-07-22,505302.1456820678
2025-07-23,524144.9856820678
2025-07-24,524924.4556820679
2025-07-25,538277.1156820678
2025-07-28,535159.2356820677
2025-07-29,529601.2756820677
2025-07-30,537633.2056820679
2025-07-31,536752.0656820678
2025-08-01,522924.94568206783
2025-08-04,544580.6556820679
2025-08-05,587315.9456820679
2025-08-06,608564.9756820677
2025-08-07,617579.7156820677
2025-08-08,633711.3556820678
2025-08-11,619206.4356820679
2025-08-12,633745.2456820677
2025-08-13,624933.8456820678
2025-08-14,613580.6956820679
2025-08-15,600533.0456820678
2025-08-18,589891.5856820678
2025-08-19,534718.6656820679
2025-08-20,511205.28219593794
2025-08-21,505778.88219593785
2025-08-22,515753.88219593785
2025-08-25,512402.28219593794
2025-08-26,512697.5421959379
2025-08-27,512011.2621959379
2025-08-28,516934.9221959379
2025-08-29,516982.8021959379
2025-09-02,510886.0821959379
2025-09-03,506497.0821959379
2025-09-04,511676.10219593794
2025-09-05,513711.0021959379
2025-09-08,521563.3221959379
2025-09-09,523773.78219593794
2025-09-10,541320.6888888879
2025-09-11,526768.528888888
2025-09-12,527119.8888888881
2025-09-15,539583.7355002756
2025-09-16,506034.0655002755
2025-09-17,498825.0455002755
2025-09-18,518511.2155002755
2025-09-19,535979.2255002754
2025-09-22,543742.7855002754
2025-09-23,542356.4355002756
2025-09-24,549565.4555002756
2025-09-25,548456.3755002755
2025-09-26,540970.0855002755
2025-09-29,523086.1705002755
2025-09-30,541524.6255002755
2025-10-01,545229.1955957605
2025-10-02,551417.8955957604
2025-10-03,510218.83559576044
2025-10-06,529256.4555957605
2025-10-07,537036.5355957604
2025-10-08,541132.8655957604
2025-10-09,546761.6355957604
2025-10-10,517203.22559576045
2025-10-13,522419.41559576045
2025-10-14,529875.3255957605
2025-10-15,529521.6855957605
2025-10-16,525101.1855957605
2025-10-17,525189.5955957605
2025-10-20,535327.2755957604
2025-10-21,535091.5155957604
2025-10-22,517350.5755957605
2025-10-23,532056.1055957604
2025-10-24,544286.1555957604
2025-10-27,557695.0055957604
2025-10-28,548963.3110230506
2025-10-29,562405.9510230505
2025-10-30,542220.7210230506
2025-10-31,544943.2810230505
2025-11-03,552451.5910230505
2025-11-04,532032.3910230505
2025-11-05,545389.9510230505
2025-11-06,505763.9410230505
2025-11-07,496915.6210230505
2025-11-10,519121.5010230505
2025-11-11,505381.0810230506
2025-11-12,550835.0710230506
2025-11-13,527586.9610230506
2025-11-14,525140.9110230505
2025-11-17,511762.0810230506
2025-11-18,490002.8710230505
2025-11-19,475666.8910230506
2025-11-20,491914.4694140006
2025-11-21,491914.4694140006
2025-11-24,491914.4694140006
2025-11-25,491914.4694140006
2025-11-26,491914.4694140006
2025-11-28,491914.4694140006
2025-12-01,491914.4694140006
2025-12-02,491914.4694140006
2025-12-03,491914.4694140006
2025-12-04,491914.4694140006
2025-12-05,491914.4694140006
2025-12-08,491914.4694140006
2025-12-09,491914.4694140006
2025-12-10,491914.4694140006
2025-12-11,491914.4694140006
2025-12-12,491914.4694140006
2025-12-15,491914.4694140006
2025-12-16,491914.4694140006
2025-12-17,491914.4694140006
2025-12-18,491914.4694140006
2025-12-19,491914.4694140006
2025-12-22,491914.4694140006
2025-12-23,491914.4694140006
2025-12-24,491914.4694140006
2025-12-26,491914.4694140006
2025-12-29,491914.4694140006
2025-12-30,491914.4694140006
2025-12-31,491914.4694140006
2026-01-02,491914.4694140006
2026-01-05,491914.4694140006
2026-01-06,491914.4694140006
2026-01-07,491914.4694140006
2026-01-08,491914.4694140006
2026-01-09,491914.4694140006
2026-01-12,491914.4694140006
2026-01-13,491914.4694140006
2026-01-14,491914.4694140006
2026-01-15,491914.4694140006
2026-01-16,491914.4694140006
2026-01-20,491914.4694140006
2026-01-21,491914.4694140006
2026-01-22,491914.4694140006
2026-01-23,491914.4694140006
2026-01-26,491914.4694140006
2026-01-27,491914.4694140006
2026-01-28,518878.9831903756
2026-01-29,516486.03319037566
2026-01-30,464212.1331903756
2026-02-02,501312.13319037564
2026-02-03,538430.6831903757
2026-02-04,499791.03319037566
2026-02-05,482687.9331903756
2026-02-06,524221.3831903756
2026-02-09,530546.9331903757
2026-02-10,487084.2831903756
2026-02-11,507823.1831903756
2026-02-12,527040.9831903756
2026-02-13,522366.3831903756
2026-02-17,527059.5331903757
2026-02-18,550154.2831903757
2026-02-19,528098.3331903756
2026-02-20,529675.0831903756
2026-02-23,520214.58319037565
2026-02-24,501942.8331903756
2026-02-25,539747.7331903756
2026-02-26,523609.2331903756
2026-02-27,518878.9831903756
2026-03-02,501033.8831903756
2026-03-03,464917.03319037566
2026-03-04,484746.9831903756
2026-03-05,480768.0081903756
2026-03-06,455206.1081903756
2026-03-09,486388.6581903756
2026-03-10,494105.45819037565
2026-03-11,498909.9081903756
2026-03-12,484756.25819037564
2026-03-13,505365.3081903756
2026-03-16,531186.9081903755
2026-03-17,582384.9081903757
2026-03-18,565856.8581903756
2026-03-19,588172.5081903756
2026-03-20,543967.8581903756
2026-03-23,547102.8081903757
2026-03-24,558715.1081903756
2026-03-25,549607.0581903756
2026-03-26,507331.6081903757
2026-03-27,511023.05819037557
2026-03-30,467115.2081903756
2026-03-31,502026.3081903756
2026-04-01,552556.5081903756
2026-04-02,547436.7081903757
2026-04-06,564465.6081903756
2026-04-07,578953.1581903755
2026-04-08,628704.2581903755
2026-04-09,627034.7581903756
2026-04-10,637330.0081903756
2026-04-13,649814.1581903757
2026-04-14,679605.4581903757
2026-04-15,677342.3581903756
2026-04-16,671202.3081903756
2026-04-17,691291.9581903756
2026-04-20,694241.4081903757
2026-04-21,712234.9081903757
2026-04-22,722047.8581903756
2026-04-23,748054.9581903756
2026-04-24,749687.3581903756
2026-04-27,743621.5081903756
2026-04-28,725553.8081903757
2026-04-29,765937.1581903755
2026-04-30,806301.9581903756
2026-05-01,800736.9581903756
2026-05-04,820845.1581903757
2026-05-05,863324.6581903755
2026-05-06,896510.6081903756
2026-05-07,860820.4081903757
2026-05-08,890667.3581903756
2026-05-11,898355.4605546407
2026-05-12,865896.7105546407
2026-05-13,907726.1605546407
2026-05-14,876543.1805546407
2026-05-15,818569.0305546407
2026-05-18,769886.5505546406
2026-05-19,789305.3505546406
2026-05-20,826844.6005546406
2026-05-21,860838.7905546407
2026-05-22,848306.8905546407
2026-05-26,1011876.4105546407
2026-05-27,1066331.8092223855
2026-05-28,1017095.9192223856
2026-05-29,1010411.4592223857
2026-06-01,1069508.6992223857
2026-06-02,1216129.8492223858
2026-06-03,1108481.6992223857
2026-06-04,1116843.1792223856
2026-06-05,1020686.1592223856
2026-06-08,1058171.0992223856
2026-06-09,971202.2592223856
2026-06-10,1008403.7592223856
2026-06-11,1051309.4892223857
2026-06-12,1089066.0592223855
2026-06-15,1131204.1392223856
2026-06-16,1034503.8592223857
2026-06-17,1028150.0792223857
2026-06-18,1004553.6992223857
2026-06-22,1056435.0292223855
2026-06-23,978477.2192223856
2026-06-24,995731.6292223856
2026-06-25,1018690.2692223857
2026-06-26,965557.0792223857
2026-06-29,1006207.0992223857
2026-06-30,1014072.5592223856
2026-07-01,946873.6592223856
2026-07-02,860849.6192223857
2026-07-06,856061.2659418856
2026-07-07,856061.2659418856
2026-07-08,856061.2659418856
2026-07-09,856061.2659418856
2026-07-10,856061.2659418856
2026-07-13,856061.2659418856
2026-07-14,856061.2659418856
2026-07-15,856061.2659418856
